{
"type": "FeatureCollection",
"name": "Central",
"crs": { "type": "name", "properties": { "name": "urn:ogc:def:crs:OGC:1.3:CRS84" } },
"features": [
{ "type": "Feature", "properties": { "region_id": "corp_GBA_Central", "name": "Central", "parent": "ulb_276600", "parent_name": "GBA" }, "geometry": { "type": "Polygon", "coordinates": [ [ [ 77.565922894672497, 12.9397573938422 ], [ 77.565907026723494, 12.939331797005799 ], [ 77.564477868181598, 12.939301816159301 ], [ 77.564338520001996, 12.9392986696138 ], [ 77.564029983294304, 12.9393017043458 ], [ 77.563973020103901, 12.9393045232292 ], [ 77.564044493524094, 12.939425786817999 ], [ 77.564203835292105, 12.939695256306599 ], [ 77.564289378069404, 12.939841226426299 ], [ 77.564401850230993, 12.940030975052199 ], [ 77.564978880940799, 12.941006676267699 ], [ 77.565031734849796, 12.941333658667499 ], [ 77.565098718895101, 12.9417474595224 ], [ 77.564345640072105, 12.941740188429 ], [ 77.564295535922298, 12.9417384227214 ], [ 77.564289218868893, 12.942190212664 ], [ 77.564285429212106, 12.9424951662035 ], [ 77.564284567498404, 12.942579873640399 ], [ 77.564282551946405, 12.9428893269972 ], [ 77.564282413288296, 12.9429175595403 ], [ 77.564281430944405, 12.9431174605499 ], [ 77.564279306089205, 12.943203306117899 ], [ 77.5642785785369, 12.943232679194701 ], [ 77.564271323721997, 12.943536537494801 ], [ 77.564270453598198, 12.943572684276701 ], [ 77.564268161473706, 12.943667750349301 ], [ 77.564263644384496, 12.943855081121001 ], [ 77.564263183318005, 12.9438663788514 ], [ 77.564263181956406, 12.943866425844501 ], [ 77.564256325852497, 12.944177014573 ], [ 77.564256101859101, 12.9441871752305 ], [ 77.564251250023602, 12.9443882418164 ], [ 77.564249238978306, 12.9444729605558 ], [ 77.564249774919901, 12.9446943018726 ], [ 77.564249782585804, 12.9447033363518 ], [ 77.564249823902898, 12.9447552846344 ], [ 77.564248883961994, 12.945226220036201 ], [ 77.564248781843602, 12.9452578401745 ], [ 77.564247926017103, 12.945526628392701 ], [ 77.5642449870234, 12.945745745252299 ], [ 77.564240049900505, 12.9461003567168 ], [ 77.5642386808927, 12.946198664328801 ], [ 77.564234730340303, 12.946487808928699 ], [ 77.564228726491095, 12.946632420873501 ], [ 77.564228067061194, 12.946648277584201 ], [ 77.564228066140203, 12.946648277593299 ], [ 77.564221295141706, 12.946806409166101 ], [ 77.564202081458603, 12.9471792735932 ], [ 77.564203452241202, 12.9472007171673 ], [ 77.564206916156095, 12.947277476781901 ], [ 77.564226529616207, 12.947712071628199 ], [ 77.564235736889003, 12.9482743819291 ], [ 77.564237122189894, 12.948353420630699 ], [ 77.564237566985, 12.9483968941342 ], [ 77.564238681900704, 12.948505863355299 ], [ 77.564239395224504, 12.948519407281101 ], [ 77.564111200750702, 12.9485940747439 ], [ 77.563992376311006, 12.9486279944669 ], [ 77.563930240801099, 12.9486319939393 ], [ 77.563909528963407, 12.948633327093599 ], [ 77.563823803358204, 12.948638688019701 ], [ 77.563792822234305, 12.9486491567811 ], [ 77.563757961727404, 12.948674344868699 ], [ 77.563658202929403, 12.9487148527472 ], [ 77.563440828508305, 12.948794914793501 ], [ 77.563205402673006, 12.9489112925247 ], [ 77.5629810508985, 12.949039061224401 ], [ 77.562967295583206, 12.949046895803299 ], [ 77.562826274334398, 12.949105878475001 ], [ 77.5627716327283, 12.949110933292401 ], [ 77.562679309117698, 12.9490903844145 ], [ 77.562600604855305, 12.949050503085999 ], [ 77.562520266951694, 12.9490196723614 ], [ 77.562400494298004, 12.948960996474201 ], [ 77.562354211296096, 12.9489388652923 ], [ 77.562304552868397, 12.948919398164801 ], [ 77.562191208077294, 12.9488749678872 ], [ 77.561634182714798, 12.9492384404295 ], [ 77.561495059557103, 12.949257877545501 ], [ 77.561495488968703, 12.9493561242688 ], [ 77.561603495262702, 12.949446537267701 ], [ 77.561735070273699, 12.949589796527601 ], [ 77.5618586992708, 12.949687961001001 ], [ 77.561877869902403, 12.9497047122839 ], [ 77.561903992708494, 12.9497259124773 ], [ 77.561934146012106, 12.949747073028901 ], [ 77.561970044308097, 12.9497670477546 ], [ 77.562120605637404, 12.9499089906999 ], [ 77.562214130312299, 12.9500469772582 ], [ 77.562272003243393, 12.950358100485101 ], [ 77.562285320933896, 12.9506470755351 ], [ 77.562285320966396, 12.950647075544801 ], [ 77.562292740210594, 12.950809623799801 ], [ 77.561896868559799, 12.9514504545033 ], [ 77.561820091635795, 12.9515991506704 ], [ 77.561820092566094, 12.9515991515647 ], [ 77.561793555284098, 12.951650232007299 ], [ 77.561791037967296, 12.952192330748201 ], [ 77.5617832583997, 12.9522759770042 ], [ 77.561762033915798, 12.952508825845801 ], [ 77.561758889042395, 12.952547376555099 ], [ 77.561691944566107, 12.953367798195201 ], [ 77.5616919435668, 12.9533677981472 ], [ 77.5616562294544, 12.9533658907961 ], [ 77.561201743751795, 12.9533421277433 ], [ 77.561024083580804, 12.9533653319597 ], [ 77.560762608998601, 12.953468412701101 ], [ 77.560593511118498, 12.953554107714901 ], [ 77.560480814248095, 12.953611219260299 ], [ 77.560356909645407, 12.9536553516613 ], [ 77.560257976411194, 12.9536642295402 ], [ 77.5601084771356, 12.9536826390471 ], [ 77.559811377280496, 12.9536799128726 ], [ 77.559660771518494, 12.9536463841758 ], [ 77.559504074580502, 12.953580164896 ], [ 77.559346721295, 12.953506046698401 ], [ 77.559131432679095, 12.953396359363699 ], [ 77.558807791765304, 12.9532188477035 ], [ 77.558616337337796, 12.9531879783099 ], [ 77.558477579585499, 12.953187082824 ], [ 77.558478109120699, 12.9531825603285 ], [ 77.558482195488295, 12.9531317006342 ], [ 77.557898220721199, 12.9531690578651 ], [ 77.557597310400396, 12.953187823626299 ], [ 77.556533542754195, 12.953260380927899 ], [ 77.556313947671399, 12.9529542307084 ], [ 77.555968673076507, 12.9524053793329 ], [ 77.555908066667598, 12.952277230988599 ], [ 77.555789801484096, 12.9520276812513 ], [ 77.555684575045305, 12.9517487421983 ], [ 77.555650156048898, 12.9516575033457 ], [ 77.555792297830095, 12.951595125055499 ], [ 77.555826135078107, 12.951582370450099 ], [ 77.556078619149304, 12.951500840066499 ], [ 77.556187948097005, 12.951438783594099 ], [ 77.556308168432693, 12.951372102894601 ], [ 77.556436793554795, 12.9513392194144 ], [ 77.556568354535102, 12.9513119536856 ], [ 77.556652757517398, 12.9512896680742 ], [ 77.556718670257993, 12.951260787982999 ], [ 77.556802278614498, 12.951217052956499 ], [ 77.556912724451394, 12.9512080635308 ], [ 77.556993316680504, 12.9512072723966 ], [ 77.557044584879904, 12.9512101570828 ], [ 77.557139856127606, 12.951180988686801 ], [ 77.557277955430806, 12.951061053833399 ], [ 77.557372442890696, 12.9509550990034 ], [ 77.557430468503, 12.9508867698442 ], [ 77.557496265765707, 12.9508465974803 ], [ 77.557587495669694, 12.9508163393081 ], [ 77.557613077539699, 12.9507844670491 ], [ 77.557626938161206, 12.950675915831599 ], [ 77.557641259807696, 12.950612533056001 ], [ 77.557647533151794, 12.950493892419001 ], [ 77.557665147372205, 12.950414666776901 ], [ 77.557745070792095, 12.950348381222099 ], [ 77.557844555616299, 12.9503372404504 ], [ 77.557972742550703, 12.950317912527 ], [ 77.558064237313204, 12.950313626079 ], [ 77.558078939244695, 12.9502875072544 ], [ 77.558072846973502, 12.950141884301001 ], [ 77.557837910216193, 12.9501374153439 ], [ 77.557828699721398, 12.950137505782999 ], [ 77.5575024981095, 12.9501034408881 ], [ 77.557391269731795, 12.950092110318201 ], [ 77.557173890175804, 12.950059235268 ], [ 77.556996300044105, 12.950032745410599 ], [ 77.556766520678707, 12.9499694999417 ], [ 77.5567642410969, 12.9499717809655 ], [ 77.556755709946799, 12.949982028622401 ], [ 77.556720905994197, 12.9500128619911 ], [ 77.556687909647906, 12.9500515828906 ], [ 77.556563890826894, 12.9501408874224 ], [ 77.556353730746395, 12.9502513651275 ], [ 77.556168968201902, 12.9503119031552 ], [ 77.556036739840394, 12.9503301405428 ], [ 77.555819981962003, 12.950358241850701 ], [ 77.555733218936993, 12.9503749036766 ], [ 77.555697021619693, 12.9503820347689 ], [ 77.5555757536671, 12.950402423051999 ], [ 77.555518383682099, 12.9504221844226 ], [ 77.555482220893694, 12.9504327031263 ], [ 77.554989008877001, 12.950562896442401 ], [ 77.554795737823596, 12.949788944768599 ], [ 77.554603998058994, 12.9498427741581 ], [ 77.554536335116595, 12.949982344873501 ], [ 77.554403380854097, 12.950211772652301 ], [ 77.554253605391494, 12.950541875439599 ], [ 77.553948125751404, 12.950733468322399 ], [ 77.5537555101224, 12.9507579433203 ], [ 77.553623396196002, 12.950787471703 ], [ 77.553534894254099, 12.9508030205659 ], [ 77.553446921926906, 12.950814046898699 ], [ 77.553426796859597, 12.950816502834099 ], [ 77.553358938079796, 12.9508239439885 ], [ 77.553290492126607, 12.950830261553699 ], [ 77.553197177743897, 12.950825529581101 ], [ 77.553128478655097, 12.9508070043746 ], [ 77.552945581234795, 12.950655208385299 ], [ 77.552766747679499, 12.950563226789599 ], [ 77.552726405040403, 12.950615571236 ], [ 77.552255981467198, 12.9512311475874 ], [ 77.552091213542298, 12.9514462051075 ], [ 77.5519587290391, 12.951608997153301 ], [ 77.551808053184999, 12.951794553958999 ], [ 77.551674428503503, 12.951958486420599 ], [ 77.551583460911402, 12.952071181154301 ], [ 77.551477194603294, 12.9519818758471 ], [ 77.551469825975801, 12.951993241320199 ], [ 77.551463044510001, 12.9520057303705 ], [ 77.551368911007401, 12.9520902228347 ], [ 77.551322443258002, 12.952106488620601 ], [ 77.551211593179502, 12.952132419671001 ], [ 77.551160865803595, 12.9521261405696 ], [ 77.551093260224704, 12.9521019575051 ], [ 77.550898226086503, 12.9520586945369 ], [ 77.550824817073703, 12.9520865173904 ], [ 77.550723384456802, 12.952132683941899 ], [ 77.550483954308604, 12.9521395459407 ], [ 77.549502663118602, 12.9522835435218 ], [ 77.549131438595793, 12.952351548892601 ], [ 77.549123344819904, 12.9523482401157 ], [ 77.549156819282302, 12.9526392798434 ], [ 77.549187093842605, 12.9528987296066 ], [ 77.549187703978006, 12.952902111626999 ], [ 77.549215203731407, 12.953171752507901 ], [ 77.549218347167098, 12.953202213669 ], [ 77.549237558209498, 12.9533883651927 ], [ 77.549242921919202, 12.953462848515899 ], [ 77.549263129680398, 12.9537370744486 ], [ 77.549263628801498, 12.953743849160499 ], [ 77.549264273414806, 12.9537506188345 ], [ 77.549274342581995, 12.9540046196616 ], [ 77.549288186501499, 12.954346671315101 ], [ 77.549294990020201, 12.954392907267399 ], [ 77.549346218185903, 12.9547312049318 ], [ 77.549581483424404, 12.954710832354399 ], [ 77.549567275560705, 12.9547290407434 ], [ 77.549460734061896, 12.9548583215535 ], [ 77.549307377566706, 12.955044409726399 ], [ 77.549215403710306, 12.955192122190301 ], [ 77.548969194594207, 12.955587540364199 ], [ 77.548467350901205, 12.9564552613529 ], [ 77.548405175641307, 12.956568803004201 ], [ 77.548375780549506, 12.956622169268799 ], [ 77.548068806753307, 12.9571774165883 ], [ 77.547913897446406, 12.9574567481119 ], [ 77.547727899931999, 12.957792850398 ], [ 77.547591090033194, 12.958040383446299 ], [ 77.547243975015306, 12.958668300404 ], [ 77.547237757394797, 12.9586796545589 ], [ 77.547122424841206, 12.9589058986137 ], [ 77.547083253066106, 12.9589802142705 ], [ 77.547081937722893, 12.9589827107364 ], [ 77.547081936298, 12.958982710780701 ], [ 77.547083253056897, 12.9589802133671 ], [ 77.546869914850703, 12.959364240726501 ], [ 77.546865281285903, 12.959372571743 ], [ 77.546631210370407, 12.9597934690189 ], [ 77.546626793009807, 12.959801412138701 ], [ 77.546622279420603, 12.959810490953 ], [ 77.546378569465205, 12.960280397889001 ], [ 77.546317923066198, 12.960397333169 ], [ 77.546290254245704, 12.960450682455599 ], [ 77.546257496118599, 12.960513116185 ], [ 77.546235480775593, 12.9605562461745 ], [ 77.546066831767405, 12.960843616996501 ], [ 77.545820092565094, 12.9612650128366 ], [ 77.545769729066805, 12.9613513347257 ], [ 77.545737984313007, 12.9614002065231 ], [ 77.545593465324004, 12.9616232908644 ], [ 77.545514121353705, 12.961745709572201 ], [ 77.545472131601301, 12.961810495826199 ], [ 77.545212761593305, 12.9621789362737 ], [ 77.545171333245705, 12.9622380667334 ], [ 77.545266653281303, 12.9623263519105 ], [ 77.545349158953897, 12.962400081031101 ], [ 77.545396260557197, 12.9624459230425 ], [ 77.545418629894698, 12.962468477949599 ], [ 77.545443960830994, 12.962494017853199 ], [ 77.545523852248394, 12.9625937471257 ], [ 77.545546371477798, 12.9626567695211 ], [ 77.545527706684894, 12.9626897027319 ], [ 77.545524596780993, 12.9626916105519 ], [ 77.545430436384706, 12.9627493793994 ], [ 77.545354466588194, 12.962808847719099 ], [ 77.545145948433202, 12.9629125269516 ], [ 77.544951592765599, 12.9629934808878 ], [ 77.544748854116094, 12.9630993620073 ], [ 77.544677626792506, 12.963152438754699 ], [ 77.5446014276108, 12.9632092195271 ], [ 77.544550084175697, 12.963312490899 ], [ 77.544423674727099, 12.9632809761329 ], [ 77.544208829018501, 12.9635552460415 ], [ 77.543930884198204, 12.9639091860631 ], [ 77.543864952929297, 12.963993401289001 ], [ 77.543904421455196, 12.964024636832001 ], [ 77.544353191642898, 12.964220141653399 ], [ 77.544634626868998, 12.964267765960701 ], [ 77.544634626869197, 12.9642677659246 ], [ 77.544715059081597, 12.964281376502401 ], [ 77.544769600585894, 12.9642906060174 ], [ 77.545375004168903, 12.964265379892099 ], [ 77.545690412555899, 12.9642522372546 ], [ 77.546000619598203, 12.964240167850599 ], [ 77.54637202104, 12.964300905896501 ], [ 77.547043918855195, 12.9645316057877 ], [ 77.547485212296607, 12.964683125723599 ], [ 77.547788712879694, 12.9647873333428 ], [ 77.548494727247004, 12.965140676351499 ], [ 77.548502975445402, 12.965146712927501 ], [ 77.548502975212102, 12.9651467132616 ], [ 77.548506908816805, 12.965149591691199 ], [ 77.548625717694307, 12.9652312305716 ], [ 77.548790461478603, 12.965344433706401 ], [ 77.548814787504995, 12.9653611489352 ], [ 77.548943149397303, 12.965466842750899 ], [ 77.549050433430907, 12.9655551814344 ], [ 77.549340568132905, 12.9657940779593 ], [ 77.550063127679806, 12.9663890304071 ], [ 77.550507230248996, 12.966952693743901 ], [ 77.550762440015902, 12.967276609352799 ], [ 77.550943905481901, 12.9675063370945 ], [ 77.551018573416897, 12.967601597879501 ], [ 77.551123281383695, 12.9677067280246 ], [ 77.551184833037695, 12.9677682646123 ], [ 77.551225076403597, 12.967808498691699 ], [ 77.551591981240193, 12.9680488353115 ], [ 77.551865910893, 12.968148917344999 ], [ 77.552072806132998, 12.9682248114456 ], [ 77.552149593067398, 12.9682455153955 ], [ 77.552646495714697, 12.968382675289501 ], [ 77.552777786301107, 12.9684189150104 ], [ 77.553165277991098, 12.9685285456023 ], [ 77.553491483393898, 12.9686208361871 ], [ 77.554057882392598, 12.968771975931199 ], [ 77.554418098930498, 12.9688680962705 ], [ 77.554485651868404, 12.9688866314784 ], [ 77.554496925626196, 12.9688889727672 ], [ 77.554501230367293, 12.9688898664816 ], [ 77.5555802474274, 12.9691762811582 ], [ 77.555662803300507, 12.969198056614999 ], [ 77.556112911072006, 12.9692975320855 ], [ 77.556534291711102, 12.9694029356536 ], [ 77.556863534812393, 12.9693940531177 ], [ 77.557113308065396, 12.9693836927171 ], [ 77.557157755770902, 12.970014547498 ], [ 77.557175528630395, 12.9702887983217 ], [ 77.557185868192207, 12.970286438028699 ], [ 77.557355929848001, 12.9702508864299 ], [ 77.557375457557498, 12.970246177150599 ], [ 77.557533495863396, 12.9709436597596 ], [ 77.557543075449601, 12.970985364968101 ], [ 77.557699000602597, 12.971875996693299 ], [ 77.557709387976402, 12.9719346193229 ], [ 77.557722396938502, 12.9719852919389 ], [ 77.557790940018506, 12.9722522862953 ], [ 77.557910884945301, 12.972720904807399 ], [ 77.557923115038506, 12.9727908025109 ], [ 77.557925161894403, 12.9728066471007 ], [ 77.557942497810998, 12.9729408117531 ], [ 77.557951031182498, 12.972987030040301 ], [ 77.557979000072294, 12.973019505293999 ], [ 77.557949878684198, 12.9737188422759 ], [ 77.557897109676105, 12.973738559798599 ], [ 77.558360651032402, 12.974531301309099 ], [ 77.558368286913193, 12.9745470412091 ], [ 77.558412998299005, 12.974639201196499 ], [ 77.558451239735504, 12.9747190068035 ], [ 77.558458296049494, 12.974751754567601 ], [ 77.558479649761395, 12.9748508579369 ], [ 77.558530512773899, 12.974976469305799 ], [ 77.558530513704298, 12.974976470200099 ], [ 77.558668672178101, 12.9753176674686 ], [ 77.558703257461502, 12.975546579434599 ], [ 77.558712107032605, 12.9757362183816 ], [ 77.558652557570298, 12.975734160859499 ], [ 77.558126915429298, 12.975716001936799 ], [ 77.557755993494496, 12.9757038404026 ], [ 77.557563014485794, 12.975694445415 ], [ 77.556757633893, 12.9756504171219 ], [ 77.556246733456007, 12.9756360882085 ], [ 77.556246732525594, 12.975636087314101 ], [ 77.555475594422106, 12.9756144583957 ], [ 77.554493491511195, 12.9755744183737 ], [ 77.554822411467995, 12.9762657214699 ], [ 77.555066400484094, 12.976815563584699 ], [ 77.5551624695741, 12.9770325790671 ], [ 77.555205776659605, 12.977101042232 ], [ 77.5554457567264, 12.9774837831071 ], [ 77.555918360481101, 12.9777546923314 ], [ 77.556195447996103, 12.9779371771188 ], [ 77.556356595088303, 12.978042878316799 ], [ 77.556655468218807, 12.978216113687401 ], [ 77.556891931192794, 12.9783109098758 ], [ 77.557034170647398, 12.978369364964401 ], [ 77.557353551050795, 12.978520940535301 ], [ 77.557581274402693, 12.9785969839707 ], [ 77.557636072196402, 12.9786152828501 ], [ 77.557861171529296, 12.978724871007801 ], [ 77.5580126229097, 12.9787832348359 ], [ 77.558118994740994, 12.978825102343199 ], [ 77.558283260297699, 12.978841554989099 ], [ 77.558436862428195, 12.9788287501119 ], [ 77.558559054071196, 12.9788410993685 ], [ 77.558568277172199, 12.9788421379145 ], [ 77.5586995647961, 12.978843104363801 ], [ 77.558843127473097, 12.9788620190605 ], [ 77.558939020849905, 12.978892696130901 ], [ 77.558955924812494, 12.9789128575147 ], [ 77.559019475965101, 12.978990155083499 ], [ 77.559111621171297, 12.9791609047851 ], [ 77.559194642597205, 12.979509047644701 ], [ 77.559181490873499, 12.979742946563 ], [ 77.559211065361495, 12.9798759152633 ], [ 77.559253141702598, 12.979936484328601 ], [ 77.559249250356004, 12.979950074491899 ], [ 77.559604661600602, 12.9800775761959 ], [ 77.559815908429997, 12.9801274446863 ], [ 77.560098085000703, 12.980187907610899 ], [ 77.560354134332101, 12.980227170480999 ], [ 77.560529237941694, 12.980289816870799 ], [ 77.560630729901106, 12.9803610935398 ], [ 77.560759581703095, 12.980461462927799 ], [ 77.560842008140199, 12.980582617380399 ], [ 77.560981696750702, 12.980953916520001 ], [ 77.560988321664695, 12.9810385502015 ], [ 77.561135468906599, 12.9815757856049 ], [ 77.561182249976895, 12.9817582743327 ], [ 77.561263522873602, 12.981822973940099 ], [ 77.5614788129798, 12.981873930224101 ], [ 77.561729129919101, 12.981915506521601 ], [ 77.5616521185989, 12.982322820350401 ], [ 77.561584267370606, 12.982661022646999 ], [ 77.561576521866797, 12.982699628639001 ], [ 77.561458318080994, 12.983020390944599 ], [ 77.561397935983905, 12.9834772309333 ], [ 77.561385845735003, 12.9837020845656 ], [ 77.5613726734789, 12.983933724776501 ], [ 77.561357474661705, 12.9840730708212 ], [ 77.561351093783301, 12.9841315682899 ], [ 77.561230598006105, 12.9844534825449 ], [ 77.561100794755603, 12.984709988022001 ], [ 77.561038655990203, 12.9848269203305 ], [ 77.561006440906098, 12.9848859624342 ], [ 77.560976491123697, 12.9851098628064 ], [ 77.560995837675506, 12.9855930207095 ], [ 77.561044682810405, 12.9858082392104 ], [ 77.5610435299849, 12.9858300509483 ], [ 77.561038413456203, 12.985926879505101 ], [ 77.560923740715296, 12.9861990463674 ], [ 77.560806365592597, 12.986544645600899 ], [ 77.560785393152401, 12.9866894051671 ], [ 77.560835141073298, 12.9867679671729 ], [ 77.560881353578793, 12.9868386587773 ], [ 77.561031155828701, 12.9869602779376 ], [ 77.561265762493207, 12.9870415348037 ], [ 77.561536606119702, 12.987119046198901 ], [ 77.561815981750001, 12.9871863092852 ], [ 77.561847832666203, 12.987204064306599 ], [ 77.561857808676194, 12.9872785009431 ], [ 77.561849638912406, 12.9873802201505 ], [ 77.561765876711505, 12.9875222109004 ], [ 77.561634428414393, 12.987653174474699 ], [ 77.561631932380706, 12.987655661903901 ], [ 77.561556528229403, 12.9877704665645 ], [ 77.561484738368094, 12.988069314501001 ], [ 77.561483103764203, 12.9880783651664 ], [ 77.561450067484003, 12.988281968240999 ], [ 77.561626325571893, 12.9882881355098 ], [ 77.561657415636006, 12.9882878289394 ], [ 77.561918837178297, 12.988288638942601 ], [ 77.561953945847904, 12.9882871633879 ], [ 77.561963146136407, 12.9882859433371 ], [ 77.562132943625798, 12.9882797514743 ], [ 77.562280851323194, 12.9882726460875 ], [ 77.562292930315394, 12.9882713976322 ], [ 77.562344148152803, 12.988268633818899 ], [ 77.562650925703593, 12.988256573223801 ], [ 77.562899495368299, 12.988239439941999 ], [ 77.563230925325101, 12.9882169716067 ], [ 77.563537103652095, 12.9882026572591 ], [ 77.563665505447503, 12.98820251948 ], [ 77.563679323226907, 12.9882023831194 ], [ 77.563702928599795, 12.9882021501684 ], [ 77.5639560806909, 12.988182712039499 ], [ 77.563961497839102, 12.988261710732999 ], [ 77.563989600677104, 12.988363071853501 ], [ 77.565104288815206, 12.9883012484873 ], [ 77.565110429152398, 12.9885067232998 ], [ 77.565110730606094, 12.9885360825291 ], [ 77.565781271445502, 12.9885102622099 ], [ 77.566255553983098, 12.9884931549068 ], [ 77.566604314435807, 12.988476891220801 ], [ 77.566808631458997, 12.9884673630043 ], [ 77.567234400490705, 12.9884360521994 ], [ 77.56731441654, 12.988434115862001 ], [ 77.567392129958805, 12.9884322347813 ], [ 77.567427814212095, 12.9884307527982 ], [ 77.567721290511599, 12.9884131710945 ], [ 77.567933011723895, 12.988396397231099 ], [ 77.567932115599504, 12.988421250983301 ], [ 77.567935874064602, 12.9886188436673 ], [ 77.567937942518697, 12.988708038974099 ], [ 77.567937610532397, 12.988731757836 ], [ 77.567931493235506, 12.988996685649299 ], [ 77.567925310519598, 12.989276485808301 ], [ 77.567920813680104, 12.989480008126799 ], [ 77.567916927786996, 12.9896558490011 ], [ 77.567914734164404, 12.989755141842201 ], [ 77.567908800503005, 12.9901301325094 ], [ 77.567904729079402, 12.9903607767206 ], [ 77.5679015227918, 12.990542403795899 ], [ 77.567891381771702, 12.9911715270042 ], [ 77.5678901224763, 12.9912257510057 ], [ 77.567854864038793, 12.9920527568627 ], [ 77.567843291598294, 12.9923272943839 ], [ 77.567820887864201, 12.9930604401374 ], [ 77.567810931497405, 12.9933801341998 ], [ 77.568329624846598, 12.9933693582262 ], [ 77.567732162477895, 12.9941194838662 ], [ 77.567496243842101, 12.9944154380577 ], [ 77.567186639389107, 12.9947786308853 ], [ 77.567178769656607, 12.9947878624544 ], [ 77.567019761887906, 12.9951158061032 ], [ 77.566869225546, 12.995358652139799 ], [ 77.566789225375402, 12.9954873707615 ], [ 77.566577386427298, 12.9958293883384 ], [ 77.566426154823404, 12.996073685750099 ], [ 77.566261901039695, 12.9963395688051 ], [ 77.566099984795699, 12.9966088166523 ], [ 77.566109830731804, 12.9966143659083 ], [ 77.566135844348807, 12.996624272620901 ], [ 77.566305779126793, 12.9966869638442 ], [ 77.566334717981604, 12.9967013588754 ], [ 77.566407635086506, 12.9967367761455 ], [ 77.566596180017896, 12.9968173522096 ], [ 77.566787185898704, 12.996857248491001 ], [ 77.566916190814595, 12.9968593609781 ], [ 77.567112466659594, 12.9968517737355 ], [ 77.567637047925103, 12.996796896445 ], [ 77.567775206804697, 12.9967932714122 ], [ 77.567964032428307, 12.9967891451612 ], [ 77.568142447902105, 12.9967806044982 ], [ 77.568492957017199, 12.9967647146649 ], [ 77.568532661107994, 12.9967620632397 ], [ 77.568728349213998, 12.9967533512963 ], [ 77.569429226405504, 12.996819821106399 ], [ 77.569523167940702, 12.996827925863 ], [ 77.570425461821301, 12.996826899338201 ], [ 77.571010090127501, 12.996843432894501 ], [ 77.571010091058, 12.996843433788699 ], [ 77.571442074961794, 12.9968558042794 ], [ 77.5714420749525, 12.996855803376 ], [ 77.571456474596104, 12.996856215470499 ], [ 77.571433118305706, 12.9976074379216 ], [ 77.571411989729995, 12.9982953969403 ], [ 77.571382782220397, 12.999231875112599 ], [ 77.571381690160507, 12.999266903570399 ], [ 77.571357038908204, 13.000618931624301 ], [ 77.571351148252703, 13.000997308754799 ], [ 77.571339902118893, 13.0016942042813 ], [ 77.571334240681495, 13.0018726913073 ], [ 77.571334240681495, 13.0018726913073 ], [ 77.571301712912103, 13.0028498664716 ], [ 77.5712950496102, 13.0033208546196 ], [ 77.571774819050006, 13.003330781363299 ], [ 77.572102253251103, 13.0033659326463 ], [ 77.572166233773899, 13.003372074334701 ], [ 77.572191595704496, 13.0030694678409 ], [ 77.572193186099, 13.0030504908454 ], [ 77.572213408088203, 13.0028092108977 ], [ 77.572213361529506, 13.0028046941234 ], [ 77.572256545852099, 13.0021899220315 ], [ 77.572277352770897, 13.001862216209901 ], [ 77.572277352770897, 13.001862216209901 ], [ 77.572558327710595, 13.0018594312209 ], [ 77.572579444473504, 13.0010032058759 ], [ 77.572593381266302, 13.0010032935973 ], [ 77.573136304115096, 13.001006694012601 ], [ 77.573207710091296, 13.001007141589 ], [ 77.573295790641893, 13.0010051390072 ], [ 77.573727545155904, 13.000994082103 ], [ 77.573775932765997, 13.000995860887301 ], [ 77.573798602394106, 13.0009606275412 ], [ 77.573832088612903, 13.0008575284633 ], [ 77.573853638946304, 13.000602091200101 ], [ 77.573854846055895, 13.0003841228275 ], [ 77.573879989439604, 13.0000304001587 ], [ 77.573886135815599, 12.9999017761 ], [ 77.573890408827296, 12.999812340432999 ], [ 77.573940082331504, 12.999380452289399 ], [ 77.573941129056394, 12.999370278139899 ], [ 77.573974744966407, 12.9989081889197 ], [ 77.573974919310601, 12.998905797575601 ], [ 77.573979513752903, 12.998904622710301 ], [ 77.574403930905405, 12.9989083190776 ], [ 77.574623894732198, 12.998908396119701 ], [ 77.575136943834707, 12.9989078242684 ], [ 77.575147883279897, 12.998907715745901 ], [ 77.575790536440394, 12.9989115033859 ], [ 77.575954651331401, 12.9989121334677 ], [ 77.576303643370494, 12.9989165751765 ], [ 77.576395212479596, 12.998917924968801 ], [ 77.576427058802395, 12.9989186704353 ], [ 77.576598525581304, 12.9989226828136 ], [ 77.576852435557996, 12.9989201623989 ], [ 77.576907144368803, 12.9989207486097 ], [ 77.576948650303507, 12.9989259261824 ], [ 77.576999394120307, 12.9989322551789 ], [ 77.577215311084899, 12.9989865768386 ], [ 77.577523030398694, 12.9990648314682 ], [ 77.577833791901199, 12.999158865751401 ], [ 77.577947484774, 12.999183710664701 ], [ 77.578081741726706, 12.999192541022801 ], [ 77.578226774817495, 12.9991854540157 ], [ 77.578335348416005, 12.999160660207901 ], [ 77.578432889242606, 12.999126941515 ], [ 77.5784119338159, 12.9988820906492 ], [ 77.578400520400905, 12.9987805666344 ], [ 77.5783884220386, 12.9987242215911 ], [ 77.578375064009506, 12.9985459241946 ], [ 77.578370657300098, 12.9983980291008 ], [ 77.578368724337395, 12.9983223849109 ], [ 77.578357062946097, 12.998085346825899 ], [ 77.578353013589506, 12.998027792523001 ], [ 77.578341028825704, 12.9978709382499 ], [ 77.578333762485698, 12.9977806660682 ], [ 77.578324477325395, 12.9976621813255 ], [ 77.578318662977907, 12.997548180230501 ], [ 77.578316426400804, 12.997504325804799 ], [ 77.579445539695101, 12.9974624358252 ], [ 77.579440665628994, 12.9973364088087 ], [ 77.579445447965597, 12.9973312234132 ], [ 77.580030231133307, 12.997290633561899 ], [ 77.5808386287068, 12.9972351704871 ], [ 77.580862549793693, 12.997260903900299 ], [ 77.580866039338005, 12.9972642571172 ], [ 77.581270730057994, 12.997699532182001 ], [ 77.581568867836793, 12.9980206772135 ], [ 77.581603798519097, 12.9980575968018 ], [ 77.581873588450506, 12.998310135845101 ], [ 77.58205790177, 12.998482215036599 ], [ 77.582084067763105, 12.9985067993998 ], [ 77.582998101409899, 12.9992509495628 ], [ 77.583156738541007, 12.9992787327516 ], [ 77.583407695560894, 12.9993247951464 ], [ 77.584186475987195, 12.999462722829101 ], [ 77.584187653796604, 12.999409634024101 ], [ 77.584163138810496, 12.9992664570357 ], [ 77.584172336324201, 12.9990980998325 ], [ 77.584243060882102, 12.998643417321 ], [ 77.5843055319353, 12.9980589475395 ], [ 77.584361286632003, 12.9978268860915 ], [ 77.585211150910297, 12.9977122701358 ], [ 77.585266353026498, 12.9977049446187 ], [ 77.585902468833893, 12.997634239082601 ], [ 77.5863290453362, 12.9975690075585 ], [ 77.586379065573695, 12.997561733439801 ], [ 77.586485275515798, 12.997531313538399 ], [ 77.586551793647104, 12.997504676956 ], [ 77.586580358944303, 12.9974829356921 ], [ 77.5868188795165, 12.997329233230399 ], [ 77.587311244943805, 12.9969448828701 ], [ 77.587511247767395, 12.996797210276799 ], [ 77.587996182575694, 12.9964739150544 ], [ 77.588008778817994, 12.996467013712801 ], [ 77.589094648472098, 12.995901703037999 ], [ 77.589124423378905, 12.9958855959802 ], [ 77.589491027554203, 12.9957012526309 ], [ 77.589516149589599, 12.9956806747592 ], [ 77.589550167352201, 12.995629517185399 ], [ 77.589679485320602, 12.995328964113099 ], [ 77.589679819863406, 12.9953289752314 ], [ 77.591431087567102, 12.995384892153201 ], [ 77.5914824385641, 12.9953871405315 ], [ 77.591746195705994, 12.995398686395299 ], [ 77.593462287714402, 12.9954730236519 ], [ 77.593950083554105, 12.995481702343 ], [ 77.594175599117705, 12.9954625098779 ], [ 77.594405532826002, 12.995425204410401 ], [ 77.594676027370994, 12.995357002556901 ], [ 77.595008491397607, 12.9952125186049 ], [ 77.596103416776103, 12.994690004811 ], [ 77.596119184846501, 12.9947113036741 ], [ 77.596197789980593, 12.994850549735 ], [ 77.596228514731905, 12.9949812401863 ], [ 77.596253776915404, 12.994974211852099 ], [ 77.596231075568895, 12.9950613941814 ], [ 77.596112445264893, 12.995558338734501 ], [ 77.595921714367705, 12.9964309285882 ], [ 77.595821846799893, 12.997071105456399 ], [ 77.5956590107089, 12.9977469199595 ], [ 77.595571704959198, 12.9980368948583 ], [ 77.595096298899506, 12.9996158755265 ], [ 77.594978466133398, 12.999968263014001 ], [ 77.594810952336303, 13.000471342867501 ], [ 77.594659042153694, 13.000979913183 ], [ 77.594475006514401, 13.001500097566399 ], [ 77.594382706467201, 13.001760757221 ], [ 77.594289512453898, 13.002101605486899 ], [ 77.594194861543897, 13.002413106747801 ], [ 77.594042832240802, 13.002910385353401 ], [ 77.593776175265205, 13.003736304284001 ], [ 77.593554521796705, 13.0044601371415 ], [ 77.593438834369607, 13.004963828267501 ], [ 77.5932629004934, 13.0056544547231 ], [ 77.593327857201203, 13.005588306549299 ], [ 77.593782980051799, 13.0065348824218 ], [ 77.593968205326206, 13.0069201154131 ], [ 77.594086294993303, 13.007201257412399 ], [ 77.594240872731206, 13.0075990108916 ], [ 77.594351415972298, 13.0078886029334 ], [ 77.594435900734496, 13.0080944182021 ], [ 77.594615774038402, 13.0088345630507 ], [ 77.594752360700994, 13.0092329655984 ], [ 77.5947786936363, 13.009218021405699 ], [ 77.594989380489906, 13.009100726134101 ], [ 77.594991742331601, 13.0091063489568 ], [ 77.595341319861404, 13.010051454977701 ], [ 77.595343244526404, 13.010073586964999 ], [ 77.5953511316267, 13.0101642857811 ], [ 77.595353481739494, 13.010168779424401 ], [ 77.595479389270807, 13.0104814620603 ], [ 77.595484700542997, 13.010493831096699 ], [ 77.595485887354798, 13.010497207089299 ], [ 77.595768055667605, 13.011217128496 ], [ 77.596241638933094, 13.011019279703801 ], [ 77.596775278581106, 13.0108377682112 ], [ 77.596817169266203, 13.0108237973235 ], [ 77.596860787278899, 13.0108098091348 ], [ 77.597249106514695, 13.0106082953195 ], [ 77.597265588227202, 13.010599348023201 ], [ 77.597838311030799, 13.010288452383399 ], [ 77.598156160983393, 13.010121521911801 ], [ 77.598340605526801, 13.0100326721382 ], [ 77.598934239683103, 13.0097467083989 ], [ 77.599132765864894, 13.009656942823 ], [ 77.599902260965393, 13.0093090077167 ], [ 77.600356005407406, 13.0090709474034 ], [ 77.600539534014601, 13.008974656747901 ], [ 77.600736111747395, 13.0088715199708 ], [ 77.601108691803802, 13.0086895675826 ], [ 77.601302723249404, 13.0085948099874 ], [ 77.601459119547101, 13.008517579479999 ], [ 77.601562137961196, 13.0084663491527 ], [ 77.601845930298893, 13.0083252187545 ], [ 77.602415590834596, 13.008041925432 ], [ 77.6026271765421, 13.0079367035872 ], [ 77.602906267195806, 13.0078017807796 ], [ 77.602994317208896, 13.0077592140705 ], [ 77.603528812533199, 13.007500818598601 ], [ 77.604158636532006, 13.007196334643099 ], [ 77.605043772824303, 13.006763967158699 ], [ 77.605236838515907, 13.0066694273315 ], [ 77.604940012893806, 13.0059812870958 ], [ 77.604704798912394, 13.0060649569552 ], [ 77.604607182685996, 13.005870571060701 ], [ 77.6044725037886, 13.0056008952049 ], [ 77.6043113737379, 13.005279537711999 ], [ 77.603989527547498, 13.0046763429413 ], [ 77.603796895429696, 13.0043157761098 ], [ 77.603787834815904, 13.004275212828199 ], [ 77.603805180214593, 13.0039509344401 ], [ 77.603808022019706, 13.0038921831873 ], [ 77.603855068045902, 13.003615081846799 ], [ 77.603869864154902, 13.003527933384699 ], [ 77.603765423292302, 13.0033415203127 ], [ 77.603716869556393, 13.003268604062599 ], [ 77.603603395612396, 13.0030969450378 ], [ 77.603495134886501, 13.002933172947801 ], [ 77.603298853394605, 13.002664113945601 ], [ 77.6031696794673, 13.002480207157999 ], [ 77.603036098542901, 13.002260207380999 ], [ 77.602882424177494, 13.0020080500554 ], [ 77.6027994184482, 13.0018718488632 ], [ 77.602586558295002, 13.0015589131872 ], [ 77.602435060695996, 13.001387651814801 ], [ 77.602384732971004, 13.0013565753391 ], [ 77.602332481171501, 13.0013243111643 ], [ 77.602239162018293, 13.001320729711599 ], [ 77.602105858000598, 13.0013480398115 ], [ 77.601776761321503, 13.001397332674699 ], [ 77.6015159939612, 13.0014363909906 ], [ 77.601590354882504, 13.0005051144277 ], [ 77.601701992907394, 13.0005536839586 ], [ 77.601849243411806, 12.9998757660275 ], [ 77.602395388014799, 12.9995156954531 ], [ 77.603775130051702, 12.999084023696399 ], [ 77.604275953558997, 12.9988508842755 ], [ 77.604296034011199, 12.998843907114599 ], [ 77.604357625598198, 12.998786825011299 ], [ 77.604363923467304, 12.9987833739753 ], [ 77.604598272711399, 12.998672611480201 ], [ 77.604750384311799, 12.998571708280799 ], [ 77.604783917352506, 12.9985295883288 ], [ 77.604799837924702, 12.9985102307649 ], [ 77.604868159871302, 12.9983808069325 ], [ 77.604925998873895, 12.998184860597 ], [ 77.604949919289993, 12.998104441478599 ], [ 77.604957156522204, 12.9980806539147 ], [ 77.605038929232606, 12.997860752470601 ], [ 77.605056412012203, 12.997825569265601 ], [ 77.605092941474396, 12.9977947120579 ], [ 77.605118611914506, 12.9977942421477 ], [ 77.605365820533905, 12.9977897149983 ], [ 77.605710726423098, 12.997789641111501 ], [ 77.605998997172506, 12.9977698082277 ], [ 77.606250514548805, 12.997759378272599 ], [ 77.606383206680405, 12.9977840195592 ], [ 77.606468253602202, 12.997822690531899 ], [ 77.606523562317605, 12.9978808578505 ], [ 77.606601602535605, 12.9984616542541 ], [ 77.606720529660706, 12.9992633791044 ], [ 77.606745821613401, 12.999424612342301 ], [ 77.606768053783, 12.9994582675122 ], [ 77.606809684466597, 12.9994747886438 ], [ 77.606851326947705, 12.9994924389304 ], [ 77.606937783360493, 12.9995006048803 ], [ 77.607085033075904, 12.999485574581501 ], [ 77.607371764603997, 12.999428489031301 ], [ 77.607627205089301, 12.999352519766299 ], [ 77.6082777650808, 12.9991223860121 ], [ 77.608769092628293, 12.9989729007502 ], [ 77.608644172075202, 12.998810410605699 ], [ 77.608284567175403, 12.9982855210897 ], [ 77.607910405194403, 12.9977449670979 ], [ 77.607389267123807, 12.9969122636523 ], [ 77.606991053830598, 12.9962759719422 ], [ 77.606549768737494, 12.995648004864 ], [ 77.606477563475195, 12.9955374186817 ], [ 77.605668530661404, 12.994298323363999 ], [ 77.605629355447505, 12.9942411230624 ], [ 77.605424137516593, 12.9943290077408 ], [ 77.605388547927902, 12.994339528383 ], [ 77.605255401311496, 12.9943815184853 ], [ 77.604963270450199, 12.9944725334149 ], [ 77.604651318333097, 12.994595366814499 ], [ 77.604407020178201, 12.9946904185144 ], [ 77.604190685624403, 12.994761474602001 ], [ 77.603731626304196, 12.994912885207301 ], [ 77.603695484331197, 12.9949256697514 ], [ 77.603271461899197, 12.995068823314099 ], [ 77.603137773925496, 12.99511420574 ], [ 77.602704221063703, 12.9952269633432 ], [ 77.602217276877596, 12.995354936101201 ], [ 77.602160983834295, 12.995367922413401 ], [ 77.6006760006197, 12.9957001301596 ], [ 77.600551511138406, 12.995688954925599 ], [ 77.600436368594899, 12.995657661001299 ], [ 77.600351140898098, 12.9956344974198 ], [ 77.599318928863894, 12.995321856916499 ], [ 77.598885348490597, 12.995211009749699 ], [ 77.598140833035103, 12.9949892151312 ], [ 77.597236697652903, 12.994700128138501 ], [ 77.597129821570505, 12.994666189173399 ], [ 77.596786492643503, 12.994596219117501 ], [ 77.5965769234748, 12.994542979667401 ], [ 77.596592482936899, 12.994442907789299 ], [ 77.596592574894899, 12.994442316354499 ], [ 77.598642207362303, 12.993647120508101 ], [ 77.599188992758002, 12.993459832807 ], [ 77.600572541610703, 12.9928982768868 ], [ 77.601264172402296, 12.992631614080899 ], [ 77.601820587897507, 12.992484879388901 ], [ 77.602395415019998, 12.992392164816 ], [ 77.602565138512404, 12.992379171150899 ], [ 77.602857329164394, 12.992404474951099 ], [ 77.603352319934999, 12.992496631884 ], [ 77.603665027323004, 12.9926120718055 ], [ 77.603797658899495, 12.992686404073099 ], [ 77.603871788315004, 12.9927274443257 ], [ 77.603879706130797, 12.992658478605099 ], [ 77.604253272509894, 12.992123124604401 ], [ 77.604275691833394, 12.992090995261799 ], [ 77.604338022641201, 12.992049715997799 ], [ 77.604522595526106, 12.991969944464101 ], [ 77.604552533529997, 12.991969644224501 ], [ 77.604570251651495, 12.991957044413301 ], [ 77.604630619654401, 12.991893199106601 ], [ 77.604692572198402, 12.991760451605 ], [ 77.604783511385307, 12.991646611200499 ], [ 77.604918943871894, 12.991437464718301 ], [ 77.604980791538097, 12.9913498895763 ], [ 77.605129228563499, 12.991062692063799 ], [ 77.6052083216087, 12.9908620156029 ], [ 77.605287214330204, 12.9906421433347 ], [ 77.605317006654303, 12.990462288484499 ], [ 77.605331959623797, 12.9902950045983 ], [ 77.6053632684836, 12.990150142316301 ], [ 77.605363833617602, 12.990150180915601 ], [ 77.605420888221303, 12.9901540814821 ], [ 77.605675394535893, 12.990154916300201 ], [ 77.605699575033498, 12.9901546737253 ], [ 77.606016752964706, 12.9901469745074 ], [ 77.606041497400099, 12.9901455969602 ], [ 77.606076040956594, 12.9901452503754 ], [ 77.606392784436295, 12.990151106447099 ], [ 77.606419878896006, 12.9901542224114 ], [ 77.606629150144101, 12.9901792251293 ], [ 77.606636070636597, 12.990180284960701 ], [ 77.606892305647904, 12.990236436038799 ], [ 77.606963355615804, 12.990258308568301 ], [ 77.607061558989301, 12.990288942786099 ], [ 77.607162065283703, 12.9903195538463 ], [ 77.607165674648002, 12.990389533076501 ], [ 77.607177842810898, 12.990617525816401 ], [ 77.607204690742194, 12.990983143538401 ], [ 77.607209194139003, 12.9910836043878 ], [ 77.607229194350396, 12.9915102720212 ], [ 77.607226696622902, 12.991657103686901 ], [ 77.607251022352699, 12.992322556429199 ], [ 77.607257403582594, 12.9925026272021 ], [ 77.607274293887201, 12.9930174099275 ], [ 77.607282874969101, 12.993071538311201 ], [ 77.6073100442037, 12.9932429072513 ], [ 77.607355509378706, 12.993406196543701 ], [ 77.607404120506899, 12.9934847581379 ], [ 77.607535953579898, 12.993537639880101 ], [ 77.607726872905801, 12.993514266374699 ], [ 77.608296048552901, 12.993487093692 ], [ 77.608496884856393, 12.9934760421127 ], [ 77.608683915330403, 12.993466258351599 ], [ 77.608815099731402, 12.9934570355089 ], [ 77.608891247442102, 12.993415616417099 ], [ 77.608951369002995, 12.993383392557901 ], [ 77.609168165128494, 12.9931914953684 ], [ 77.609485053088505, 12.992935352644 ], [ 77.609806005883996, 12.992682556632699 ], [ 77.610282869280496, 12.992307360448899 ], [ 77.610783973435005, 12.9919929009921 ], [ 77.611099121804102, 12.991790979691 ], [ 77.611158607874202, 12.9917531154353 ], [ 77.611451821733397, 12.991601102571799 ], [ 77.611772026338997, 12.99149737696 ], [ 77.612214907487598, 12.9913969342696 ], [ 77.612419862921001, 12.9913395381807 ], [ 77.612592683903401, 12.9912926286919 ], [ 77.613046496616406, 12.991081405615301 ], [ 77.613289691057602, 12.990936669901201 ], [ 77.613406429950103, 12.9908677386916 ], [ 77.613859054094206, 12.990653138578899 ], [ 77.613957499502206, 12.990596813307199 ], [ 77.613967192263004, 12.990587681550201 ], [ 77.614040763347504, 12.990520313830499 ], [ 77.614995580522304, 12.989931384295501 ], [ 77.615739607589802, 12.989502673231801 ], [ 77.615788248183804, 12.9894739515438 ], [ 77.616656296262306, 12.9890123697344 ], [ 77.617204581155605, 12.9886962958885 ], [ 77.617262302735, 12.988655060479701 ], [ 77.617300532719895, 12.9886219263641 ], [ 77.617951750736907, 12.9880309401362 ], [ 77.618227926928697, 12.9877803067195 ], [ 77.618230206120998, 12.9877780252032 ], [ 77.618276668388205, 12.987746417911399 ], [ 77.618518342628093, 12.987582015457299 ], [ 77.618780760904301, 12.987404333077199 ], [ 77.619078987072996, 12.9871822478938 ], [ 77.619306630488097, 12.9872025382851 ], [ 77.619430012922507, 12.9879872674697 ], [ 77.619475035509893, 12.988272519241701 ], [ 77.619495995097196, 12.9884044326819 ], [ 77.619512686498794, 12.9887882167389 ], [ 77.619547801464606, 12.9896111016341 ], [ 77.619554424767003, 12.989858345311699 ], [ 77.619550760922394, 12.989908852569799 ], [ 77.619510155966907, 12.9904685984122 ], [ 77.619478850124807, 12.990832539585 ], [ 77.619397273328502, 12.9913991273867 ], [ 77.619358312715306, 12.991692001669801 ], [ 77.619202548367397, 12.992102368966499 ], [ 77.618876316633006, 12.9927380575323 ], [ 77.618861173792993, 12.992767564986799 ], [ 77.618751403739793, 12.992969696813599 ], [ 77.618706396826497, 12.993052573074101 ], [ 77.618272506679901, 12.9939005145648 ], [ 77.617990064212705, 12.9944205691202 ], [ 77.617634826737799, 12.995027182176299 ], [ 77.617598630967905, 12.995089657082399 ], [ 77.617427817102794, 12.995273191997599 ], [ 77.617345259149502, 12.9953621075275 ], [ 77.616996180631702, 12.995567766108 ], [ 77.616911670353403, 12.995635245028501 ], [ 77.616780435073196, 12.9957494950668 ], [ 77.6168315138748, 12.9957885048247 ], [ 77.617009638814906, 12.996247452935201 ], [ 77.617211445050003, 12.996768272077199 ], [ 77.617371214785706, 12.997178845972799 ], [ 77.617394307816696, 12.9972395938809 ], [ 77.617509133843399, 12.9974823590751 ], [ 77.617542927372199, 12.997554244816 ], [ 77.617750597475805, 12.9979960018832 ], [ 77.617752947794699, 12.9980004952725 ], [ 77.617816157770307, 12.998098104554099 ], [ 77.617936150014401, 12.9982843536872 ], [ 77.618001997448005, 12.9983040165124 ], [ 77.618386017504506, 12.9984650170106 ], [ 77.618397003931307, 12.9984694232802 ], [ 77.618854077000805, 12.998678244773 ], [ 77.618976529549798, 12.998769609606599 ], [ 77.619119410407905, 12.9989420757797 ], [ 77.619227711493906, 12.9991115029528 ], [ 77.619340398411694, 12.999314763927099 ], [ 77.619412797525598, 12.9994100213677 ], [ 77.619427297703695, 12.9994200384787 ], [ 77.619897191766896, 12.999752948028499 ], [ 77.6199540411491, 12.9997930279496 ], [ 77.620111757125599, 12.9998975873667 ], [ 77.620182708872306, 12.999964627356601 ], [ 77.620268527262894, 12.9998880845547 ], [ 77.621741201074499, 12.998574569465699 ], [ 77.622291870873099, 12.998089380581799 ], [ 77.623163498874703, 12.99732139356 ], [ 77.624153282568898, 12.9964441131995 ], [ 77.624616681629306, 12.996049831830501 ], [ 77.625034927747805, 12.995799494643601 ], [ 77.625050402529695, 12.995790232682101 ], [ 77.6254255761406, 12.9955481639882 ], [ 77.626231897833605, 12.9951854198993 ], [ 77.626951929888094, 12.9949398610507 ], [ 77.627136658498202, 12.9948901256497 ], [ 77.627675373535595, 12.994745082832701 ], [ 77.629154605735906, 12.994474895353999 ], [ 77.629151334764103, 12.9944376627819 ], [ 77.629133682556699, 12.9944017050878 ], [ 77.6290801689604, 12.9943503008052 ], [ 77.628891886526702, 12.9941862053576 ], [ 77.629097795604906, 12.994274461682201 ], [ 77.630339183862702, 12.994055234526201 ], [ 77.630602437063601, 12.9940119142725 ], [ 77.631607159134703, 12.993845895717101 ], [ 77.631874969821396, 12.993798011016001 ], [ 77.631912896093695, 12.993790851046199 ], [ 77.632579150631301, 12.9936339056426 ], [ 77.632957741594794, 12.9935532774906 ], [ 77.634115377847294, 12.993310038940701 ], [ 77.634468655609197, 12.993286128479699 ], [ 77.634542720978502, 12.9932661796659 ], [ 77.634818304045893, 12.9931911110667 ], [ 77.636326455951902, 12.992881068198299 ], [ 77.637340031059196, 12.9926821905701 ], [ 77.637369609230802, 12.9928659590349 ], [ 77.637405021520195, 12.9931659816761 ], [ 77.637413892505194, 12.9932426810356 ], [ 77.637439801901294, 12.993406160106201 ], [ 77.637471390451907, 12.9936712145809 ], [ 77.637889604486304, 12.993635347292701 ], [ 77.637954094921497, 12.993796870515901 ], [ 77.637962350348104, 12.9938175477995 ], [ 77.638056806138295, 12.9942016645499 ], [ 77.637901131808903, 12.9942359945207 ], [ 77.637919523541996, 12.994777850655799 ], [ 77.637939055568097, 12.995100619481001 ], [ 77.638195318973501, 12.9950734811075 ], [ 77.638705717894695, 12.995019427617001 ], [ 77.638878410630397, 12.995015414027399 ], [ 77.639027835774399, 12.9949890517094 ], [ 77.639034934769896, 12.9949880752482 ], [ 77.639196295491601, 12.994965883599299 ], [ 77.639372299216106, 12.9949482849739 ], [ 77.639407037794996, 12.9949479318469 ], [ 77.639471899044906, 12.9949472725025 ], [ 77.639541525537993, 12.9949431769346 ], [ 77.639722208220405, 12.994925839477 ], [ 77.639883769380106, 12.9949103368909 ], [ 77.639886294994298, 12.9949104675014 ], [ 77.640047957376098, 12.9949188308054 ], [ 77.640315179456493, 12.9948867511948 ], [ 77.640448769292703, 12.994870714216599 ], [ 77.640659469450696, 12.9956838927733 ], [ 77.6411775360843, 12.995398568299001 ], [ 77.641231546427207, 12.995387855592901 ], [ 77.641324340653, 12.9957776332616 ], [ 77.642369384222505, 12.9957771628542 ], [ 77.642718617031406, 12.9958029237361 ], [ 77.642718617040899, 12.995802924639399 ], [ 77.642719159158204, 12.995802964291499 ], [ 77.6427066605997, 12.995818901041099 ], [ 77.642682922487893, 12.9958609249943 ], [ 77.642149797639703, 12.996627467186901 ], [ 77.642102728605707, 12.996695701367599 ], [ 77.641310940122494, 12.9978307529161 ], [ 77.640962041335399, 12.998323269396399 ], [ 77.6407495944121, 12.9986517849915 ], [ 77.640696347858807, 12.9987347621897 ], [ 77.640652925439099, 12.998821027203601 ], [ 77.640579682636002, 12.998918888109101 ], [ 77.6405277546706, 12.999017661430599 ], [ 77.640492979140404, 12.9991049677273 ], [ 77.6404691911779, 12.9991966792675 ], [ 77.640431559926299, 12.9992862731209 ], [ 77.640078727775801, 12.999951604936699 ], [ 77.640065172952902, 12.999976586399599 ], [ 77.639654112372497, 13.0007441431493 ], [ 77.639469118263307, 13.001055440297799 ], [ 77.639244494382694, 13.001376174442299 ], [ 77.639192879466293, 13.001450100883501 ], [ 77.639049992573803, 13.0016051325471 ], [ 77.638959466232507, 13.0017020397386 ], [ 77.638908294645205, 13.001763539837301 ], [ 77.638868335752306, 13.0018508987801 ], [ 77.638801867313902, 13.0019904730026 ], [ 77.638747370842196, 13.002118632939499 ], [ 77.638675695838899, 13.0022560015833 ], [ 77.638605851083696, 13.002511923396201 ], [ 77.638593793737499, 13.002569638002001 ], [ 77.638565675375901, 13.002633162187401 ], [ 77.638526439775305, 13.0026798605804 ], [ 77.638445749043299, 13.0027269804594 ], [ 77.637702365285193, 13.0031060627486 ], [ 77.637436629683805, 13.003242015941501 ], [ 77.637214411463702, 13.003354941525499 ], [ 77.636737802263994, 13.0036420990011 ], [ 77.636586184008394, 13.003733980137699 ], [ 77.6365060572207, 13.003779964550001 ], [ 77.636439676655499, 13.003819033736001 ], [ 77.636423076466301, 13.0038282364533 ], [ 77.636339025861602, 13.003884424003401 ], [ 77.636350741411405, 13.0039577066684 ], [ 77.636650748561706, 13.004231326259299 ], [ 77.636706566028593, 13.0042782474661 ], [ 77.636832590439994, 13.004384186549 ], [ 77.637140754525703, 13.004666756530099 ], [ 77.637254036494099, 13.004815796200999 ], [ 77.637330474617201, 13.004911006015501 ], [ 77.637412692289104, 13.005008415559301 ], [ 77.637448171800003, 13.005041932585399 ], [ 77.637452260783107, 13.005047537299699 ], [ 77.637458089861795, 13.005054253581401 ], [ 77.637593492979093, 13.0051714490048 ], [ 77.638007082839806, 13.0054043878485 ], [ 77.638067893479402, 13.005437647207099 ], [ 77.638311220149106, 13.0054148464049 ], [ 77.638463157427594, 13.005407655078001 ], [ 77.638541458896299, 13.005406858795199 ], [ 77.638634176974605, 13.0054081743826 ], [ 77.638819937427698, 13.0054412920361 ], [ 77.639200346365101, 13.005531150847199 ], [ 77.639700337018894, 13.0057123912504 ], [ 77.640110574622, 13.0058459859907 ], [ 77.640674008911006, 13.005982537783201 ], [ 77.6410177753216, 13.006037759764199 ], [ 77.641094493959201, 13.006050529820101 ], [ 77.641637935878293, 13.006093554905499 ], [ 77.641945180194995, 13.006125433161101 ], [ 77.642277204597605, 13.0061593171677 ], [ 77.642302573303795, 13.006162446552599 ], [ 77.642711795520697, 13.0062000607419 ], [ 77.642852528736, 13.0062223414348 ], [ 77.643157611822602, 13.006267791221701 ], [ 77.643177799742105, 13.006270973298699 ], [ 77.643363477062806, 13.006296183550599 ], [ 77.643463716667299, 13.0063008084581 ], [ 77.643541477328796, 13.006303403875901 ], [ 77.644145373420898, 13.0063458075042 ], [ 77.644233535232104, 13.006351684452699 ], [ 77.6443887106592, 13.0063695510255 ], [ 77.644444186049, 13.0063759383217 ], [ 77.644444185826202, 13.006375937509301 ], [ 77.644548886058203, 13.0063879929683 ], [ 77.644764358523005, 13.0063993474567 ], [ 77.644861107699697, 13.0064006196438 ], [ 77.644971686731296, 13.006402880047 ], [ 77.645112780257406, 13.006404829288 ], [ 77.645193948370306, 13.0064028724608 ], [ 77.645474864130307, 13.006395491093899 ], [ 77.645527784781606, 13.0063904344557 ], [ 77.645792570650102, 13.0069252566987 ], [ 77.645845142332803, 13.0069958632072 ], [ 77.646070074588806, 13.007301853914001 ], [ 77.646096342543103, 13.007335463436499 ], [ 77.646178109813405, 13.007389962561801 ], [ 77.6462417893772, 13.0074220611949 ], [ 77.646288664475094, 13.007444167996301 ], [ 77.646350448373795, 13.00751468038 ], [ 77.646378419671393, 13.007546013989399 ], [ 77.646485002705504, 13.0077143139093 ], [ 77.646548237743104, 13.007813042622701 ], [ 77.646624583250102, 13.0078992158207 ], [ 77.646704443208094, 13.0079909993685 ], [ 77.647495199017698, 13.0076928941826 ], [ 77.647849752889101, 13.007559231324599 ], [ 77.647981287217206, 13.007528528284499 ], [ 77.647981994441295, 13.007595146640201 ], [ 77.6483969153565, 13.007581465927601 ], [ 77.648568536323594, 13.0075756078128 ], [ 77.648615147801294, 13.0075728734178 ], [ 77.648857956862997, 13.0075557140061 ], [ 77.648969015920699, 13.007548933728501 ], [ 77.649071378812906, 13.0075365959772 ], [ 77.649303704368407, 13.0075082507547 ], [ 77.6495090057618, 13.0074835690816 ], [ 77.649573441307496, 13.007478393981501 ], [ 77.649678155054005, 13.0074705489724 ], [ 77.649736773154999, 13.0074597870247 ], [ 77.649953961082304, 13.0073615826485 ], [ 77.650042625787606, 13.0073064731399 ], [ 77.6502268280165, 13.007192796103899 ], [ 77.650384114041998, 13.007092944899201 ], [ 77.650461335638994, 13.007044727659199 ], [ 77.650634334523602, 13.006960525229401 ], [ 77.650740990950297, 13.006918782642099 ], [ 77.650844768615201, 13.006877069432999 ], [ 77.650864271906102, 13.0068700946763 ], [ 77.6509698847496, 13.0068385258735 ], [ 77.651088355917295, 13.0068248935452 ], [ 77.6511056042212, 13.006822458794099 ], [ 77.651188343269297, 13.0068058038377 ], [ 77.651264185382402, 13.006790348586 ], [ 77.651323918671906, 13.0067761871898 ], [ 77.651388809637794, 13.006759714580101 ], [ 77.651465695183106, 13.0067340854121 ], [ 77.651568297107502, 13.006690125476499 ], [ 77.651473697854996, 13.0065014841069 ], [ 77.651261806677297, 13.006078948923101 ], [ 77.651831430328897, 13.0059850461769 ], [ 77.652876434320603, 13.0058151394751 ], [ 77.653174910668298, 13.0060514867995 ], [ 77.6533508733242, 13.006191971828001 ], [ 77.6534646793787, 13.0062811472778 ], [ 77.653525096936093, 13.0063313452439 ], [ 77.6536728253527, 13.0064517427131 ], [ 77.653855600628802, 13.006601241230999 ], [ 77.654085612598607, 13.0067886008668 ], [ 77.654217903938303, 13.0069374365888 ], [ 77.654621172189394, 13.007389523942701 ], [ 77.654973163516402, 13.007784543899399 ], [ 77.655013358580106, 13.007828172916399 ], [ 77.655587126313605, 13.008447899151699 ], [ 77.655852651898201, 13.008720679202799 ], [ 77.656079065937902, 13.008953278995101 ], [ 77.656101184786195, 13.0089756373042 ], [ 77.656202950485394, 13.0090694513764 ], [ 77.657495698809697, 13.009993478231101 ], [ 77.657592384772101, 13.0100629412253 ], [ 77.658131076941601, 13.0104499550635 ], [ 77.658454176255603, 13.010672491082399 ], [ 77.6589053091474, 13.010914040271899 ], [ 77.659360426120003, 13.011140607394999 ], [ 77.6595142968132, 13.011217207081501 ], [ 77.660024468714496, 13.011433305281001 ], [ 77.660858996084997, 13.011719474868499 ], [ 77.661684864536795, 13.0120034718085 ], [ 77.661797642123801, 13.0120497421438 ], [ 77.662297616062105, 13.012389026448201 ], [ 77.6623398608141, 13.0117076641253 ], [ 77.662450982626098, 13.0104124202014 ], [ 77.6624596128147, 13.010343339874 ], [ 77.662474853910794, 13.0102213344568 ], [ 77.662504491809003, 13.009977115479201 ], [ 77.662521439751202, 13.0095150844425 ], [ 77.662532027034899, 13.009212340814701 ], [ 77.662562245582194, 13.008375267565199 ], [ 77.662568941088594, 13.008193392016899 ], [ 77.662602563843294, 13.007998818494 ], [ 77.662664892798404, 13.007634565089701 ], [ 77.662725171837707, 13.0072940466688 ], [ 77.662956011190602, 13.0059941864713 ], [ 77.663036673229797, 13.0055134337723 ], [ 77.663127647328196, 13.004973855042801 ], [ 77.663188833408498, 13.004556539426099 ], [ 77.663246268329999, 13.003733867083 ], [ 77.663304291195999, 13.0029123179562 ], [ 77.663297277298099, 13.002255175344301 ], [ 77.663322582302001, 13.001912123344299 ], [ 77.663592042652496, 12.9982591764372 ], [ 77.663866542351997, 12.9978136996976 ], [ 77.664070305814903, 12.9974841306665 ], [ 77.663844942605294, 12.9973543228705 ], [ 77.6632551458557, 12.997021760974601 ], [ 77.662790684155198, 12.9967598686271 ], [ 77.662793847687794, 12.996754770880401 ], [ 77.662833703816403, 12.996690544012401 ], [ 77.663205771593496, 12.9961616330902 ], [ 77.663535830072504, 12.995527004789601 ], [ 77.663540351445604, 12.995519053760701 ], [ 77.664135421805099, 12.994521480438101 ], [ 77.664160331338195, 12.9944817016464 ], [ 77.664164289015503, 12.994474885631501 ], [ 77.664997081311299, 12.9931473942667 ], [ 77.665531872427195, 12.9923830603844 ], [ 77.666259722490196, 12.9915817377802 ], [ 77.666906997227898, 12.991053386368399 ], [ 77.667871572060903, 12.990476605483799 ], [ 77.668363716857897, 12.990194888111301 ], [ 77.668212609089693, 12.9900089880528 ], [ 77.6682547161153, 12.9899622570028 ], [ 77.668163616902604, 12.989842365069901 ], [ 77.668055684290593, 12.9898175014575 ], [ 77.667961703610104, 12.9897840376166 ], [ 77.667889232508102, 12.989758232691999 ], [ 77.667885190574495, 12.9897571449764 ], [ 77.667628812383299, 12.9895260271811 ], [ 77.667609527841805, 12.9894506507064 ], [ 77.667410107796798, 12.9886711859847 ], [ 77.667366090011598, 12.9879997447725 ], [ 77.667379616946803, 12.987916218845999 ], [ 77.667492483427395, 12.987219276681 ], [ 77.667526007480703, 12.985937253815701 ], [ 77.667816666430895, 12.9858744201089 ], [ 77.667950614731694, 12.9855320166008 ], [ 77.667973208172, 12.985491132247599 ], [ 77.668195215240502, 12.9856311356654 ], [ 77.668264180132098, 12.9856733382257 ], [ 77.668353954173497, 12.9857232316715 ], [ 77.668712197592598, 12.985896841514499 ], [ 77.668884044977801, 12.985976380937499 ], [ 77.669479770393195, 12.986121577620199 ], [ 77.669795645044104, 12.986155596473001 ], [ 77.670451671118897, 12.986070937409799 ], [ 77.670814961844599, 12.9860163877257 ], [ 77.671282950980597, 12.985899782731099 ], [ 77.671353385312202, 12.9860255322063 ], [ 77.671712231390302, 12.985878430245799 ], [ 77.672138942898101, 12.985993740130199 ], [ 77.6729328901597, 12.9863695106345 ], [ 77.673367211089499, 12.9863887556123 ], [ 77.674538094431796, 12.9863733078551 ], [ 77.674924392102199, 12.9863682106279 ], [ 77.675330263143096, 12.986096404944799 ], [ 77.675790211203903, 12.985820654177299 ], [ 77.676456690297698, 12.9854761510489 ], [ 77.676461838073806, 12.985472724799701 ], [ 77.676925459530594, 12.9851641726413 ], [ 77.6773673640824, 12.984870538005501 ], [ 77.677496911346694, 12.984817258769001 ], [ 77.677608709250606, 12.9847731961805 ], [ 77.677660193790999, 12.984742176571199 ], [ 77.677719157070598, 12.984656877133199 ], [ 77.677809538807495, 12.9846559456874 ], [ 77.677872130607895, 12.984640620708101 ], [ 77.678026704990501, 12.9845588527239 ], [ 77.678241901909004, 12.984439195436799 ], [ 77.678356754172, 12.9843578367249 ], [ 77.678472097317695, 12.9842685683521 ], [ 77.678590992867996, 12.9840810209013 ], [ 77.678814616946795, 12.9840493557887 ], [ 77.678954313014302, 12.9840298480174 ], [ 77.679067873556406, 12.983989154405499 ], [ 77.679144530760595, 12.9839442818944 ], [ 77.679704104176906, 12.983616725916701 ], [ 77.679713436074493, 12.9836279219057 ], [ 77.679799363787595, 12.9835875129881 ], [ 77.679841758009701, 12.983567879006101 ], [ 77.680013977608596, 12.9834136578854 ], [ 77.680240075816698, 12.983075947027499 ], [ 77.680247438500601, 12.983064578869 ], [ 77.680438722751504, 12.9827554575549 ], [ 77.680416376751197, 12.9824970962488 ], [ 77.680381722764594, 12.982325811956599 ], [ 77.680380522981906, 12.9823213074437 ], [ 77.680297264843404, 12.982073737331699 ], [ 77.680294877393607, 12.9820658574011 ], [ 77.680214718616895, 12.981842969867699 ], [ 77.680185084625705, 12.98175984133 ], [ 77.680143208147896, 12.981559271658901 ], [ 77.680139045267396, 12.9815468931456 ], [ 77.680061665543306, 12.981310554456 ], [ 77.679972997192095, 12.9810415846701 ], [ 77.679962871828394, 12.9810100708536 ], [ 77.679898133057094, 12.9807713432564 ], [ 77.6798226329459, 12.980495462231801 ], [ 77.679751295885794, 12.9802319596764 ], [ 77.679750981177307, 12.9802026031353 ], [ 77.679751238264004, 12.9800117618759 ], [ 77.6796533096649, 12.979469615400999 ], [ 77.679505418159707, 12.979046552219801 ], [ 77.679487370991893, 12.978937692366699 ], [ 77.679419314923706, 12.978527178783001 ], [ 77.679371234451494, 12.978237153304001 ], [ 77.679337997072096, 12.977976145936401 ], [ 77.679337916978, 12.9779755169696 ], [ 77.679333694097195, 12.9775814616518 ], [ 77.679314236678294, 12.9768939653234 ], [ 77.679344968333893, 12.9766994222301 ], [ 77.679353849471198, 12.976648811970399 ], [ 77.679377523743895, 12.976513894129001 ], [ 77.679298913195794, 12.9761623866398 ], [ 77.679061290184094, 12.9756928199348 ], [ 77.679003180639896, 12.975529855642399 ], [ 77.678916462870504, 12.975286662504301 ], [ 77.678720469204706, 12.974670874449499 ], [ 77.678695431622501, 12.974592208676301 ], [ 77.6785385969484, 12.9741398762923 ], [ 77.678442366087907, 12.973863078425 ], [ 77.678370462808203, 12.973653783356401 ], [ 77.678360265573303, 12.973615494766101 ], [ 77.6782398334947, 12.973169795436 ], [ 77.678116241843995, 12.9727089824357 ], [ 77.677192799934204, 12.9728709360051 ], [ 77.676717186241206, 12.972971816083801 ], [ 77.676248697309603, 12.9730929481037 ], [ 77.6757740298019, 12.9731971340761 ], [ 77.675769676871894, 12.9731983785559 ], [ 77.675396886298699, 12.9732778723195 ], [ 77.675366436931498, 12.9732839952008 ], [ 77.675142390497598, 12.973329047245301 ], [ 77.674862026283094, 12.9733838757101 ], [ 77.674490651830396, 12.9734881967091 ], [ 77.674483351267696, 12.9734903947415 ], [ 77.674206611931595, 12.9735737095647 ], [ 77.673956945716398, 12.973648389451199 ], [ 77.673620661172706, 12.973750090056701 ], [ 77.673456094939198, 12.973805962391401 ], [ 77.6732736077537, 12.9738677101814 ], [ 77.6729545079628, 12.9739803982675 ], [ 77.672701776977803, 12.974070074034399 ], [ 77.672685706822406, 12.974074756124301 ], [ 77.672524526092801, 12.974130615731299 ], [ 77.672345463670695, 12.9741832713362 ], [ 77.671848068657795, 12.9743476039943 ], [ 77.671652010609094, 12.9744173397326 ], [ 77.671617510138404, 12.974430148256999 ], [ 77.671122835427497, 12.974579771757901 ], [ 77.670749753790204, 12.9746863640017 ], [ 77.670522000379705, 12.9747621032165 ], [ 77.670294701892999, 12.974826545276599 ], [ 77.670213464412697, 12.974874807240599 ], [ 77.670192897346496, 12.974889698451999 ], [ 77.6701008910387, 12.9749538802096 ], [ 77.669818593904495, 12.9750437297673 ], [ 77.669442897530701, 12.9751751902969 ], [ 77.669259936262307, 12.9752403055996 ], [ 77.669213500452599, 12.975258850010899 ], [ 77.669026066296595, 12.975336432638199 ], [ 77.668846570777504, 12.975402641345401 ], [ 77.668742041146501, 12.975426298910101 ], [ 77.668525437936196, 12.9754680451888 ], [ 77.668134782099898, 12.975546583667301 ], [ 77.668033265549099, 12.975551691538 ], [ 77.667928203233302, 12.9755566080999 ], [ 77.667633680266704, 12.9755799562506 ], [ 77.667314090495097, 12.975574201168801 ], [ 77.666984962545001, 12.975483851016699 ], [ 77.666886810692503, 12.975457756175 ], [ 77.666646708417801, 12.975401498637099 ], [ 77.666598027573102, 12.975371508592 ], [ 77.666560992452602, 12.975353820673501 ], [ 77.666515861925404, 12.9753328280696 ], [ 77.666516613522205, 12.9753256510815 ], [ 77.666610964789797, 12.9744250779575 ], [ 77.666902391708405, 12.974381436749001 ], [ 77.666913625714699, 12.9743011459428 ], [ 77.666847193463695, 12.9737500755657 ], [ 77.6668049923165, 12.9734000023308 ], [ 77.666791761977706, 12.973347064021899 ], [ 77.666845741490604, 12.973334088880801 ], [ 77.6668420565654, 12.973258468009501 ], [ 77.666815417536696, 12.9731898579366 ], [ 77.666796324489994, 12.9731810198658 ], [ 77.666731959070404, 12.9731918430283 ], [ 77.666660917791006, 12.9730085064003 ], [ 77.666698261333707, 12.972966513454301 ], [ 77.666846379258402, 12.972799954770901 ], [ 77.666964765435793, 12.9726180633168 ], [ 77.666885491071397, 12.9725804823322 ], [ 77.666709072956706, 12.972503245045001 ], [ 77.6665726400837, 12.9724504407779 ], [ 77.666568116959496, 12.972404188560599 ], [ 77.666558194139199, 12.972283462260901 ], [ 77.666550383489195, 12.972198849791701 ], [ 77.666546375855305, 12.972146946115901 ], [ 77.666528032797103, 12.9719924291204 ], [ 77.666522454686898, 12.971955221587599 ], [ 77.666512295405497, 12.971920319493099 ], [ 77.666487612333896, 12.9718731447326 ], [ 77.6664560093689, 12.9718249116811 ], [ 77.6663152664363, 12.971637772506799 ], [ 77.666166163050704, 12.971456478919601 ], [ 77.666157781596596, 12.9714462879033 ], [ 77.666141699361305, 12.9714498404691 ], [ 77.665716988157996, 12.9715196895337 ], [ 77.665531077406001, 12.9715780567259 ], [ 77.665406237863905, 12.9717487214252 ], [ 77.665335291469503, 12.971844304263399 ], [ 77.664917902792794, 12.9717909904736 ], [ 77.664794016393898, 12.971780967518001 ], [ 77.664505935613406, 12.9717602051509 ], [ 77.664234151998301, 12.9717020107175 ], [ 77.663902931549501, 12.971630873940899 ], [ 77.663057361427406, 12.971537902153701 ], [ 77.662630237404599, 12.9715976079156 ], [ 77.661983994069402, 12.971787159742499 ], [ 77.661566333885702, 12.971978887880599 ], [ 77.661573740265993, 12.971701019481401 ], [ 77.661518187800894, 12.9716202828309 ], [ 77.661023889183198, 12.9715892051307 ], [ 77.660802752541898, 12.9715835629416 ], [ 77.660156612191599, 12.971566458594801 ], [ 77.659596065193398, 12.9715857422692 ], [ 77.659288147448194, 12.9715403335522 ], [ 77.659041969220794, 12.971507844123 ], [ 77.658637232913406, 12.971453261271501 ], [ 77.658734709680999, 12.971253518470499 ], [ 77.658361286409701, 12.971057459884101 ], [ 77.658103739202105, 12.970984432973101 ], [ 77.657885019359099, 12.970855116978401 ], [ 77.657752647367303, 12.970776852704899 ], [ 77.657702445090607, 12.970711869679199 ], [ 77.657688724911395, 12.9705584330265 ], [ 77.657657662996698, 12.9703441945181 ], [ 77.657629119699394, 12.9701502566085 ], [ 77.657526376487994, 12.969529094179199 ], [ 77.657446624238901, 12.9691211234279 ], [ 77.657375255235294, 12.9689061673221 ], [ 77.657273809037804, 12.968244338574699 ], [ 77.657951734615494, 12.968165141439 ], [ 77.658336663997105, 12.9676564374347 ], [ 77.658492040824299, 12.9674335184444 ], [ 77.658461266921506, 12.9671921753172 ], [ 77.658988944504003, 12.967114511311101 ], [ 77.659584991642205, 12.967023725736301 ], [ 77.659704199150397, 12.9670812275725 ], [ 77.659929864666907, 12.9670258461771 ], [ 77.660535678882297, 12.966933790574201 ], [ 77.661547298288895, 12.9667800690465 ], [ 77.661645422379095, 12.9668039084592 ], [ 77.6619648261604, 12.9663060342591 ], [ 77.6617868661057, 12.9661915434077 ], [ 77.661786230412602, 12.966185903719101 ], [ 77.661771021024506, 12.9660008642135 ], [ 77.661706306296296, 12.965816331143801 ], [ 77.661683639241005, 12.9657420332824 ], [ 77.661652469640799, 12.965680244018699 ], [ 77.661652037919296, 12.965676979966901 ], [ 77.661646208845895, 12.965632880044 ], [ 77.661630366256304, 12.965604811142001 ], [ 77.661558781565901, 12.965532142896601 ], [ 77.661507896789701, 12.9655112078665 ], [ 77.661393247674795, 12.9655033466746 ], [ 77.661274664429698, 12.965450356113299 ], [ 77.661140491475194, 12.965447211449099 ], [ 77.661068584058199, 12.9654524638302 ], [ 77.661000031407397, 12.965177630575999 ], [ 77.660719837304896, 12.9651940467822 ], [ 77.660545811024804, 12.9649620736842 ], [ 77.660534213660597, 12.9649000840902 ], [ 77.660795662828704, 12.964853370362601 ], [ 77.660935816028498, 12.9644984852709 ], [ 77.661059804686602, 12.964301858955199 ], [ 77.661087014127503, 12.9641536503723 ], [ 77.661088039076404, 12.9641537988877 ], [ 77.661341867423701, 12.9641905673869 ], [ 77.661608341618205, 12.9642375284223 ], [ 77.661619371352501, 12.9642397978471 ], [ 77.661780854371301, 12.9642730287023 ], [ 77.661791203892506, 12.964271793597 ], [ 77.661790975743997, 12.9642503403983 ], [ 77.661747169541101, 12.9635422066202 ], [ 77.6617075507463, 12.9629017535391 ], [ 77.661680386437993, 12.962783461301701 ], [ 77.661538944719396, 12.9625296998935 ], [ 77.661446682771, 12.962136539031 ], [ 77.661351259274596, 12.9621499364697 ], [ 77.660971802960404, 12.9622079007232 ], [ 77.660947199323004, 12.9622116592476 ], [ 77.660914986346697, 12.962051636605599 ], [ 77.660884314342695, 12.9619169943395 ], [ 77.660850356978301, 12.961766599786399 ], [ 77.660820446715604, 12.961606553564399 ], [ 77.659998620086398, 12.9616860963232 ], [ 77.659967559769001, 12.9616886722497 ], [ 77.659864663607294, 12.9613238499839 ], [ 77.659773412627203, 12.9610255337992 ], [ 77.660163811663793, 12.960870225834499 ], [ 77.659899941804596, 12.960255228073001 ], [ 77.659853303604095, 12.960254575421301 ], [ 77.659836574285507, 12.9602513586523 ], [ 77.6598198976627, 12.9602387957496 ], [ 77.659795079573996, 12.960220098892901 ], [ 77.659790727499697, 12.9602168206874 ], [ 77.659807612623595, 12.9601805124511 ], [ 77.659764607588997, 12.959925743537999 ], [ 77.659754222131397, 12.959869387631199 ], [ 77.659747338445598, 12.9598175129039 ], [ 77.659728930058606, 12.9597104231466 ], [ 77.659669495557793, 12.9592096475901 ], [ 77.659666017690299, 12.959099017539399 ], [ 77.659664470653297, 12.9590617684037 ], [ 77.659775159428705, 12.9590764468235 ], [ 77.660386849899297, 12.9591594060653 ], [ 77.660478136890802, 12.9591767216136 ], [ 77.660850064116204, 12.9592472692536 ], [ 77.660888703278502, 12.959253649724699 ], [ 77.661144198697698, 12.9592431332469 ], [ 77.661439964078298, 12.9592299463215 ], [ 77.661488292916204, 12.9592271937193 ], [ 77.662152784135301, 12.9591865217586 ], [ 77.662199901860504, 12.959178155094399 ], [ 77.6630773250602, 12.959022359417499 ], [ 77.663476869018197, 12.958915511058899 ], [ 77.663581968611496, 12.9588918509397 ], [ 77.663502970956898, 12.958588757937999 ], [ 77.663380307314199, 12.958118128031201 ], [ 77.663373699224493, 12.9580922231707 ], [ 77.663189945534, 12.957432369666 ], [ 77.663119907909802, 12.957180136813101 ], [ 77.663040635809395, 12.9568715364663 ], [ 77.663029230728796, 12.9568276128402 ], [ 77.663048092853003, 12.9567065914407 ], [ 77.663369792711507, 12.955721993111601 ], [ 77.6623821117131, 12.9556857954046 ], [ 77.662354505933493, 12.955688336153299 ], [ 77.662179481281598, 12.955686738010501 ], [ 77.661909766812201, 12.9556590060737 ], [ 77.661895388678502, 12.955714485778699 ], [ 77.661812043658898, 12.955726630216301 ], [ 77.661211228697795, 12.9557021529836 ], [ 77.660970029824696, 12.9556923256266 ], [ 77.660913331053493, 12.9556658033086 ], [ 77.660910932604097, 12.9556567939005 ], [ 77.660891193387201, 12.9555869827508 ], [ 77.660856463904594, 12.955460862789 ], [ 77.660847385775099, 12.9554191736816 ], [ 77.661674624275605, 12.955417494223299 ], [ 77.661817713709297, 12.955393446710101 ], [ 77.661776206393, 12.954954596983001 ], [ 77.662386626053106, 12.954918996188599 ], [ 77.662400163956207, 12.9547844783648 ], [ 77.662395893257397, 12.9545993268835 ], [ 77.662394610007496, 12.9545869183781 ], [ 77.662367864984205, 12.954237127817001 ], [ 77.661998822667499, 12.954288328691 ], [ 77.660991803537399, 12.9543279813709 ], [ 77.661012033500896, 12.9540646617513 ], [ 77.661011170015101, 12.954037568817499 ], [ 77.661001108204601, 12.9537948850543 ], [ 77.660997594228206, 12.9536266642122 ], [ 77.660989930693802, 12.953230379296301 ], [ 77.660983214715202, 12.9528690911244 ], [ 77.660074390717497, 12.952885151063599 ], [ 77.660015102356198, 12.952885756640301 ], [ 77.659777445192901, 12.9528949594027 ], [ 77.659478221087895, 12.9529070491576 ], [ 77.6592066144499, 12.9529177273337 ], [ 77.659026494683204, 12.9529240834213 ], [ 77.658728997181001, 12.952936154696401 ], [ 77.658413883629095, 12.952915657437099 ], [ 77.658405237407493, 12.952914616454001 ], [ 77.658021625513101, 12.952894817916601 ], [ 77.657328097772506, 12.952859920039799 ], [ 77.656496220677894, 12.952799726271101 ], [ 77.656167830812606, 12.952775963973099 ], [ 77.655859600511903, 12.9527531348454 ], [ 77.655525455464499, 12.952729440340301 ], [ 77.655433848593702, 12.9527224696904 ], [ 77.655276573515096, 12.9527116515653 ], [ 77.655266776058696, 12.952710622211599 ], [ 77.654311660978195, 12.952650345199 ], [ 77.653834511513097, 12.9526043917416 ], [ 77.653692754135704, 12.9525911560126 ], [ 77.653338486255194, 12.952569922146701 ], [ 77.652896676618994, 12.952545062545701 ], [ 77.652563247377401, 12.9525252224712 ], [ 77.652523976927995, 12.952522886048699 ], [ 77.6525209314714, 12.952507107608 ], [ 77.652462608210996, 12.9523270220835 ], [ 77.652365015286605, 12.9520265070056 ], [ 77.652339343773093, 12.951942205892699 ], [ 77.652321477181403, 12.951883535992501 ], [ 77.652297962441594, 12.95183747632 ], [ 77.652239827063994, 12.9517838644663 ], [ 77.652141398576802, 12.9517306628968 ], [ 77.651965825609906, 12.951677117541999 ], [ 77.651974220821799, 12.951654447109901 ], [ 77.651758079937593, 12.951575341964499 ], [ 77.651517741440102, 12.951440020557101 ], [ 77.651343106992101, 12.9513119347907 ], [ 77.650882593980896, 12.9509338069323 ], [ 77.650542118331202, 12.9506380209504 ], [ 77.650380258234506, 12.950465763637901 ], [ 77.649543757279503, 12.949481663372699 ], [ 77.649375283030395, 12.9492281664429 ], [ 77.649255047773096, 12.949072423510801 ], [ 77.649184687925796, 12.948896976043899 ], [ 77.649079310301403, 12.948512973356699 ], [ 77.649052792636198, 12.9483461139809 ], [ 77.649039206469993, 12.948095558587699 ], [ 77.649050980229504, 12.947902337084001 ], [ 77.649063911667, 12.947818641079699 ], [ 77.649089062162105, 12.9477472425824 ], [ 77.649191060435797, 12.947593756658 ], [ 77.649282492046396, 12.9474753849163 ], [ 77.649317281860505, 12.9474445413944 ], [ 77.649324669275899, 12.9474354322726 ], [ 77.649374389068996, 12.947401049173701 ], [ 77.649301506086701, 12.9470957635516 ], [ 77.649201677269204, 12.946800915107501 ], [ 77.649146534782204, 12.9466490270093 ], [ 77.6490715795846, 12.9463110140283 ], [ 77.6490252588777, 12.946013362879 ], [ 77.648802589606703, 12.946133068650701 ], [ 77.648292878016704, 12.9466001134777 ], [ 77.648195102502996, 12.946717420133 ], [ 77.648110974452806, 12.946818778543101 ], [ 77.647777283041805, 12.947164333043 ], [ 77.647773289572399, 12.9471677613815 ], [ 77.647684714472504, 12.9472296411058 ], [ 77.647475631349195, 12.9473277521968 ], [ 77.647138410725304, 12.947502824990201 ], [ 77.646762071974706, 12.947680553346499 ], [ 77.646532620461002, 12.947866952417 ], [ 77.646386861958604, 12.948019752881599 ], [ 77.646208036413398, 12.948257583114399 ], [ 77.646163782549394, 12.9483190122581 ], [ 77.645732612004096, 12.9489196369952 ], [ 77.645657199874904, 12.949028811164 ], [ 77.645402647298894, 12.949400662036799 ], [ 77.645248583308003, 12.9496393697284 ], [ 77.645041087059596, 12.9499971915511 ], [ 77.644916193012506, 12.9503270724903 ], [ 77.644498587063595, 12.9517225531702 ], [ 77.6443602346137, 12.952631877935501 ], [ 77.644279882565399, 12.9532549126302 ], [ 77.644261038388905, 12.953323988449799 ], [ 77.644253662547797, 12.953334226626099 ], [ 77.644228478128895, 12.9533480333856 ], [ 77.644141833069398, 12.9533748859706 ], [ 77.643802580793206, 12.9534675413569 ], [ 77.643031070398607, 12.9537317134692 ], [ 77.642525572525301, 12.953945755629499 ], [ 77.642513591583494, 12.953956040502501 ], [ 77.6420730591107, 12.953943571581 ], [ 77.641666667773194, 12.9536202102001 ], [ 77.640772639739296, 12.9532938884198 ], [ 77.640537053497098, 12.9528445744732 ], [ 77.640241532001994, 12.952389092208801 ], [ 77.639739158095907, 12.9515336914209 ], [ 77.639739158361607, 12.951533691182799 ], [ 77.639759642809494, 12.951510898419199 ], [ 77.639797780252707, 12.9514698586168 ], [ 77.6397819300892, 12.9514406585632 ], [ 77.639885015715393, 12.9512803884459 ], [ 77.640005031237493, 12.951142531862599 ], [ 77.640159874836996, 12.9509772200469 ], [ 77.6402939007437, 12.9508030851387 ], [ 77.640531228543594, 12.9505985423172 ], [ 77.6405334953227, 12.9505951315668 ], [ 77.640614932745606, 12.9504565366385 ], [ 77.640775742409502, 12.950365695071801 ], [ 77.640821268277605, 12.9503155462188 ], [ 77.641001301808203, 12.950191761201101 ], [ 77.641128451584294, 12.9500752878391 ], [ 77.641337155113106, 12.949995252953901 ], [ 77.6415662983744, 12.949833704199101 ], [ 77.641643844255796, 12.9497629039258 ], [ 77.641652396103098, 12.949754912407601 ], [ 77.641915025017099, 12.949547853601899 ], [ 77.641965274471801, 12.9495089492679 ], [ 77.642065713808094, 12.949425494904 ], [ 77.6421649304136, 12.949335277380101 ], [ 77.642236877817695, 12.949225009819401 ], [ 77.642279418876797, 12.949164727771899 ], [ 77.642294935747699, 12.949162311871399 ], [ 77.643022315705693, 12.948426563399 ], [ 77.6450694163604, 12.9466814166168 ], [ 77.646911445756402, 12.9452534032346 ], [ 77.647147056348103, 12.945105336288201 ], [ 77.647455299921205, 12.9449666945102 ], [ 77.647514854848893, 12.9448825248072 ], [ 77.647574029976496, 12.9447622229037 ], [ 77.647541528382007, 12.944628172175401 ], [ 77.647535945732102, 12.9445356302568 ], [ 77.647551909852396, 12.9444665837102 ], [ 77.647328935225104, 12.9442847809608 ], [ 77.647821150562095, 12.9437964604864 ], [ 77.649156743585294, 12.9429303027656 ], [ 77.649349032712493, 12.942877531822001 ], [ 77.649820568111096, 12.942611881199801 ], [ 77.649926551300496, 12.9425633751253 ], [ 77.650080888182003, 12.9424601733628 ], [ 77.650147720637804, 12.942410936055399 ], [ 77.650184451353994, 12.9424003993142 ], [ 77.650228520671007, 12.942376236949301 ], [ 77.650386851574297, 12.9422696066857 ], [ 77.650516267695096, 12.942205052630699 ], [ 77.650653463965099, 12.94216865063 ], [ 77.650731362898199, 12.942131722400299 ], [ 77.650923628672501, 12.942022488246099 ], [ 77.650949998579904, 12.9420120567931 ], [ 77.651105149905007, 12.9419314312527 ], [ 77.651332022591603, 12.941828620334601 ], [ 77.651657061302103, 12.941645763167701 ], [ 77.651728243814901, 12.941626970999501 ], [ 77.651784651949001, 12.941626397104001 ], [ 77.651849082560503, 12.9416223538281 ], [ 77.651898213381301, 12.941586847253101 ], [ 77.652023562746905, 12.9415189462129 ], [ 77.652115935548494, 12.9414897751067 ], [ 77.652246551054304, 12.9413755212257 ], [ 77.652307734291796, 12.9413365042065 ], [ 77.652560697607598, 12.9412514948704 ], [ 77.6526232708283, 12.941235048599699 ], [ 77.652658285455601, 12.941225658271 ], [ 77.652704730143796, 12.9412082468774 ], [ 77.652743078862898, 12.9411875301302 ], [ 77.652755586595504, 12.941172722614199 ], [ 77.652937058568, 12.941077148082501 ], [ 77.653072552931803, 12.9409888169235 ], [ 77.653278115804198, 12.9408850922583 ], [ 77.653342080181304, 12.940837012758699 ], [ 77.653576638523404, 12.940699115332301 ], [ 77.653724687856197, 12.9406004928756 ], [ 77.653792813553494, 12.9405647926424 ], [ 77.653841522677993, 12.9405439702872 ], [ 77.653878781588503, 12.940528910736701 ], [ 77.6539068053184, 12.9405116867157 ], [ 77.653945215397897, 12.940496615436601 ], [ 77.654002642905397, 12.9404836090154 ], [ 77.6540330645783, 12.940475394540799 ], [ 77.654051411740994, 12.9404684322518 ], [ 77.654227749160995, 12.940377426264 ], [ 77.654274097929601, 12.940350981643199 ], [ 77.654399651880894, 12.9402480709643 ], [ 77.655879757635105, 12.940095226751801 ], [ 77.656000559307003, 12.9400872204412 ], [ 77.656447490359994, 12.940108638830599 ], [ 77.656775022619399, 12.940107559266201 ], [ 77.657139537780694, 12.9401196532332 ], [ 77.657280543757196, 12.9401170865978 ], [ 77.657427822269099, 12.9401088097209 ], [ 77.657514545387102, 12.9400898576936 ], [ 77.657584455888198, 12.940059784612201 ], [ 77.657717166653399, 12.9399263100631 ], [ 77.657778216840597, 12.939874871651099 ], [ 77.657801695295504, 12.939863339832399 ], [ 77.657881547144299, 12.939847845492199 ], [ 77.657920663075004, 12.939845188168 ], [ 77.658011256569694, 12.9398657200516 ], [ 77.658055996716001, 12.9398505836817 ], [ 77.658073577519204, 12.9398255610592 ], [ 77.658077859080805, 12.939795027831501 ], [ 77.658096631964895, 12.9394481587154 ], [ 77.658103751441502, 12.9390878575049 ], [ 77.658108470835202, 12.9387727504956 ], [ 77.658113764959097, 12.938457637622401 ], [ 77.658126219270699, 12.938166165851801 ], [ 77.658138899135807, 12.937896147405199 ], [ 77.658168829381594, 12.937895842241399 ], [ 77.658594843497099, 12.937899403002399 ], [ 77.658882167252102, 12.9379066360372 ], [ 77.658887947004501, 12.937908835577099 ], [ 77.658908163247702, 12.937915404854101 ], [ 77.6589175161849, 12.937928860378401 ], [ 77.658921149218301, 12.937945761966599 ], [ 77.658921508309504, 12.937979635585901 ], [ 77.658909906708701, 12.938297071111499 ], [ 77.658930064977, 12.938297994758599 ], [ 77.659056164435398, 12.9383012255966 ], [ 77.659664771057905, 12.938315343703801 ], [ 77.660058600739902, 12.938323747238201 ], [ 77.660290595164696, 12.938324767713601 ], [ 77.6603624599515, 12.938316129679601 ], [ 77.660408314849207, 12.938297593880201 ], [ 77.660434492177998, 12.9382690957089 ], [ 77.660455777405403, 12.938213545665199 ], [ 77.660456892637498, 12.938210146560101 ], [ 77.660564348694507, 12.938029500584999 ], [ 77.660543543945195, 12.938021808210999 ], [ 77.659336018339502, 12.937549683354799 ], [ 77.657162654196199, 12.9360530093496 ], [ 77.655020728552898, 12.9349681670263 ], [ 77.658031793109203, 12.9308835068107 ], [ 77.659124346940004, 12.929417906074599 ], [ 77.660543952325995, 12.929700422325199 ], [ 77.660747146624004, 12.929809015560499 ], [ 77.661084653306602, 12.929827028410701 ], [ 77.661329941920002, 12.9296709492522 ], [ 77.661816875991093, 12.928961334777799 ], [ 77.663024190493701, 12.928332448334601 ], [ 77.663285578432195, 12.928229277744901 ], [ 77.663265427829998, 12.927632115600099 ], [ 77.663099237385296, 12.927430548814399 ], [ 77.662471959905801, 12.926141711882799 ], [ 77.661601016131897, 12.9230429250202 ], [ 77.661327754808596, 12.922351227962301 ], [ 77.661160481176594, 12.9216121508186 ], [ 77.661556672389295, 12.9215200303322 ], [ 77.661593423348606, 12.9215117508933 ], [ 77.662037275479094, 12.921408980561701 ], [ 77.662407459615906, 12.921306960962101 ], [ 77.662694979043195, 12.9212261105005 ], [ 77.662789656972294, 12.9211980428956 ], [ 77.662216167342393, 12.918790704202101 ], [ 77.661995281391498, 12.918261083833301 ], [ 77.660354104711502, 12.916344548497101 ], [ 77.654663986570895, 12.9204496833754 ], [ 77.654419031817497, 12.9204736300691 ], [ 77.654381129475397, 12.920481920218499 ], [ 77.654185313415198, 12.920471489591501 ], [ 77.654138587921594, 12.9204618014533 ], [ 77.654088995722503, 12.920453271701 ], [ 77.654018143283693, 12.9204483458398 ], [ 77.653956020364305, 12.9204523651907 ], [ 77.653611797496595, 12.9204513476617 ], [ 77.653599270764801, 12.920627637739001 ], [ 77.653599565134598, 12.920710069872101 ], [ 77.653599923213903, 12.9209618885995 ], [ 77.652325311463798, 12.9211047067888 ], [ 77.651817172545194, 12.921170849058599 ], [ 77.651592852517894, 12.9211866788854 ], [ 77.651585945960605, 12.921186749045001 ], [ 77.651501303949402, 12.921184221106801 ], [ 77.6514882855096, 12.921532162347299 ], [ 77.651479891091796, 12.921936519111799 ], [ 77.651486821099596, 12.922320393694401 ], [ 77.651482293509403, 12.9224367524324 ], [ 77.651478724951403, 12.922752978662601 ], [ 77.651492846845599, 12.923000140922101 ], [ 77.651517907568305, 12.923192988045299 ], [ 77.651559636427805, 12.9233834073114 ], [ 77.651622832248606, 12.923698955167801 ], [ 77.651685909066899, 12.924003211686401 ], [ 77.651737707973894, 12.924220630535199 ], [ 77.651637128304401, 12.924235203520199 ], [ 77.651072337650803, 12.9243335401486 ], [ 77.650890724861796, 12.9243602285433 ], [ 77.650687601028906, 12.9243668088045 ], [ 77.650454430987295, 12.924362401564601 ], [ 77.650264724510706, 12.9243857839881 ], [ 77.649756928029305, 12.924594205715501 ], [ 77.649630782508197, 12.9246406566005 ], [ 77.649489949258097, 12.9246590252705 ], [ 77.649192733499106, 12.924694790994099 ], [ 77.648862233512801, 12.924685724170301 ], [ 77.6483437687764, 12.924646945481999 ], [ 77.648136988466106, 12.924634363620299 ], [ 77.6479060128177, 12.924619768590601 ], [ 77.647469946837901, 12.9245891860408 ], [ 77.646924815924606, 12.9245326069189 ], [ 77.646687412969996, 12.9245090419384 ], [ 77.646391267561796, 12.9244826846765 ], [ 77.646095276837698, 12.9244710058026 ], [ 77.645856421775406, 12.924473427614499 ], [ 77.645760903163904, 12.9244766545498 ], [ 77.645581293770306, 12.9244750876815 ], [ 77.645365999828499, 12.924473882422401 ], [ 77.645166114125502, 12.924460099 ], [ 77.644893388941199, 12.9244165637728 ], [ 77.644727045770196, 12.9243629161043 ], [ 77.644543281348703, 12.9242947645355 ], [ 77.644436398094399, 12.9242574529374 ], [ 77.644014707795094, 12.9241160516435 ], [ 77.6438651639738, 12.9240723964549 ], [ 77.643533617572501, 12.9239639587132 ], [ 77.643091386259499, 12.923839702655201 ], [ 77.642852979333398, 12.923775490905101 ], [ 77.642341634184604, 12.923647416303 ], [ 77.641835387144098, 12.923511384187901 ], [ 77.641548372599004, 12.923422819479301 ], [ 77.641374644122394, 12.923378278227601 ], [ 77.641242722054997, 12.9233683207678 ], [ 77.641087032232207, 12.9233969985494 ], [ 77.640861058588698, 12.9234749455669 ], [ 77.640325084686594, 12.923687022889499 ], [ 77.639924770025999, 12.923826583689401 ], [ 77.639885774533894, 12.9238405292606 ], [ 77.639290564529901, 12.9240577209807 ], [ 77.639277581891093, 12.924136900469501 ], [ 77.639265655421497, 12.9242070351983 ], [ 77.639297341296299, 12.9245929216147 ], [ 77.639316454714901, 12.924823097307501 ], [ 77.639213238991601, 12.925134687671999 ], [ 77.639195730163195, 12.925385560443299 ], [ 77.639115828321593, 12.92566981279 ], [ 77.639166003435193, 12.9258432113428 ], [ 77.639236732502695, 12.9258910541423 ], [ 77.639313015434595, 12.9259196433262 ], [ 77.639356431014093, 12.925942918638899 ], [ 77.639478196243203, 12.925972176973699 ], [ 77.639560655161901, 12.925986023228599 ], [ 77.6396403677781, 12.9260123190915 ], [ 77.639737852550795, 12.92603165958 ], [ 77.639871898453805, 12.9260246571805 ], [ 77.640145427071602, 12.9259801071747 ], [ 77.640380066655993, 12.925959664849699 ], [ 77.640550243164199, 12.925939874662101 ], [ 77.6410956460915, 12.9259671033762 ], [ 77.6413204784957, 12.9261635770323 ], [ 77.641333604169702, 12.9262074852297 ], [ 77.641400514435304, 12.926439435053 ], [ 77.641593432111407, 12.9271037441501 ], [ 77.641706700060496, 12.927583661125 ], [ 77.641823670017899, 12.9279777168996 ], [ 77.641869872982198, 12.928211005347899 ], [ 77.641845711048703, 12.928212379273299 ], [ 77.641875667978894, 12.928925766626 ], [ 77.641901009919906, 12.9292552531489 ], [ 77.641768767349006, 12.9293243477982 ], [ 77.641500617053794, 12.9293880430388 ], [ 77.641245107192205, 12.929449351531 ], [ 77.641003972299998, 12.9293998469717 ], [ 77.639936260693901, 12.9295721380812 ], [ 77.639579052056803, 12.9296863659163 ], [ 77.6395889911106, 12.9298287146256 ], [ 77.639515098814698, 12.930147546640599 ], [ 77.6394772358437, 12.9302198771266 ], [ 77.639465971125205, 12.9302502859738 ], [ 77.639474251406796, 12.930303215945299 ], [ 77.639490256364297, 12.9303560695593 ], [ 77.6395457949383, 12.9304956152227 ], [ 77.639523261802907, 12.9305564311541 ], [ 77.639469634600601, 12.930598628107701 ], [ 77.639050639443894, 12.9307884183841 ], [ 77.638812398552204, 12.930904430354101 ], [ 77.638521720884498, 12.931283315031999 ], [ 77.638093550171405, 12.9318443929211 ], [ 77.638005524002395, 12.93205164157 ], [ 77.637873095384094, 12.9323256711528 ], [ 77.637168729325197, 12.9332540434105 ], [ 77.635680075411003, 12.934947551590801 ], [ 77.635663572309198, 12.934965786586901 ], [ 77.635319269931401, 12.935343052180301 ], [ 77.635237885279096, 12.9354319571323 ], [ 77.635154798451296, 12.9355231377957 ], [ 77.635048374331802, 12.9356393980538 ], [ 77.634974223992998, 12.935704515335001 ], [ 77.634899497106204, 12.9357696384278 ], [ 77.634809224806006, 12.9358891231998 ], [ 77.634756417606894, 12.935958541825901 ], [ 77.634719515233201, 12.9360074730065 ], [ 77.634637892988195, 12.9360737949883 ], [ 77.634576815854601, 12.9361229704213 ], [ 77.634598550478401, 12.9361645335419 ], [ 77.634567076453905, 12.9362371243841 ], [ 77.634491881362806, 12.936312415503499 ], [ 77.634269310632305, 12.9364964755855 ], [ 77.633849292595897, 12.936845144082501 ], [ 77.633484352324899, 12.937176316839601 ], [ 77.633302446481096, 12.9373407681261 ], [ 77.633113945762901, 12.937589980733801 ], [ 77.632924404445802, 12.937904701100001 ], [ 77.632856358639501, 12.9380578389497 ], [ 77.632653861869997, 12.9385093310564 ], [ 77.632644652350606, 12.9385094240569 ], [ 77.632394243390195, 12.939003182714901 ], [ 77.632130878341698, 12.9395241744679 ], [ 77.632051930036496, 12.9396808101388 ], [ 77.631950984539898, 12.9398805799634 ], [ 77.631692560457196, 12.940488475096499 ], [ 77.631437867426996, 12.941068100882299 ], [ 77.631276918433201, 12.941419797934801 ], [ 77.631263423889806, 12.9414504243266 ], [ 77.631171912036507, 12.941671554877599 ], [ 77.630759844770907, 12.942669468113699 ], [ 77.630440316686006, 12.943379613681101 ], [ 77.630014752209107, 12.944298614287099 ], [ 77.630009138262096, 12.944312222138601 ], [ 77.629670004242598, 12.945074511587899 ], [ 77.629642919752996, 12.9451267311659 ], [ 77.629546445426001, 12.9453140336866 ], [ 77.629425127794505, 12.945547886817501 ], [ 77.629106326470904, 12.9461631662365 ], [ 77.628931160886196, 12.946422406487899 ], [ 77.628925487637105, 12.946430368597699 ], [ 77.6288302527947, 12.9465713585759 ], [ 77.6288285505549, 12.946573634284499 ], [ 77.628652786063896, 12.946830621954801 ], [ 77.628437604331296, 12.947171572999499 ], [ 77.6284138783911, 12.9472147245102 ], [ 77.628200860102396, 12.9475974365368 ], [ 77.628051140210999, 12.9478677125022 ], [ 77.627651107944303, 12.948587703267799 ], [ 77.627508265398106, 12.9488003170892 ], [ 77.627283101344801, 12.949067965989499 ], [ 77.627012837052305, 12.949316872034901 ], [ 77.626803227906507, 12.9494759540588 ], [ 77.626773544663095, 12.949499967543 ], [ 77.626773544064505, 12.949499967116299 ], [ 77.626619463263694, 12.949629128120099 ], [ 77.6264921999108, 12.949735433294 ], [ 77.626467649288898, 12.9497548783987 ], [ 77.626307236299297, 12.949884103118499 ], [ 77.626194221276904, 12.9499767133102 ], [ 77.626186797330305, 12.949982434501299 ], [ 77.625918580743203, 12.950152270290999 ], [ 77.625653261421704, 12.950269001007401 ], [ 77.625485687582994, 12.950319248674299 ], [ 77.625420843033893, 12.9503390998375 ], [ 77.624255969209401, 12.9505891141785 ], [ 77.624216897554405, 12.9505962834376 ], [ 77.624174959588203, 12.9506046108385 ], [ 77.623582749335696, 12.9507303170572 ], [ 77.623549426127298, 12.9507373903795 ], [ 77.623326263694395, 12.9508119113743 ], [ 77.623298199804594, 12.9508257452694 ], [ 77.623149821513294, 12.9508949958665 ], [ 77.623113734274298, 12.950912298360301 ], [ 77.622425247504296, 12.951244531725401 ], [ 77.622310674403295, 12.9512998198371 ], [ 77.622031619163806, 12.951424590566701 ], [ 77.621498729115601, 12.9516637139787 ], [ 77.621343230483703, 12.9513276264799 ], [ 77.621296116942105, 12.9512264660833 ], [ 77.621197187288701, 12.950959824011701 ], [ 77.621169928762399, 12.9508855663099 ], [ 77.621035859382403, 12.9505616848054 ], [ 77.621008813660495, 12.950504766947599 ], [ 77.620903414084793, 12.950282957748099 ], [ 77.620789263917601, 12.9500877111923 ], [ 77.620590983705497, 12.949748566984701 ], [ 77.620504070005097, 12.9496035238333 ], [ 77.620254669198303, 12.9491873175176 ], [ 77.620254669029194, 12.949187317772999 ], [ 77.620218344537193, 12.949126698738199 ], [ 77.620218048549404, 12.9491261460832 ], [ 77.620171336613595, 12.949039067412 ], [ 77.620047681015507, 12.9488080429829 ], [ 77.620046897513603, 12.9488065800585 ], [ 77.619623946199098, 12.9480187433591 ], [ 77.619443907253498, 12.947683381087399 ], [ 77.619333552732499, 12.947477820686199 ], [ 77.619326522046805, 12.947464905615099 ], [ 77.619318878986803, 12.9474508665221 ], [ 77.619318878628306, 12.9474508658666 ], [ 77.619291449743798, 12.9474703390483 ], [ 77.619244003545603, 12.947502435734799 ], [ 77.619019940875006, 12.947656011045099 ], [ 77.618890183120101, 12.9477442695843 ], [ 77.618776542705206, 12.9478323660678 ], [ 77.618648916227997, 12.9479352637963 ], [ 77.618513938699095, 12.948043921491999 ], [ 77.618388209907295, 12.948132139351999 ], [ 77.6182635850829, 12.9482158289699 ], [ 77.618146971722993, 12.948294920927999 ], [ 77.618002353211807, 12.9483934919629 ], [ 77.617880594437395, 12.9484760233651 ], [ 77.617752645236493, 12.948572168238201 ], [ 77.617630405008398, 12.948663738598301 ], [ 77.617492176900797, 12.9487678915914 ], [ 77.617383645352703, 12.9488491606444 ], [ 77.617186445935602, 12.948984396460901 ], [ 77.617170465485401, 12.948994597629 ], [ 77.617161283475298, 12.949000459122001 ], [ 77.617102852607701, 12.949028148767001 ], [ 77.617041696886204, 12.949070546368199 ], [ 77.616975971504502, 12.9491163776937 ], [ 77.6170045073724, 12.949147710767599 ], [ 77.616951363213005, 12.949185510766 ], [ 77.6169173908728, 12.949200472105399 ], [ 77.616901507719703, 12.949207467848799 ], [ 77.616888386215194, 12.949218892426201 ], [ 77.616858160978396, 12.9492462986889 ], [ 77.616693696733407, 12.949263760619299 ], [ 77.616376009512393, 12.949272597908401 ], [ 77.6160091424711, 12.9492708147943 ], [ 77.615769779624102, 12.9492696516928 ], [ 77.6156662871348, 12.949270054855299 ], [ 77.615133675743493, 12.9492726503493 ], [ 77.615042532130701, 12.9492737333414 ], [ 77.614651690139496, 12.9492783774232 ], [ 77.614521219412694, 12.949279927227799 ], [ 77.614421635751498, 12.9492809266742 ], [ 77.614335296558195, 12.9492814805807 ], [ 77.614167973996601, 12.9492825535335 ], [ 77.6137982067754, 12.9492849241395 ], [ 77.613610232306598, 12.9492868101444 ], [ 77.613127880383303, 12.949291649107201 ], [ 77.612662885712098, 12.9492964169903 ], [ 77.611664937702798, 12.9493074491944 ], [ 77.611614921995098, 12.949244715412901 ], [ 77.611436278678596, 12.949020645584399 ], [ 77.611036756019402, 12.948965927623201 ], [ 77.610296556464206, 12.9490994157788 ], [ 77.609929482369907, 12.949165613400501 ], [ 77.609444254836106, 12.949236292503199 ], [ 77.608979904997597, 12.9493061220298 ], [ 77.6057916560964, 12.949797652549201 ], [ 77.605735348825903, 12.9499743843443 ], [ 77.605690190189804, 12.950115996766201 ], [ 77.605689261850003, 12.950116118250699 ], [ 77.604802525945303, 12.950232156839199 ], [ 77.603909561555696, 12.9503924092001 ], [ 77.603443306875704, 12.950508869122199 ], [ 77.603446770528294, 12.9505206929246 ], [ 77.603443306885097, 12.9505088700255 ], [ 77.603369159400401, 12.950243099265199 ], [ 77.603348977774104, 12.9501845780169 ], [ 77.603151954910004, 12.9496173860448 ], [ 77.603146610908297, 12.949601629419901 ], [ 77.603080474327498, 12.949441931453499 ], [ 77.602996034872504, 12.9492383741143 ], [ 77.602919279108903, 12.949053937841899 ], [ 77.602915743214496, 12.9490460681561 ], [ 77.602899226740007, 12.949007837393699 ], [ 77.602840244405996, 12.9488717828697 ], [ 77.602832574462795, 12.948853790894301 ], [ 77.602791869801607, 12.948759337386701 ], [ 77.602745868139095, 12.9486536439071 ], [ 77.602653255062407, 12.948438875127501 ], [ 77.602629948492293, 12.9483566699277 ], [ 77.602620410057099, 12.9483251451481 ], [ 77.602582340414997, 12.9481516150756 ], [ 77.602506968294307, 12.9478253676791 ], [ 77.6025021691825, 12.9478045951557 ], [ 77.602449757041796, 12.9475803903202 ], [ 77.602425549944002, 12.9473559037279 ], [ 77.602424037512094, 12.9472102406296 ], [ 77.602422546252896, 12.9471775061608 ], [ 77.602415254344095, 12.9469743070772 ], [ 77.602434321586799, 12.9469142029082 ], [ 77.602442570028003, 12.9468882083199 ], [ 77.602443641095903, 12.9468802962165 ], [ 77.602467850000707, 12.9466415306284 ], [ 77.602485938020394, 12.9464631627041 ], [ 77.602486277451703, 12.946459836495601 ], [ 77.602516769760499, 12.946161333842801 ], [ 77.602517932001007, 12.946058582284399 ], [ 77.602517970247902, 12.946055168741101 ], [ 77.602518687729599, 12.9460133779033 ], [ 77.602552131533699, 12.9455195448294 ], [ 77.602607116785904, 12.945254074542801 ], [ 77.602607116986206, 12.9452540745242 ], [ 77.602650808466194, 12.9450431297535 ], [ 77.602676044496206, 12.9449231731338 ], [ 77.602725376993604, 12.9446844005677 ], [ 77.602783655254299, 12.944395784924 ], [ 77.602844191886405, 12.9440959839411 ], [ 77.602848189633406, 12.9439265507683 ], [ 77.602853988530498, 12.9437897170654 ], [ 77.602864373098498, 12.943544689686799 ], [ 77.602863477567496, 12.9434227625957 ], [ 77.602861585554294, 12.9431652766495 ], [ 77.602861538664797, 12.9431607599644 ], [ 77.602787960629897, 12.9428385183089 ], [ 77.602717379084396, 12.9425275395536 ], [ 77.602717378154097, 12.9425275386594 ], [ 77.602629294323705, 12.9421388137068 ], [ 77.602024423091507, 12.9422656869394 ], [ 77.601734333642199, 12.9423261766024 ], [ 77.601443104470704, 12.942387806631899 ], [ 77.601147167520395, 12.942450155497999 ], [ 77.600947952162201, 12.9424921259012 ], [ 77.600935311975903, 12.9424945106222 ], [ 77.600898755170704, 12.942466643183201 ], [ 77.600498803726197, 12.9425361329038 ], [ 77.600498804076594, 12.942536133898701 ], [ 77.600229871597804, 12.9425828593226 ], [ 77.599730535066399, 12.9426703637345 ], [ 77.599307060947098, 12.9427445728197 ], [ 77.5992868944615, 12.9427481076125 ], [ 77.599080069178498, 12.942788566148 ], [ 77.598967388280698, 12.9428032412967 ], [ 77.598967388042297, 12.942803240423199 ], [ 77.598677626437706, 12.9428400085195 ], [ 77.598568527684904, 12.942867070023899 ], [ 77.598499041413007, 12.9428835729155 ], [ 77.598142683023895, 12.9429379438076 ], [ 77.597975116472398, 12.942989303075599 ], [ 77.597770838752893, 12.943053450389 ], [ 77.597255265119003, 12.943187328017601 ], [ 77.597301575087499, 12.9428785707324 ], [ 77.597381855741702, 12.942348132337999 ], [ 77.597420130498705, 12.9420417125512 ], [ 77.597456453662502, 12.941769191003001 ], [ 77.597603502153405, 12.9402928692259 ], [ 77.597628040866198, 12.9401435887665 ], [ 77.597653191268506, 12.939990583677901 ], [ 77.597659282601398, 12.939953525539799 ], [ 77.597666589228098, 12.9399365133381 ], [ 77.597666589218704, 12.9399365124347 ], [ 77.597863471630106, 12.9394365323861 ], [ 77.597863472560405, 12.939436533280301 ], [ 77.598068371981398, 12.939043756101499 ], [ 77.598473900564997, 12.9384016642516 ], [ 77.598581991405993, 12.938277494049199 ], [ 77.598753789995897, 12.938079284817499 ], [ 77.599093189658404, 12.9377777685055 ], [ 77.599376948045403, 12.937606675156101 ], [ 77.5996712862012, 12.9375122678852 ], [ 77.599933497229202, 12.9374283443093 ], [ 77.600378690766902, 12.937336949132099 ], [ 77.600484391772099, 12.937315567668801 ], [ 77.601698424650195, 12.9370888911603 ], [ 77.601693515305001, 12.937059578615401 ], [ 77.601458205646694, 12.935740657281199 ], [ 77.601142681823504, 12.9340690674012 ], [ 77.601064720855902, 12.9336565246806 ], [ 77.600996016653596, 12.9332484067252 ], [ 77.600786818454907, 12.932003755981 ], [ 77.600704633483005, 12.9315167217985 ], [ 77.600702971842196, 12.931356379059 ], [ 77.600675674400904, 12.930721989715099 ], [ 77.600658106933906, 12.9305821327783 ], [ 77.600599169134696, 12.930116323160901 ], [ 77.600589156990395, 12.9299278313625 ], [ 77.600539339313698, 12.9290644202525 ], [ 77.600521827025105, 12.9287630740635 ], [ 77.600512617625597, 12.928763165861801 ], [ 77.600510316725604, 12.9287078535263 ], [ 77.600496251184495, 12.928294673126301 ], [ 77.599084546430305, 12.928329067702199 ], [ 77.5985458785795, 12.9283423384485 ], [ 77.598172669508998, 12.9283517524103 ], [ 77.598027931608499, 12.9283554017507 ], [ 77.597943344698706, 12.9283574528526 ], [ 77.5974277052986, 12.9283699571588 ], [ 77.597158922416, 12.9283764761688 ], [ 77.596426879218299, 12.9283939260804 ], [ 77.596213598912101, 12.928398953992501 ], [ 77.5961664588703, 12.928400066330299 ], [ 77.595929640718197, 12.928405649857099 ], [ 77.595882760332003, 12.9284067559466 ], [ 77.5954329784945, 12.928417366958501 ], [ 77.595379447794798, 12.9284178994832 ], [ 77.595379447785504, 12.9284178985799 ], [ 77.595361028936296, 12.9284180818085 ], [ 77.594727950856395, 12.928431154583199 ], [ 77.594730056003399, 12.9284554144136 ], [ 77.594727950865803, 12.928431155486599 ], [ 77.594176594479194, 12.9284422848632 ], [ 77.593575153736893, 12.928453784492801 ], [ 77.593561348252507, 12.9284540482143 ], [ 77.592878191851895, 12.928467614342001 ], [ 77.592498337185702, 12.9284747770902 ], [ 77.592499158059098, 12.9285077064829 ], [ 77.592499321869198, 12.928514292726399 ], [ 77.592507533447204, 12.9288078285356 ], [ 77.592509842693303, 12.928894616961401 ], [ 77.592513179546302, 12.9290200803965 ], [ 77.592519740426198, 12.9292650727946 ], [ 77.592528936951695, 12.929598124210299 ], [ 77.592537090531806, 12.929886014075 ], [ 77.5925417656197, 12.9300598794444 ], [ 77.592543778475303, 12.930310563504399 ], [ 77.592550926005501, 12.930556679338199 ], [ 77.592570490914497, 12.931113228567201 ], [ 77.592578973399796, 12.931432735446799 ], [ 77.592593845617898, 12.931972391803701 ], [ 77.592609430499493, 12.932537850460299 ], [ 77.592613043693703, 12.932668977464299 ], [ 77.592658605052506, 12.9336848921241 ], [ 77.592686347066405, 12.9343034712034 ], [ 77.5926980118724, 12.9344851720788 ], [ 77.592699229971402, 12.9345035774501 ], [ 77.592708925164203, 12.934649940963199 ], [ 77.592709270706095, 12.9346614527449 ], [ 77.592713132100897, 12.9347900078712 ], [ 77.592714825450301, 12.934846380003201 ], [ 77.592715945459005, 12.9348836356729 ], [ 77.592728053150793, 12.9352753813882 ], [ 77.5927276399958, 12.935291195655299 ], [ 77.592723517663103, 12.9354493382342 ], [ 77.592714946286506, 12.9357340063205 ], [ 77.592704702705007, 12.936079673072999 ], [ 77.592703796595401, 12.9361033964149 ], [ 77.592703796551405, 12.9361033964176 ], [ 77.592700241998301, 12.9362050684956 ], [ 77.592700006546593, 12.9362051015536 ], [ 77.591741410539001, 12.936338823354101 ], [ 77.591306086326497, 12.936494475902 ], [ 77.591041939196103, 12.9366698835278 ], [ 77.590624399127904, 12.936206502696001 ], [ 77.590556236632096, 12.936128128982901 ], [ 77.590116115883603, 12.936321094130999 ], [ 77.589936661535404, 12.935499617465799 ], [ 77.589644983447997, 12.935522625746 ], [ 77.589625480087804, 12.935524165558 ], [ 77.589622601127104, 12.9355241941487 ], [ 77.589555757097699, 12.9355734178459 ], [ 77.589519011421004, 12.935582817150101 ], [ 77.589450521191907, 12.9356399622722 ], [ 77.589383698561207, 12.9356914443234 ], [ 77.589322622175203, 12.935741740002699 ], [ 77.589244205734303, 12.9357854320538 ], [ 77.589201234118605, 12.935805056841 ], [ 77.589172535256097, 12.9358132469039 ], [ 77.589148934373199, 12.935813481244899 ], [ 77.5891345217657, 12.935811365751601 ], [ 77.589112555400504, 12.935802549460099 ], [ 77.589061458993598, 12.935760143397999 ], [ 77.588886883089103, 12.935634265770799 ], [ 77.588729432023598, 12.9355500020995 ], [ 77.588388176508701, 12.9354494940342 ], [ 77.587937778938894, 12.93520438883 ], [ 77.587866042474303, 12.935170092415801 ], [ 77.587816458659404, 12.9351626793687 ], [ 77.587800882991203, 12.935163352511699 ], [ 77.587779326714895, 12.9351642819529 ], [ 77.5877485602131, 12.9351656117665 ], [ 77.587703132846997, 12.9351705797633 ], [ 77.587629159844397, 12.935198417036601 ], [ 77.587553668706207, 12.9352465967787 ], [ 77.587216644909105, 12.935500645707 ], [ 77.586708688075703, 12.9358704495006 ], [ 77.586648833911397, 12.935927508342299 ], [ 77.586559333511303, 12.9360130938019 ], [ 77.586434818023903, 12.936219861886199 ], [ 77.586362810665904, 12.9363267305314 ], [ 77.586272020954695, 12.9363987770951 ], [ 77.586138544637706, 12.936462212595099 ], [ 77.5859029338189, 12.9365441423466 ], [ 77.585902933168498, 12.9365441416662 ], [ 77.585730703692604, 12.936604031341 ], [ 77.585296244405995, 12.936620761726299 ], [ 77.585267475420494, 12.9366221762742 ], [ 77.5851080656672, 12.9366271446764 ], [ 77.584910091478903, 12.9366324754213 ], [ 77.584910091618497, 12.936632488971499 ], [ 77.584908938625702, 12.936632507629399 ], [ 77.584515300945498, 12.9366443148208 ], [ 77.584001384159393, 12.9366595720393 ], [ 77.582746791034097, 12.936695717603101 ], [ 77.581830599494694, 12.936722860068601 ], [ 77.581830598564395, 12.936722859174401 ], [ 77.580089136971097, 12.936773976239399 ], [ 77.580086834510396, 12.9367739990226 ], [ 77.580035029143801, 12.9367745116405 ], [ 77.578814552863193, 12.9382817893562 ], [ 77.578814541038895, 12.9382818039283 ], [ 77.578102837859404, 12.9391606544834 ], [ 77.577675930976099, 12.9396888752685 ], [ 77.577679790918296, 12.9397283629133 ], [ 77.577702962228997, 12.939966417968099 ], [ 77.577737045078607, 12.9403139080662 ], [ 77.577757635538902, 12.9405248851988 ], [ 77.577756129196601, 12.940546356962001 ], [ 77.577756639904095, 12.9405960414984 ], [ 77.577756639910405, 12.940596042401801 ], [ 77.577440621747897, 12.9405991672953 ], [ 77.577260451983605, 12.940600948703 ], [ 77.576932434626301, 12.9406031797557 ], [ 77.576894342675203, 12.940603438873399 ], [ 77.576836719347, 12.9406040085101 ], [ 77.5768281448305, 12.940604093272601 ], [ 77.576429664209698, 12.9406072768182 ], [ 77.575943970330599, 12.9406111589887 ], [ 77.573845087172799, 12.9406279183109 ], [ 77.573844617461305, 12.940627922948799 ], [ 77.573844733355799, 12.940639214923699 ], [ 77.573842998732204, 12.940694568335701 ], [ 77.573787738538599, 12.940695113967699 ], [ 77.573778513105196, 12.9421520174417 ], [ 77.573771269682496, 12.9432972111764 ], [ 77.573780392510301, 12.9436810870892 ], [ 77.572886315956893, 12.943678622203 ], [ 77.572866744391007, 12.943678815421 ], [ 77.572843498851796, 12.94365758797 ], [ 77.572839470332994, 12.9436576277405 ], [ 77.572839469402695, 12.9436576268462 ], [ 77.572771544558407, 12.9436582974066 ], [ 77.572771543347599, 12.943658298321999 ], [ 77.572712830789698, 12.943658877923699 ], [ 77.572374862962903, 12.9436554381573 ], [ 77.571843425741605, 12.9436482606871 ], [ 77.571543449619398, 12.9436444449146 ], [ 77.571111630790895, 12.9436396709037 ], [ 77.5710719013165, 12.943638933540701 ], [ 77.571061412509493, 12.943626614563501 ], [ 77.570711931627997, 12.9436232862023 ], [ 77.570390094576993, 12.943620814040001 ], [ 77.570363823731597, 12.9436414008036 ], [ 77.570344240553197, 12.9436404646314 ], [ 77.568346279518806, 12.9436089092329 ], [ 77.567834959875398, 12.9436008296076 ], [ 77.567834945633507, 12.943601957257499 ], [ 77.567834958945198, 12.943600828713301 ], [ 77.567844638896702, 12.942803435846599 ], [ 77.567781267694102, 12.9426866112684 ], [ 77.567685441342306, 12.942548649384401 ], [ 77.567685440821805, 12.9425486495252 ], [ 77.567648045732795, 12.9424948114884 ], [ 77.567492603034296, 12.942269350082301 ], [ 77.566998446293297, 12.9417423089454 ], [ 77.566848888170298, 12.9415292114964 ], [ 77.566771998607905, 12.941328950148399 ], [ 77.566727541028499, 12.9411475677983 ], [ 77.566721241497106, 12.9410945519023 ], [ 77.566671755288198, 12.9407031659567 ], [ 77.566647938049201, 12.9401760091013 ], [ 77.566494913152098, 12.9401865502777 ], [ 77.566324526905007, 12.940188227741 ], [ 77.566169602665397, 12.940181847656399 ], [ 77.566080796159994, 12.940127153989501 ], [ 77.566075749903405, 12.9401240469934 ], [ 77.566054810552203, 12.9400919094406 ], [ 77.566028960123404, 12.940052231208901 ], [ 77.565987558074895, 12.9400006901067 ], [ 77.565949782002903, 12.939909587163299 ], [ 77.565922894672497, 12.9397573938422 ] ] ] } }
]
}
