region_id,lgd_code,name
village_579013,579013,MADIMERU
village_579014,579014,KANNAIGUDEM
village_579015,579015,MIDFORDPETA
village_579016,579016,THALLAGUDEM
village_579017,579017,GOTTUGUDEM
village_579018,579018,FERGUSANPETA
village_579019,579019,THUNIKICHERUVU
village_579020,579020,SREENIVASAPURAM
village_579021,579021,LINGALAPALLE
village_579022,579022,RAMAGOPALAPURAM
village_579023,579023,PATTUCHEERA
village_579024,579024,BURUGUVAI
village_579025,579025,LAXMIPURAM
village_579026,579026,MADHAVARAOPETA
village_579027,579027,GOLLAGUPPA
village_579028,579028,BANDIREVU
village_579029,579029,CHINNA BANDIREVU
village_579030,579030,RANGAPURAM
village_579031,579031,KANNAPURAM
village_579032,579032,VISWAPURAM
village_579033,579033,YERRABORU
village_579034,579034,KANNAPURAM
village_579035,579035,DAMMAPETA
village_579036,579036,NARASINGAPETA
village_579037,579037,PITCHIKALAPADU
village_579038,579038,SEETHAMPETA
village_579039,579039,CHINTHALAGUDEM
village_579040,579040,KOLANUGUDEM
village_579041,579041,CHANDRAMPALEM
village_579042,579042,YETAPAKA
village_579043,579043,LAKSHMIDEVIPETA
village_579044,579044,PURUSHOTHAPATNAM
village_579045,579045,SEETARAMAPURAM
village_579046,579046,GUNDALA
village_579047,579047,K. NARAYANAPURAM
village_579048,579048,PINAPALLE
village_579049,579049,RAYANAPETA
village_579050,579050,PENUBALLE
village_579051,579051,PANDURANGAPURAM
village_579052,579052,YERRAGUNTA
village_579053,579053,CHOWDAVARAM
village_579054,579054,CHINNA NALLAKUNTA
village_579055,579055,NALLAKUNTA
village_579056,579056,NELLIPAKA
village_579057,579057,BUTTAIGUDEM
village_579058,579058,DEVARAPALLE
village_579059,579059,GOGUBAKA
village_579060,579060,GOMMU KOYAGUDEM
village_579061,579061,KAPAVARAM
village_579062,579062,KOTHAGUDEM
village_579063,579063,BODDUGUDEM
village_579064,579064,AYYAVARIPETA
village_579065,579065,TRIPURA PENTA VEEDU
village_579066,579066,GOLLAGUDEM
village_579067,579067,THOTAPALLE
village_579068,579068,KAPUGAMPALLE
village_579069,579069,RACHAGAMPALLE
village_579070,579070,GANNAVARAM
village_579071,579071,RAJUPETA
village_579072,579072,KISTARAM
village_579073,579073,KUSUMANAPALLE
village_579074,579074,ACHUTHAPURAM
village_579075,579075,RAGHAVAPURAM
village_579076,579076,KONDAIGUDEM
village_579077,579077,CHELEMPALEM
village_579078,579078,NALLAKUNTA
village_579079,579079,MUMMADIVARU
village_579080,579080,GOWRIDEVI PETA
village_579081,579081,NANDIGAMA
village_579082,579082,MURUMOOR
village_579083,579083,BANDIGUMPU
village_579084,579084,DORAMITTA
village_579085,579085,THOTTIMADUGU
village_579087,579087,TEKULODDI
village_579088,579088,SEETARAMPURAM
village_579089,579089,KODERU
village_579090,579090,HARVEGUDEM
village_579091,579091,BOJJARAIGUDEM
village_579092,579092,TALLAGUDEM
village_579093,579093,REGULAPADU
village_579094,579094,LINGAPURAM
village_579095,579095,ABICHERLA
village_579096,579096,KUTURUGATTU
village_579097,579097,KUTURU
village_579098,579098,MULLURU
village_579099,579099,BHAGAVANPURAM
village_579100,579100,REPAKA
village_579101,579101,GANDI KOTHAGUDEM
village_579102,579102,METTA RAMAVARAM
village_579103,579103,PEDDARUKUR
village_579104,579104,BODUNURU
village_579105,579105,BYRAVAPATNAM
village_579106,579106,CHINNARUKUR
village_579107,579107,CHINARKUR
village_579108,579108,WALFORDPETA
village_579109,579109,KOTHURU
village_579110,579110,PANDIRAJUPALLE
village_579111,579111,PAIDIGUDEM
village_579112,579112,PALLURU
village_579113,579113,AYYAVARIGUDEM
village_579114,579114,POTLAVARIGUDEM
village_579115,579115,KUDALIPADU
village_579116,579116,DUGUTTA
village_579117,579117,POCHAVARAM
village_579118,579118,GUNDUVARIGUDEM
village_579119,579119,CHINNAPOLIPAKA
village_579120,579120,PEDDA POLIPAKA
village_579121,579121,KACHAVARAM
village_579122,579122,TEKUBAKA
village_579123,579123,NARASINGAPETA
village_579124,579124,KARAKAGUDEM
village_579125,579125,POTLAVAI
village_579126,579126,VENKATAYAPALEM
village_579127,579127,GOMMU AYYAVARIGUDEM
village_579128,579128,KUMARASWAMIGUDEM
village_579129,579129,JAGGAVARAM
village_579130,579130,KONDAIGUDEM
village_579131,579131,GOMMUGUDEM
village_579132,579132,MARRIGUDEM
village_579133,579133,CHUCHIREVULA
village_579134,579134,LAXMIPURAM
village_579135,579135,CHUCHIREVULA GUDEM
village_579136,579136,TURAKALAGUDEM
village_579137,579137,LELLAVAI
village_579138,579138,KUNAVARAM
village_579139,579139,SRIRAMPURAM
village_579140,579140,VENKATRAYAPALEM
village_579141,579141,KONDARAJUPETA
village_579142,579142,S.KOTHAGUDEM
village_579143,579143,DONGALA JAGGARAM
village_579144,579144,NARSINGAPETA
village_579145,579145,MALLAMPETA
village_579146,579146,NARAKONDA
village_579147,579147,ALLIGUDEM
village_579148,579148,VINAYAKAPURAM
village_579149,579149,SURAKUNTA
village_579150,579150,KATUKAPALLE
village_579151,579151,MADDILAMEDA
village_579152,579152,IRKAMPETA
village_579153,579153,BALIMELA
village_579154,579154,YEDUGURALLAPALLE
village_579155,579155,TATILANKA
village_579156,579156,UPPANAPALLE
village_579157,579157,UPPANAPALLE GATTU
village_579158,579158,VEPALA PADU
village_579159,579159,MADDIGUDEM
village_579160,579160,BODDUGUDEM
village_579161,579161,PEGA
village_579162,579162,VENKAGUDEM
village_579163,579163,LACHIGUDEM
village_579164,579164,GANGANAMETTA
village_579165,579165,SARIVELA
village_579166,579166,VENKATRAMPURAM
village_579167,579167,AHMMADALIPETA
village_579168,579168,BURAKANAKOTA
village_579169,579169,NARAYANAPURAM
village_579170,579170,TUMMALA
village_579171,579171,NARSIMHAPURAM
village_579172,579172,SIGANNAGUDEM
village_579173,579173,KANNAPURAM
village_579174,579174,PALAGUDEM
village_579175,579175,SUDDAGUDEM
village_579176,579176,CHIDUMURUM
village_579177,579177,CHATTI
village_579178,579178,KUMMURU
village_579179,579179,MALLETHOTA
village_579180,579180,ULUMURU
village_579181,579181,AGRAHARAPU KODERU
village_579182,579182,THUMMARGUDEM
village_579183,579183,KONDAPALLE
village_579184,579184,RAMANNAPALEM
village_579185,579185,CHINNA SEETHANNAPALLE
village_579186,579186,PEDDA SEETANAPALLE
village_579187,579187,NARSINGAPETA
village_579188,579188,MUKKUNURU
village_579189,579189,MARKANDEYULA PETA
village_579190,579190,CHUTUR
village_579191,579191,VEGITHOTA
village_579192,579192,KOLTHURU
village_579193,579193,KANSULURU
village_579194,579194,KANNAYAGUDEM
village_579195,579195,TATIYAKULAGUDEM
village_579196,579196,LAKSHMIPURAM
village_579197,579197,CHINTUR
village_579198,579198,YERRAMPETA
village_579199,579199,POTHANAPALLE
village_579200,579200,STAFORDPETA
village_579201,579201,RATNAPURAM
village_579202,579202,KUYUGURU
village_579203,579203,KALLERU
village_579204,579204,MADUGUR
village_579205,579205,SURANNAGANDI
village_579206,579206,GUDURU
village_579207,579207,DEVARAPALLE
village_579208,579208,KOTHAPALLE
village_579209,579209,VEMULRAI
village_579210,579210,NELAKOTA
village_579211,579211,MARRIMADDI
village_579212,579212,MOTHUGUDEM
village_579213,579213,CHOPPUMAMIDE
village_579214,579214,GONDIGUDEM
village_579215,579215,TULUGONDA
village_579216,579216,DONDAGUDEM
village_579217,579217,SIRASANAPALLE
village_579218,579218,KESARAM
village_579219,579219,GOPANAPALLE
village_579220,579220,YERRAKONDAPAKALU
village_579221,579221,LAKKAVARAM
village_579222,579222,THULASIPAKALU
village_579223,579223,MITTAVADA
village_579224,579224,LAKKAGUDEM
village_579225,579225,CHOWLURU
village_579226,579226,GAMALLAKOTA
village_579227,579227,TUSTIGUDEM
village_579228,579228,CHADALAVADA
village_579229,579229,SURAVADA
village_579230,579230,YERUVADA
village_579231,579231,JALLIWADA
village_579232,579232,PRATHIPAKA
village_579233,579233,RAVIGUDEM
village_579234,579234,VENKANNAGUDEM
village_579235,579235,KOPPALLE
village_579236,579236,SOMULAGUDEM
village_579237,579237,RAMAVARAM
village_579238,579238,CHOPPALLE
village_579239,579239,MULAKANAPALLE
village_579240,579240,KOTHAPETA
village_579241,579241,GOLLAGUDEM
village_579242,579242,VERAPAPANIKUNTA
village_579243,579243,TELLAMVARI GUDEM
village_579244,579244,GULLETIWADA
village_579245,579245,KUNDULURU
village_579246,579246,JALLIVARI GUDEM
village_579247,579247,KUNJAVARI GUDEM
village_579248,579248,KANNAMPETA
village_579249,579249,KOKKIRAGUDEM
village_579250,579250,TEKULURU
village_579251,579251,KACHAVARAPU PADU
village_579252,579252,VENKUTURU
village_579253,579253,SOMANAMALLU
village_579254,579254,KOLLERUPADU
village_579255,579255,VENKAMPALEM
village_579256,579256,CHINNAMATTAPALLE
village_579257,579257,KANNAYAGUDEM
village_579258,579258,GUNDUGUDEM
village_579259,579259,CHINTHARAJUPALLE
village_579260,579260,GURRAMPETA
village_579261,579261,UMMADIVARAM
village_579262,579262,NUTHIGUDEM
village_579263,579263,PEDDAMATTAPALLE
village_579264,579264,THAMMAYYAPETA
village_579265,579265,PULUSUMAMIDI
village_579266,579266,BURUGUWADA
village_579267,579267,ANNAVARAM
village_579268,579268,NARAYANAPURAM
village_579269,579269,WADDEGUDEM
village_579270,579270,SUDDAGUDEM
village_579271,579271,REKAPALLE
village_579272,579272,THOTAPALLE
village_579273,579273,RAJUPETA
village_579274,579274,SEETHAMPETA
village_579275,579275,KOTHAGUDEM
village_579276,579276,SRIRAMGIRI
village_579277,579277,CHOKKANAPALLE
village_579278,579278,KOTHURU
village_579279,579279,KALTHUNURU
village_579280,579280,JEDIGUPPA
village_579281,579281,KOTTARUGOMMU
village_579282,579282,ISUNURU
village_579283,579283,MULKAPALLE
village_579284,579284,BHIMAVARAM
village_579285,579285,DARAPALLE
village_579286,579286,MAREDUPUDI
village_579287,579287,CHILAKALAPALLE
village_579288,579288,IPPURU
village_579289,579289,VENKATA NARASIMHAPURAM
village_579290,579290,POCHAVARAM
village_579291,579291,TUMMILERU
village_579292,579292,KONDEPUDI
village_579293,579293,KOLLURU
village_579294,579294,RUDRAMKOTA
village_579295,579295,REPAKAGOMMU
village_579296,579296,THATUKUR
village_579297,579297,TIRUMALAPURAM
village_579298,579298,NARLAVARAM
village_579299,579299,KOTHURU
village_579300,579300,CHIGURUMAMIDI
village_579301,579301,SIDDARAM
village_579302,579302,TEKURU
village_579303,579303,KATUKUR
village_579304,579304,KACHARAM
village_579305,579305,KOIDA
village_579306,579306,TEKUPALLE
village_579307,579307,KAKISNOOR
village_579308,579308,PARENTAPALLE
village_579309,579309,MEDAPALLE
village_579310,579310,KOYAMADARAM
village_579311,579311,LACHAPETA
village_579312,579312,GUNDLAVAI
village_579313,579313,RALLAPUDI
village_579314,579314,RAMAVARAM
village_579315,579315,GOMMURU
village_579316,579316,THONDIPAKA
village_579317,579317,KOMATLAGUDEM
village_579318,579318,AMARAVARAM
village_579319,579319,UPPERU
village_579320,579320,POLARAM
village_579321,579321,DAMARACHARLA
village_579322,579322,CHEERAVALLI
village_579323,579323,MADHAVARAM
village_579324,579324,KOWNDINYAMUKTHI
village_579325,579325,VINJARAM
village_579326,579326,KONDAPALLE
village_579327,579327,MAREDUBAKA
village_579328,579328,KIVVAKA
village_579329,579329,KUKUNOOR
village_579330,579330,DACHARAM
village_579331,579331,RAMACHANDRAPURAM
village_579332,579332,GOMMUGUDEM
village_579333,579333,POCHARAM
village_579334,579334,ARVAIPALLE
village_579346,579346,SEETHARAMA NAGAR
village_579347,579347,SRIDHARA
village_579348,579348,GUMPANAPALLE
village_579349,579349,GANAPAVARAM
village_579350,579350,IBRAHIMPETA
village_579351,579351,RAVIGUDEM [BIG]
village_579911,579911,KADAKELLA
village_579912,579912,KAMBARA
village_579913,579913,DASUMANTHA PURAM
village_579914,579914,NARSIPURAM
village_579915,579915,CHINAGORA
village_579916,579916,PEDDURU
village_579917,579917,CHALIVENDRI
village_579918,579918,JIRAYATHI GOPALAPURAM
village_579919,579919,BURUGA
village_579920,579920,NADUKURU
village_579921,579921,VIKRAMPURAM
village_579922,579922,NADIMIKELLA
village_579923,579923,MODATIKELLA
village_579924,579924,SRIHARI PURAM
village_579925,579925,CHITTIPUDIVALASA
village_579926,579926,KIMMI
village_579927,579927,KOTTUGUMADA
village_579928,579928,VEERAGHATTAM
village_579929,579929,KUMBIDI ICHAPURAM
village_579930,579930,MOKASHARAJAPURAM
village_579931,579931,KATTULAKAVITI
village_579932,579932,HUSSAIN PURAM
village_579933,579933,KONCHA
village_579934,579934,BODLAPADU
village_579935,579935,REGULAPADU
village_579936,579936,V. VENKAMPETA
village_579937,579937,CHIDIMIDARI SEETHARAMARAJUPETA
village_579938,579938,CHIDIMI
village_579939,579939,GADAGAMMA
village_579940,579940,PALAMETTA VIZIARAMAPURAM
village_579941,579941,TUDI
village_579942,579942,VANDUVA
village_579943,579943,ADARU
village_579944,579944,DEPPIVALASA
village_579945,579945,CHEBIYYAM VALASA
village_579946,579946,BITIWADA
village_579947,579947,TETTANGI
village_579948,579948,KUMMARIGUNTA
village_579949,579949,PANASANANDIVADA
village_579950,579950,NEELANAGARAM
village_579951,579951,TALAVARAM
village_579952,579952,GUDANGI
village_579953,579953,TUMBALI
village_579954,579954,MARRIPADU
village_579955,579955,KEESARAIJODU
village_579956,579956,PULIPUTTI
village_579957,579957,BILLUMADA
village_579958,579958,BENARAI
village_579959,579959,DABARA
village_579960,579960,DANJUPAI
village_579961,579961,RAMANAGARAM
village_579962,579962,GADIDAPAI
village_579963,579963,KILLADA
village_579964,579964,MEKAVA
village_579965,579965,RUPAI
village_579966,579966,TADIPAI
village_579967,579967,JAYAPURAM
village_579968,579968,GADIGUJJI
village_579969,579969,KANDISA
village_579970,579970,GADIKARAM
village_579971,579971,VELAGAPURAM
village_579972,579972,DUGGI
village_579973,579973,CHINAPOLLA
village_579974,579974,PEDAPOLLA
village_579975,579975,EGULADA
village_579976,579976,MANAPURAM
village_579977,579977,KUSUMURU
village_579978,579978,TITUKUPAI
village_579979,579979,KOTHAKOTA
village_579980,579980,TANGINIBHADRA
village_579981,579981,KUMBHI
village_579982,579982,DASUGUMADA
village_579983,579983,PEDATANKIDI
village_579984,579984,KODULA VEERAGHATTAM
village_579985,579985,CHEKKAPURAM
village_579986,579986,DONUBAI
village_579987,579987,PUBBADA
village_579988,579988,SAMARELLI
village_579989,579989,RAIKURUDU
village_579990,579990,DARAPADU
village_579991,579991,KOSANGI
village_579992,579992,TUMBAKONDA
village_579993,579993,JALLARA
village_579994,579994,GUMADA
village_579995,579995,CHINTADA
village_579996,579996,HADDUBHANGI
village_579997,579997,SOMAGANDI
village_579998,579998,SEETHAMPETA
village_579999,579999,DEVANAPURAM
village_580000,580000,GADIGUDDI
village_580001,580001,JAGATHIPALLE
village_580002,580002,KAREM
village_580003,580003,PEDARAMA
village_580004,580004,CHINARAMA
village_580005,580005,KOPUVALASA
village_580006,580006,VAMBARILLI
village_580007,580007,BUDAGARAI
village_580008,580008,SEEDHI
village_580009,580009,GEDDAKOLA
village_580010,580010,ANTIKONDA
village_580011,580011,KURUSINGI
village_580012,580012,PEDAPALLANKI
village_580013,580013,GUJJI
village_580014,580014,CHINATANKIDI
village_580015,580015,BARNA
village_580016,580016,CHINAPALLANKI
village_580017,580017,MEENAKOTA
village_580018,580018,ATCHABA
village_580019,580019,PEDAKAMBA
village_580020,580020,CHINAKAMBA
village_580021,580021,JONAGA
village_580022,580022,MANDA
village_580023,580023,NOWGADA
village_580024,580024,KIRAPA
village_580025,580025,PANUKUVALASA
village_580026,580026,TURAIPUVALASA
village_580027,580027,PEDDURU
village_580028,580028,KONDAPETA
village_580029,580029,WABA
village_580030,580030,YENUGUPETA
village_580031,580031,KUDDAPALLE
village_580032,580032,GONDI
village_580033,580033,SAVARAGONDI
village_580034,580034,VALAGEDDA
village_580035,580035,RASOOLPETA
village_580036,580036,DARABA
village_580037,580037,NARANDASUPETA
village_580038,580038,PONJADA
village_580039,580039,THOTTADI
village_580040,580040,KINDANGI
village_580041,580041,ADDAKULAGUDA
village_580042,580042,SILAGAM
village_580043,580043,BETHUPURAM
village_580044,580044,JAJJUVA
village_580045,580045,VAJJAIGUDA
village_580046,580046,ADALI
village_580047,580047,KONDACHORLANGI
village_580048,580048,SAMBHAM
village_580049,580049,SANTHAMALLI @ PEDAMALLI
village_580050,580050,KUSIMI
village_580051,580051,JILLEDUPADU
village_580052,580052,SARANGI
village_580053,580053,MUTYALU
village_580054,580054,GOLUKUPPA
village_580055,580055,GULUMURU
village_580056,580056,KODISA
village_580057,580057,DABARA @ GEDDAGUDA
village_580058,580058,TALADA
village_580059,580059,SARA
village_580060,580060,LOKOTHAVALASA
village_580061,580061,KOTHAM
village_580062,580062,BHUTHALAGUDA
village_580063,580063,DEVAGIRI
village_580064,580064,GAJALI
village_580065,580065,PEDAVANGARA
village_580066,580066,KADAGANDI
village_580067,580067,CHINAVANGARA
village_580068,580068,VANDRAJOLA
village_580069,580069,BHUCHENDRI
village_580070,580070,PALAVALASA
village_580071,580071,MANUMUKONDA
village_580072,580072,BATTILI
village_580073,580073,BOMMIKA
village_580074,580074,PAKKUDIBHADRA
village_580075,580075,VADDANGI
village_580076,580076,LOHARIJOLA
village_580077,580077,GURANDI
village_580078,580078,NERADI
village_580079,580079,NULAKAJODU
village_580080,580080,SINGIDI
village_580081,580081,PASUKUDI
village_580082,580082,BURUJOLA
village_580083,580083,MANIGA
village_580084,580084,BHAMINI
village_580085,580085,LIVIRI
village_580086,580086,DIMMIDIJOLA
village_580087,580087,SOLIKIRI
village_580088,580088,GHANASARA
village_580089,580089,KOSALI
village_580090,580090,PEDDADIMILI
village_580091,580091,CHINNADIMILI
village_580092,580092,KADUMU
village_580093,580093,BALADA
village_580094,580094,KOUSALYAPURAM
village_580095,580095,VEERANARAYANAPURAM
village_580096,580096,KURIGAM
village_580097,580097,DIMILI
village_580098,580098,ALTHI
village_580099,580099,BODDAGUDA
village_580100,580100,KAKARAGUDA
village_580101,580101,RAYALA
village_580102,580102,PONNUTURU
village_580103,580103,KUDDIGAM
village_580104,580104,CHOMPA
village_580105,580105,MATHALA
village_580106,580106,SIRUSUVADA
village_580107,580107,KOTHURU
village_580108,580108,KARLEMMA
village_580109,580109,MAHARTHAPURAM
village_580110,580110,VASAPA
village_580111,580111,NIVAGAM
village_580112,580112,VENKATAPURAM
village_580113,580113,SANDIPOLAM
village_580114,580114,BAMMIDI
village_580115,580115,KALIGAM
village_580116,580116,PARAPURAM
village_580117,580117,LABBA
village_580118,580118,ADDANGI
village_580119,580119,IRAPADU
village_580120,580120,PEDDAMADI
village_580121,580121,VONDRUJOLA
village_580122,580122,NERADI
village_580123,580123,GURANDI
village_580124,580124,PATHAPADU
village_580125,580125,SHOBHANAPURAM
village_580126,580126,ANGURU
village_580127,580127,AKULATAMPARA
village_580128,580128,SAVARASIDDAMADUGU
village_580129,580129,BONNI
village_580130,580130,CHINAKINGA
village_580131,580131,ADINARAYANAPETA
village_580132,580132,STUVARTUPETA
village_580133,580133,SORLANDA
village_580134,580134,NALLABONTHU
village_580135,580135,BAIDALAPURAM
village_580136,580136,SODA
village_580137,580137,PEDDASUNNAPURAM
village_580138,580138,NALLAKOTTURU
village_580139,580139,ROUTHUPURAM
village_580140,580140,ATISURIKAVITI
village_580141,580141,GOPALAPURAM
village_580142,580142,PATHAPATNAM
village_580143,580143,ANTHARABA
village_580144,580144,CHANGUDI
village_580145,580145,ANGARASINGI
village_580146,580146,DASARADHIPURAM
village_580147,580147,IPPALAPADU
village_580148,580148,SARALI
village_580149,580149,KODANDAPURAM
village_580150,580150,CHINNAPADMAPURAM
village_580151,580151,DASUPURAM
village_580152,580152,TIDDIMI
village_580153,580153,KOTTURU
village_580154,580154,PRAHARAJAPALEM
village_580155,580155,PADIMANYAM
village_580156,580156,BURAGAM
village_580157,580157,ROMPIVALASA
village_580158,580158,JAGGILIBONTHU
village_580159,580159,MAKIVALASA
village_580160,580160,PHASIGANGUPETA
village_580161,580161,SOBHA
village_580162,580162,THAMARA
village_580163,580163,GANDHAMSARIYA
village_580164,580164,PITTALASARIA
village_580165,580165,SEEDI
village_580166,580166,KORASAVADA
village_580167,580167,GURANDI
village_580168,580168,BORUBHADRA
village_580169,580169,LABARA
village_580170,580170,CHINNAMALLIPURAM
village_580171,580171,PEDDAMALLIPURAM
village_580172,580172,GANGUVADA
village_580173,580173,KONANGI
village_580174,580174,HARIDWARAM
village_580175,580175,THEMBURU
village_580176,580176,GITTANGI
village_580177,580177,KOSAMALA
village_580178,580178,MELIAPUTTI
village_580179,580179,GANGARAJAPURAM
village_580180,580180,SURJINI
village_580181,580181,BAGADA
village_580182,580182,RAIKOLA
village_580183,580183,MARA
village_580184,580184,KODUKOLIGAM
village_580185,580185,SANTHOSHAPURAM
village_580186,580186,GOKARNAPURAM
village_580187,580187,GOPPILI
village_580188,580188,KARAJADA
village_580189,580189,MUKTAPURAM
village_580190,580190,CHOMPAPURAM
village_580191,580191,MARRIPADU (K)
village_580192,580192,MURUKUNTIBADRA
village_580193,580193,JARRIBADRA
village_580194,580194,NANDAVA
village_580195,580195,BELLUPADU
village_580196,580196,SINGUPURAM
village_580197,580197,JAGANNADHAPURAM
village_580198,580198,JADUPALLE
village_580199,580199,BURADA RAMACHANDRAPURAM
village_580200,580200,CHINNA PEDDA KOTHURU
village_580201,580201,MARRIPADU (C)
village_580202,580202,PEDDAPADMAPURAM
village_580203,580203,DURBALAPURAM
village_580204,580204,VASANDHARA
village_580205,580205,MAKANNAPALLE
village_580206,580206,SIRIAKANDI
village_580207,580207,SUNDARADA
village_580208,580208,KOMMURU
village_580209,580209,CHINTAPALLE
village_580210,580210,ANJANEYAPURAM
village_580211,580211,PADDA
village_580212,580212,DABARU
village_580213,580213,DEENABANDHUPURAM
village_580214,580214,GEDALAPOLURU
village_580215,580215,DABBAGUDA
village_580216,580216,JODURU
village_580217,580217,ARCHANAPURAM
village_580218,580218,SAVARAJADUPALLE
village_580219,580219,RANGADUGHATI
village_580220,580220,TUMUKONDA RAMA CHANDRAPURAM
village_580221,580221,PARASURAMPURAM
village_580222,580222,PEDDAMADI
village_580223,580223,CHEEPURAPALLE
village_580224,580224,THUMUKINDA BANJARU
village_580225,580225,PULASARA
village_580226,580226,SAJJANAPURAM
village_580227,580227,CUDDABA
village_580228,580228,KERASINGI
village_580229,580229,CHINNASUNNAPURAM
village_580230,580230,GODDA
village_580231,580231,ROMPI
village_580232,580232,AMPURAM
village_580233,580233,MUTYANIBONTHU
village_580234,580234,NELABONTHU
village_580235,580235,CHANDRAGIRI
village_580236,580236,GOTTIPALLE
village_580237,580237,PEDDAKEDARI
village_580238,580238,BOURASINGI
village_580239,580239,HADDIVADA
village_580240,580240,VENKATAPURAM
village_580241,580241,BANDAPALLE
village_580242,580242,RAMACHANDRAPURAM
village_580243,580243,KOTHURU
village_580244,580244,PULLANGINERUDULOVA
village_580245,580245,MARIDIKOTA
village_580246,580246,NAIDUPOLURU
village_580247,580247,LOTHURU
village_580248,580248,KANTRAGADA
village_580249,580249,RAGHUNADHAPURAM
village_580250,580250,GOVINDAPURAM
village_580251,580251,MAHADEVIPURAM
village_580252,580252,KOITA
village_580253,580253,RENTIKOTA
village_580254,580254,RAMAKRISHNA PURAM
village_580255,580255,PEDANCHALA
village_580256,580256,MARADARAJAPURAM
village_580257,580257,ALLUKHOLA
village_580258,580258,LODDABHADRA
village_580259,580259,TARLAKOTA
village_580260,580260,KAIJOLA
village_580261,580261,SASANAM
village_580262,580262,SUNNADA
village_580263,580263,RAJAGOPALAPURAM
village_580264,580264,JAGANNADHAPURAM
village_580265,580265,POTRIYA
village_580266,580266,GODAVARIPURAM
village_580267,580267,VEERA RAMACHAN DRAPURAM
village_580268,580268,CHINANCHALA
village_580269,580269,EDURAPALLE
village_580270,580270,GANGUVADA
village_580271,580271,KAMBRIGAM
village_580272,580272,RAMAKRISHNAPURAM
village_580273,580273,SUNNADEVI
village_580274,580274,MAMIDIMETTU
village_580275,580275,RANGOI
village_580276,580276,GURUDASUPURAM
village_580277,580277,NEELAVATHI
village_580278,580278,BODDAPADU
village_580279,580279,SOGODIYA
village_580280,580280,KEDARIPURAM
village_580281,580281,BANTUKOTTURU
village_580282,580282,PEDDANARAYANAPURAM
village_580283,580283,NEELIBHADRA
village_580284,580284,KESIPURAM
village_580285,580285,GOPIVALLABHAPURAM
village_580286,580286,TEKKALIPATNAM
village_580287,580287,TOTAVOORU
village_580288,580288,MODUGULAPUTTI
village_580289,580289,KOTHAJAGADEVAPURAM
village_580290,580290,VEERABHADRAPURAM
village_580291,580291,AMALAKUDIA
village_580292,580292,PURNABHADRA
village_580293,580293,PANDASASANAM
village_580294,580294,BRAHMANATARLA
village_580295,580295,LAXMIPURAM
village_580296,580296,KISTUPURAM
village_580297,580297,PATHAJAGADEVAPURAM
village_580298,580298,SARIYAPALLE
village_580299,580299,GARUDAKHANDI
village_580300,580300,GOPALAPURAM
village_580301,580301,GOWDUGURANTI
village_580302,580302,BUDARASINGI
village_580303,580303,SIRIPURAM
village_580304,580304,MOGALAIPETA
village_580305,580305,POTHANGI
village_580306,580306,MUKUNDAPURAM
village_580307,580307,POTHANGIBISWALI
village_580308,580308,BELLUPATIA
village_580309,580309,HONNALI
village_580310,580310,CHEEPI
village_580311,580311,SINGUPURAM
village_580312,580312,NUVAGAM
village_580313,580313,DABARUSINGI
village_580314,580314,TUBBURU
village_580315,580315,BANJARUYUVARAJA PURAM
village_580316,580316,KONTABONO
village_580317,580317,BOGABANDA
village_580318,580318,SANDHIGAM
village_580319,580319,KONKADAPUTTI
village_580320,580320,KILLOYI
village_580321,580321,MANDAVURU
village_580322,580322,KUSUMALA
village_580323,580323,HAMSARALI
village_580324,580324,CHATRAPURAM
village_580325,580325,ICHAPURAM
village_580326,580326,DIMIRIA
village_580327,580327,JULLUNDA
village_580328,580328,MANDASA
village_580329,580329,RADHAKRISHNAPURAM
village_580330,580330,SIDDIGAM
village_580331,580331,SRIRAMPURAM
village_580332,580332,MULIPADU
village_580333,580333,SONDIPUDI
village_580334,580334,BALAJIPURAM
village_580335,580335,BAIRISARANGAPURAM
village_580336,580336,UMMAGIRI
village_580337,580337,PITHATHOLI
village_580338,580338,PUCHAPADU
village_580339,580339,DABARU
village_580340,580340,GOVINDAPURAM
village_580341,580341,AMBUGAMBIT
village_580342,580342,KOTHAPALLE
village_580343,580343,BHINNALA
village_580344,580344,VENKATAVARADA -RAJAPURAM
village_580345,580345,BALIGAM
village_580346,580346,KUNTIKOTA
village_580347,580347,VEERAGUNNAMAPURAM
village_580348,580348,PIDIMANDSA
village_580349,580349,MADHYA
village_580350,580350,SAVARAMADHYA
village_580351,580351,ONASYA
village_580352,580352,DEVUPURAM
village_580353,580353,NARASINGAPURAM
village_580354,580354,LAKSHMINARAYANA PURAM
village_580355,580355,KARAPALLE
village_580356,580356,KONDALOGAM
village_580357,580357,MALAGOVINDA PURAM
village_580358,580358,RAGHUNADHAPURAM
village_580359,580359,MAKARAJOLA
village_580360,580360,VASUDEVUPURAM
village_580361,580361,ATCHUTAPURAM
village_580362,580362,PATHAKAMALA PURAM
village_580363,580363,KOTHAKAMALAPURAM
village_580364,580364,VEERABHADRA
village_580365,580365,HARIPURAM
village_580366,580366,AMBUGAM
village_580367,580367,LOHARIBANDA
village_580368,580368,PITHALI
village_580369,580369,DUNNAVURU
village_580370,580370,MARRIPADU
village_580371,580371,GOLLAPALEM
village_580372,580372,LIMBUGAM
village_580373,580373,NARAYANAPURAM
village_580374,580374,BANJARUKESUPURAM
village_580375,580375,RANGANADHAPURAM
village_580376,580376,ALLIMERAKA
village_580377,580377,SUVARNAPURAM
village_580378,580378,SARIAPALLE
village_580379,580379,BAHADAPALLE
village_580380,580380,RATTI
village_580381,580381,BETHALAPURAM
village_580382,580382,LAXMIPURAM
village_580383,580383,BIDIMI
village_580384,580384,KUMBARINOWGAM
village_580385,580385,GHATIMUKUNDAPURAM
village_580386,580386,BHYRIPURAM
village_580387,580387,POLERU
village_580388,580388,DOLAGOVINDAPURAM
village_580389,580389,JANARDHANAPURAM
village_580390,580390,MUNDALA
village_580391,580391,DEPPIPADA
village_580392,580392,TIMMALANJI
village_580393,580393,JILLUNDA
village_580394,580394,REKHADEVIPURAM
village_580395,580395,BELLUPADA
village_580396,580396,YEKKALA
village_580397,580397,BHINNALA
village_580398,580398,BHINNALA KOTHURU
village_580399,580399,JADUPUDI
village_580400,580400,PEDDAKHOJIRIA
village_580401,580401,CHINNAKHOJIRIA
village_580402,580402,KESARIPADA
village_580403,580403,KOLLURU
village_580404,580404,GUNDAM
village_580405,580405,RAGAPURAM
village_580406,580406,MATHAMSARIAPALLE
village_580407,580407,SIRTHALI
village_580408,580408,KARTHALI
village_580409,580409,AMPURAM
village_580410,580410,MAKARAMPURAM
village_580411,580411,KATTIVARAM
village_580412,580412,NARASANNAMUKUNDAPURAM
village_580413,580413,PURUSHOTHAPURAM
village_580414,580414,ARAVASARIAPALLE
village_580415,580415,PUDABHADRA
village_580416,580416,DALESWARAM
village_580417,580417,RANGUMATIA
village_580418,580418,GOPAKELI
village_580419,580419,NUVAGADA
village_580420,580420,SASANAM
village_580421,580421,GOKARNAPURAM
village_580422,580422,VEERANARAYANA PURAM
village_580423,580423,BURAGAM
village_580424,580424,LAXMIPURAM
village_580425,580425,AMARAVATI
village_580426,580426,JALANTRAKOTA
village_580427,580427,JENNAGHAI
village_580428,580428,BONAMALI
village_580429,580429,MAHALPADA
village_580430,580430,BHOGABENI
village_580431,580431,VEERA RAMACHAN DRA PURAM
village_580432,580432,KANCHILI
village_580433,580433,SAMANTHA RAMACHANDRAPURAM
village_580434,580434,PADMATULA
village_580435,580435,BALIYAPUTTUGA
village_580436,580436,PATHRAPADA
village_580437,580437,MANDAPALLE
village_580438,580438,TALATAMPARA
village_580439,580439,AMMAVARIPUTTUGA
village_580440,580440,KUTTUMA
village_580441,580441,KOKKILIPUTTUGA
village_580442,580442,MUCHINDRA
village_580443,580443,KEDARIPURAM
village_580444,580444,BALAKRISHNAPURAM
village_580445,580445,MUNIBHADRA
village_580446,580446,MANDAPALLE
village_580447,580447,TELUKUNCHI
village_580448,580448,HARIPURAM
village_580449,580449,BODDAKALI
village_580450,580450,PAITHARIKEERTHIPURAM
village_580451,580451,KOLIGAM
village_580452,580452,BODDABADA
village_580453,580453,ARAKABHADRA
village_580454,580454,SASANAM
village_580455,580455,TAKATLABARAMPURAM
village_580456,580456,BIRLANGI
village_580457,580457,MASAKAPURAM
village_580458,580458,LODDAPUTTI
village_580459,580459,TULASIGAM
village_580460,580460,DHARMAPURAM
village_580461,580461,PURNATAKAM
village_580462,580462,KOTARI
village_580463,580463,EDUPURAM
village_580464,580464,KESAPURAM
village_580465,580465,BURJAPADU
village_580466,580466,BELAGAM
village_580467,580467,SILAGAM
village_580468,580468,MANIKYAPURAM
village_580469,580469,BALLIPUTTUGA
village_580470,580470,KUSUMPURAM
village_580471,580471,VARAKHA
village_580472,580472,BORIVANKA
village_580473,580473,BEJJIPUTTUGA
village_580474,580474,JAGATHI
village_580475,580475,KAVITI
village_580476,580476,KARAPADU
village_580477,580477,KOJJIRIA
village_580478,580478,RAGHUNADHAPURAM
village_580479,580479,RAJAPURAM
village_580480,580480,VINJAGIRI
village_580481,580481,CHANDIPUTTUGA
village_580482,580482,BHYRIPURAM
village_580483,580483,DEPPILI GONAPAPUTTUGA
village_580484,580484,NELAVANKA
village_580485,580485,KAPASAKUDDI
village_580486,580486,PUTIYADALA
village_580487,580487,MALAGOVINDAPURAM
village_580488,580488,VIKRAMPURAM
village_580489,580489,SUNKIDI
village_580490,580490,BUSABHADRA
village_580491,580491,JALANTRAPOTHANGI
village_580492,580492,MAKANNAPURAM
village_580493,580493,PADMANABHAPURAM
village_580494,580494,SARADAPURAM
village_580495,580495,BESIRAMACHANDRAPURAM
village_580496,580496,LAKKAVARAM
village_580497,580497,PALASAPURAM
village_580498,580498,ZINKIBHADRA
village_580499,580499,BENKILI
village_580500,580500,RUSHIKUDDA
village_580501,580501,GOLLAGANDI
village_580502,580502,BARUVAPETA
village_580503,580503,BARUVA
village_580504,580504,KORLAM
village_580505,580505,PALAVALASA
village_580506,580506,KARTHALIPALEM
village_580507,580507,JAGATHIKESAPURAM
village_580508,580508,POTHRAKONDA
village_580509,580509,ANANTHAPURAM
village_580510,580510,TALLABHADRA
village_580511,580511,RANIGAM
village_580512,580512,TURAKASASANAM
village_580513,580513,DAMODARAPURAM
village_580514,580514,MULAPALAM
village_580515,580515,GOLLAVOORU
village_580516,580516,UPPALAM
village_580517,580517,RAJAM
village_580518,580518,MAMIDIPALLE
village_580519,580519,PATHINIVALASA
village_580520,580520,SIRIMAMIDI
village_580521,580521,SOMPETA (CT)
village_580522,580522,ANANTHAGIRI
village_580523,580523,UNDRUKUDIA
village_580524,580524,VENKATAPURAM
village_580525,580525,BENDI
village_580526,580526,BATTUPADU
village_580527,580527,MAHADEVIPURAM
village_580528,580528,NAGARAMPALLE
village_580529,580529,GOLLALAPADU
village_580530,580530,PEDDABADAM
village_580531,580531,GOPALADORAVURU
village_580532,580532,RITTAPADU
village_580533,580533,GOLLASARADHI
village_580534,580534,RAJAM
village_580535,580535,GARUDABHADRA
village_580536,580536,GADIVURU
village_580537,580537,METTURU
village_580538,580538,CHEEPURUPALLE
village_580539,580539,AKKUPALLE
village_580540,580540,BYPALLE
village_580541,580541,PEDAVANKA
village_580542,580542,BATHUPURAM
village_580543,580543,CHINAVANKA
village_580544,580544,PALLISARADHI
village_580545,580545,DOKULAPADU
village_580546,580546,SARADAPURAM
village_580547,580547,KIDISINGI
village_580548,580548,VAJRAPUKOTHURU
village_580549,580549,SEETHAPURAM
village_580550,580550,NARAYANAPURAM
village_580551,580551,PEDDABODDAPADU
village_580552,580552,THADIVADA
village_580553,580553,TERAPALLE
village_580554,580554,KONDAVOORU
village_580555,580555,THOTAPALLE
village_580556,580556,UDDANAMKURMANADHAPURAM
village_580557,580557,KOLLIPADU
village_580558,580558,PEDDAMURAHARIPURAM
village_580559,580559,GOVINDAPURAM
village_580560,580560,GUNALAPADU
village_580561,580561,UDDANAM GOPINADHAPURAM
village_580562,580562,UDDANAM NARSINGAPALLE
village_580563,580563,REYYIPADU
village_580564,580564,PEDIJAGANNADHAPURAM
village_580565,580565,MILIAPUTTI
village_580566,580566,LINGALAPADU
village_580567,580567,PATHATEKKALI
village_580568,580568,DABBALAPADU
village_580569,580569,CHEEPURUPALLE
village_580570,580570,DEVUNALTADA
village_580571,580571,POLLADA
village_580572,580572,SURYAMANIPURAM
village_580573,580573,KOMARLATADA
village_580574,580574,SUNKARA JAGANADHAPURAM
village_580575,580575,UDDANAMRAIPADU
village_580576,580576,SYNOORU
village_580577,580577,UDDANAM RAMAKRISHNAPURAM
village_580578,580578,AMALAPADU
village_580579,580579,LAXMIDEVIPETA @ NUVVALAREVU
village_580580,580580,PALLIVURU @ SANGARUVANIPETA
village_580581,580581,TAMALAPURAM
village_580582,580582,DEENABANDUPURAM
village_580583,580583,SAVARAKOTHURU
village_580584,580584,BENIAVOORU
village_580585,580585,SAVARARAMPURAM
village_580586,580586,PEDDAGURUVOORU
village_580587,580587,CHINNAGURUVURU
village_580588,580588,SARADAPURAM
village_580589,580589,BADAGAM
village_580590,580590,AGARLAGOKARLA PALLE
village_580591,580591,JADYADA
village_580592,580592,KOTHAGRAHARAM
village_580593,580593,THOTANEELA PURAM
village_580594,580594,PEDDINAIDUPETA
village_580595,580595,PATHRUNIVALASA
village_580596,580596,PANUKURU
village_580597,580597,PEDDABANAPURAM
village_580598,580598,SAVARABANAPURAM
village_580599,580599,HANUMANTHULOVA
village_580600,580600,TURAKALAKOTA
village_580601,580601,VISSAMPALLE
village_580602,580602,KASIRAJUKASIPURAM
village_580603,580603,KONDATEMBURU
village_580604,580604,MAJJIGOPALAPURAM
village_580605,580605,MOGILIPADU
village_580606,580606,SAVARALINGUPURAM
village_580607,580607,VENKATAPURAM
village_580608,580608,SAVARARAMA KRISHNAPURAM
village_580609,580609,DIMMIDIJOLA
village_580610,580610,KARAJADA
village_580611,580611,ANNAPURAM
village_580612,580612,KHALLADA
village_580613,580613,PEDDALAXMIPURAM
village_580614,580614,MALLIVEEDU
village_580615,580615,KAIJOLA
village_580616,580616,SAGARAMPETA
village_580617,580617,HARSHABADA
village_580618,580618,MUKUNDAPURAM
village_580619,580619,KALIAVOORU
village_580620,580620,TEMBURU
village_580621,580621,CHINNALAVUNIPALLE
village_580622,580622,LATTIGAM
village_580623,580623,SANTHOSHA PURAM
village_580624,580624,DEVUPURAM
village_580625,580625,UDDANDABARTUPURAM
village_580626,580626,PANASALAPADU
village_580627,580627,KAVITI
village_580628,580628,ANANDAPURAM
village_580629,580629,MADIGAPURAM
village_580630,580630,BORUBHADRA
village_580631,580631,SAVARANEELAPURAM
village_580632,580632,KANCHIVOORU
village_580633,580633,PEDDALAVUNIPALLE
village_580634,580634,SINGUPURAM
village_580635,580635,HUKUMPETA
village_580636,580636,MADANAPURAM
village_580637,580637,JAMMIPETA
village_580638,580638,SAVARASOMANADHA PURAM
village_580639,580639,BHARTHUPURAM
village_580640,580640,KANDULAGUDEM
village_580641,580641,RADHAJANABODDA PADU
village_580642,580642,MAMIDIPALLE
village_580643,580643,NOWGAM
village_580644,580644,TOTADA
village_580645,580645,POLAVARAM
village_580646,580646,SUBHADRAPURAM
village_580647,580647,PALAVALASA
village_580648,580648,KAMADHENUVU
village_580649,580649,KRISHNARAYAPURAM
village_580650,580650,HARIDASUPURAM
village_580651,580651,PRATHAPAVISWANA DHAPURAM
village_580652,580652,CHERUKUPALLE
village_580653,580653,MARLAPADU
village_580654,580654,KANITHIVOORU
village_580655,580655,MANIGAM
village_580656,580656,NADUPURAM
village_580657,580657,NARENDRAPURAM
village_580658,580658,NANDIGAM
village_580659,580659,BEJJIPALLE
village_580660,580660,POTHULURU
village_580661,580661,KARLAPUDI
village_580662,580662,PADMAPURAM
village_580663,580663,BHIRIBODDAPADU
village_580664,580664,BELLUKOLA
village_580665,580665,NELLURU
village_580666,580666,JAYAPURAM
village_580667,580667,RAMPURAM
village_580668,580668,CHINNALAXMIPURAM
village_580669,580669,SONTINOORU
village_580670,580670,CHINNARIGOKARLA PALLE
village_580671,580671,PEDDATAMARAPALLE
village_580672,580672,CHINNATAMARAPALLE
village_580673,580673,AKULARAGHUNADHA PURAM
village_580674,580674,PENTAVOORU
village_580675,580675,VENUGOPALAPURAM
village_580676,580676,MOJJUVADA
village_580677,580677,VALLABHARAYAPADU
village_580678,580678,BHARANIGAM
village_580679,580679,DODLARAMA CHANDRAPURAM
village_580680,580680,DEVADA
village_580681,580681,KOTIPALLE
village_580682,580682,BADABANDA
village_580683,580683,MONDRAYAVALASA
village_580684,580684,KOMATOORU
village_580685,580685,NARSIPURAM
village_580686,580686,DEVALABHADRA
village_580687,580687,DIMILADA
village_580688,580688,LAKKIDASUPURAM
village_580689,580689,UYYALAPETA
village_580690,580690,SIVARAMPURAM
village_580691,580691,ROUTHUPURAM
village_580692,580692,BANJEERUPETA
village_580693,580693,KOMANAPALLE
village_580694,580694,GULUMURU
village_580695,580695,JAGANNADHAPURAM
village_580696,580696,KONDARAGOLU
village_580697,580697,PEDDASANKILI
village_580698,580698,DUGGUPURAM
village_580699,580699,BOMMIKA
village_580700,580700,DURBALAPURAM
village_580701,580701,TUNGATAMPARA
village_580702,580702,CHORLANGI
village_580703,580703,MOKHASA AVALANGI
village_580704,580704,KALLATA
village_580705,580705,TAMPA
village_580706,580706,LOKONDA
village_580707,580707,GOTTA
village_580708,580708,GODIAPADU
village_580709,580709,KORADA
village_580710,580710,KONDAKORADA
village_580711,580711,KORADAMANYAM
village_580712,580712,PADALI
village_580713,580713,ANTHILI
village_580714,580714,DUGARAJAPURAM
village_580715,580715,GARLAPADU
village_580716,580716,CHINNAKOLLIVALASA
village_580717,580717,TULAGAM
village_580718,580718,MAHALAKSHIMIPURAM
village_580719,580719,BHAGIRADHIPURAM
village_580720,580720,MAMIDIJOLA
village_580721,580721,TALLAPADU
village_580722,580722,LINGUPURAM
village_580723,580723,NEELADEVIPURAM
village_580724,580724,PINDRUVADA
village_580725,580725,AMBAVALLI
village_580726,580726,MAJJIGUDEM
village_580727,580727,SEEDHI
village_580728,580728,SATYAJAGANNADHA PURAM
village_580729,580729,KITTALAPADU
village_580730,580730,RELLIVALASA
village_580731,580731,ANTHAKAPALLE
village_580732,580732,HIRAMANDALAM (CT)
village_580733,580733,AVALANGI
village_580734,580734,GOPALAVENKATA PURAM
village_580735,580735,DOLAMADA
village_580736,580736,JAMPARAKOTA
village_580737,580737,LOVEEDULAKSHMI PURAM
village_580738,580738,MALLIVEEDU
village_580739,580739,SINGUPURAM
village_580740,580740,POTLI
village_580741,580741,NAVAGAM
village_580742,580742,DUGGI
village_580743,580743,NAKKAPETAPARAPURAM
village_580744,580744,VATAPAGU
village_580745,580745,CHINTADA
village_580746,580746,PADMAPURAM
village_580747,580747,BHASURU
village_580748,580748,PEDAKOTIPALLE
village_580749,580749,CHINAKOTIPALLE
village_580750,580750,GUDIVADA
village_580751,580751,VONI
village_580752,580752,SIRIKONDA
village_580753,580753,VELAGAVADA
village_580754,580754,SINGANNAVALASA
village_580755,580755,PARASURAMPURAM
village_580756,580756,NANDIVADA KURMARAJAPURAM
village_580757,580757,VADAMA
village_580758,580758,PENDYALARAMABHADRARAJUPETA
village_580759,580759,GARUGUBILLI
village_580760,580760,LUMBURU
village_580761,580761,TUMARADA
village_580762,580762,ARADALA
village_580763,580763,ATTALI
village_580764,580764,PANUKUVALASA
village_580765,580765,BEJJI
village_580766,580766,T.D.PARAPURAM
village_580767,580767,T.K.RAJAPURAM
village_580768,580768,BUKKURU
village_580769,580769,YERAKARAYAPURAM
village_580770,580770,CHINAMANGALA PURAM
village_580771,580771,GOTTAMANGALA PURAM
village_580772,580772,TAMPATAPALLE
village_580773,580773,GOPALAPURAM
village_580774,580774,ANNAVARAM
village_580775,580775,AMPILI
village_580776,580776,KONDAPURAM
village_580777,580777,PALAKONDA (CT)
village_580778,580778,J K GUMADA
village_580779,580779,U.VENKATAPATHI RAJU PETA
village_580780,580780,RAJULAGUMADA
village_580781,580781,BANGARUVALASA
village_580782,580782,KOPPARAVALASA
village_580783,580783,RUSHINGI
village_580784,580784,T.D.KRISHNARAYA PURAM
village_580785,580785,TALAGAM
village_580786,580786,SIVVAM
village_580787,580787,M S PURAM
village_580788,580788,MADDIVALASA
village_580789,580789,KOPPARA
village_580790,580790,K. CH. PALLE
village_580791,580791,GEETHANAPALLE
village_580792,580792,GUDIVADA AGRAHARAM
village_580793,580793,LAXMIPETA
village_580794,580794,KOTTISA
village_580795,580795,VANGARA
village_580796,580796,VONI AGRAHARAM
village_580797,580797,SANGAM
village_580798,580798,MUGGURU
village_580799,580799,MADDUVALASA
village_580800,580800,PATUVARDHANAM
village_580801,580801,NARENDRAPURAM
village_580802,580802,DEVAKIVADA
village_580803,580803,V P R PETA
village_580804,580804,KONANGIPADU
village_580805,580805,IRUVADA
village_580806,580806,CHANDRAMPETA
village_580807,580807,SEETHADEVIPURAM
village_580808,580808,MARUVADA
village_580809,580809,KINJANGI
village_580810,580810,SREEHARIPURAM
village_580811,580811,BHAGEMPETA
village_580812,580812,NEELAYYAVALASA
village_580813,580813,JAGANNADHAVALASA
village_580814,580814,ARASADA
village_580815,580815,SARASANA PALLE
village_580816,580816,KONDA VALASA
village_580817,580817,JODU BANDALA
village_580818,580818,KODISA
village_580819,580819,KANDISA
village_580820,580820,TUNIVADA
village_580821,580821,VENKAM PETA
village_580822,580822,CHELI GANI VALASA
village_580823,580823,RANGA RAYAPURAM
village_580824,580824,AMADALAVALASA
village_580825,580825,REGIDI
village_580826,580826,BODDAVALASA
village_580827,580827,SANKILI
village_580828,580828,APPAPURAM
village_580829,580829,DEVUDALA
village_580830,580830,PURLI
village_580831,580831,KOMERA
village_580832,580832,KHANDYAM
village_580833,580833,ADAVARAM
village_580834,580834,LAXMIPURAM
village_580835,580835,GOPEM PETA
village_580836,580836,KONDALA MAMIDI VALASA
village_580837,580837,VANDANAPETA
village_580838,580838,UNGARADA
village_580839,580839,GULLA PADU
village_580840,580840,LINGALA VALASA
village_580841,580841,LATCHA RAYAPURAM
village_580842,580842,VENKATA RANGARAYA PURAM
village_580843,580843,NAIRALU VALASA
village_580844,580844,AMBADA
village_580845,580845,VENKATAPURAM
village_580846,580846,PORAM
village_580847,580847,PEDA SIRLAM
village_580848,580848,UNUKURU
village_580849,580849,VOPPANGI
village_580850,580850,PARAMPETA
village_580851,580851,PANASALA VALASA
village_580852,580852,BALAKAVI VALASA
village_580853,580853,MULAKALA VALASA
village_580854,580854,KORLA VALASA
village_580855,580855,BURADA
village_580856,580856,CHINA SIRLAM
village_580857,580857,LATCHANNA VALASA
village_580858,580858,TATIPADU
village_580859,580859,SOMARAJUPETA
village_580860,580860,AMBAKHANDI
village_580861,580861,VAVILA VALASA
village_580862,580862,CHATAYYA VALASA
village_580863,580863,AKKANNA AGRAHARAM
village_580864,580864,UPPARA NAIDUVALASA
village_580865,580865,VANNALI
village_580866,580866,GOTTIPALLE
village_580867,580867,KOMMUVALASA
village_580868,580868,SCOTPETA
village_580869,580869,VENKAMPETA
village_580870,580870,PEDDAKOLLIVALASA
village_580871,580871,JAGANNADHAPURAM
village_580872,580872,MODUGUVALASA
village_580873,580873,BORRAMAMBAPURAM
village_580874,580874,PALAVALASA
village_580875,580875,BODDAVALASA
village_580876,580876,NARENDRAPURAM
village_580877,580877,FOXDORAPETA
village_580878,580878,SARADAM
village_580879,580879,GARLAPADU
village_580880,580880,KOTHAPETA
village_580881,580881,CHORLANGI
village_580882,580882,BOTTADASINGI
village_580883,580883,YEMBARAM
village_580884,580884,THAIMAMBAPURAM
village_580885,580885,PEDAKOTA
village_580886,580886,NARASINGAPALLE
village_580887,580887,JADAPETA
village_580888,580888,PUSAM
village_580889,580889,KAVITI
village_580890,580890,RAVICHANDRI
village_580891,580891,DHANUKUVADA
village_580892,580892,KOVILAM
village_580893,580893,MARIAPALLE
village_580894,580894,JANGALAVALASA
village_580895,580895,VADAVALASA
village_580896,580896,CHITTIMANDALAM
village_580897,580897,CHINTHALABADAVANJA
village_580898,580898,DONKALABADAVANJA
village_580899,580899,KARKAVALASA
village_580900,580900,SYAMALAMBAPURAM
village_580901,580901,TURAKAPETA
village_580902,580902,DABBAPADU
village_580903,580903,SEETHARAMPURAM
village_580904,580904,KRISHNAPURAM
village_580905,580905,MALLIKARJUNAPURAM
village_580906,580906,BORRAMPETA
village_580907,580907,JAMBADA
village_580908,580908,VALASAPADU
village_580909,580909,MUNGANNA AGRAHARAM
village_580910,580910,SIDHANTHAM
village_580911,580911,BARATAM
village_580912,580912,SOMANADHAPURAM
village_580913,580913,SUMANTHAPURAM @ PODUGU PADU
village_580914,580914,NOWTHALA
village_580915,580915,SAVARAMALUVA
village_580916,580916,DASUPURAM
village_580917,580917,DHARMALAKSHMIPURAM
village_580918,580918,SAVARABONTHU
village_580919,580919,BONTHU
village_580920,580920,MAHASINGI
village_580921,580921,KURIDINGI
village_580922,580922,POPPANGI
village_580923,580923,PEDALAMBA
village_580924,580924,GUJJUVADA
village_580925,580925,KOMMUSARIAPALLE
village_580926,580926,MARRIPADU
village_580927,580927,KURMANADHAPURAM
village_580928,580928,CHARANADASUPURAM
village_580929,580929,RAMAKRISHNAPURAM
village_580930,580930,VANDRA
village_580931,580931,BEJJI
village_580932,580932,ANNUPURAM
village_580933,580933,GOVARDHANAPURAM
village_580934,580934,GORRIBANDA
village_580935,580935,AGADALA
village_580936,580936,BYDALAPURAM
village_580937,580937,BHADRI
village_580938,580938,AKKIVALASA
village_580939,580939,GUMMAPADU
village_580940,580940,GOPALAPURAM
village_580941,580941,KOTTURU
village_580942,580942,SARAVAKOTA
village_580943,580943,KINNERAVADA
village_580944,580944,AVALANGI
village_580945,580945,BUDITHI
village_580946,580946,BUDITHIPETA
village_580947,580947,VENKATABADA
village_580948,580948,CHEEDIPUDI
village_580949,580949,THOGIRI
village_580950,580950,ANGURU
village_580951,580951,SIVARAMPURAM
village_580952,580952,KUMMARIGUNTA
village_580953,580953,CHODASAMUDRAM
village_580954,580954,JAMACHAKRAM
village_580955,580955,RAMACHANDRAPURAM
village_580956,580956,JARALI
village_580957,580957,BHEEMPURAM
village_580958,580958,ADDUKONDA
village_580959,580959,RAIPADU
village_580960,580960,MEELASATHIVADA
village_580961,580961,LINGALAVALASA
village_580962,580962,RANGAPURAM
village_580963,580963,POLAVARAM
village_580964,580964,PEDDASANA
village_580965,580965,PARASARAMPURAM
village_580966,580966,KONUSULAKOTTURU
village_580967,580967,CHAKIPALLE
village_580968,580968,BOPPAIPURAM
village_580969,580969,VIKRAMPURAM
village_580970,580970,VEERA RAGHUNADHA PURAM
village_580971,580971,MEGHAVARAM
village_580972,580972,VEERARAMAKRISHNAPURAM
village_580973,580973,THIRLANGI
village_580974,580974,SHYAMASUNDARAPURAM
village_580975,580975,AKKAVARAM
village_580976,580976,SAVARAPETA
village_580977,580977,BHAGHAVANUPURAM
village_580978,580978,CHINTALAGARA
village_580979,580979,TOLUSURUPALLE
village_580980,580980,CHINTAMANI @ NUVVUGUDDI
village_580981,580981,GUDEM
village_580982,580982,DAMARA
village_580983,580983,MOKHALINGAPURAM
village_580984,580984,CHIRUTANAPALLE
village_580985,580985,NARASINGASPALLE
village_580986,580986,PALASINGI
village_580987,580987,PITTALASARIA
village_580988,580988,KONDABHEEMPURAM
village_580989,580989,SASANAM
village_580990,580990,KANTRAGADA
village_580991,580991,MAKAVARAM
village_580992,580992,SOMAYYAVALASA
village_580993,580993,AYODHYAPURAM
village_580994,580994,BUTCHIRAJUVENKATAPURAM
village_580995,580995,VEMULADA
village_580996,580996,DHARMA NEELAPURAM
village_580997,580997,RAVIVALASA
village_580998,580998,TELINEELAPURAM
village_580999,580999,SRIRANGAM
village_581000,581000,TALAGAM
village_581001,581001,MODUGUVALASA
village_581002,581002,BONNUVADA
village_581003,581003,SAMPATHIRAORAMAKRISHNAPURAM
village_581004,581004,VINDHYAGIRI
village_581005,581005,CHINAROKALLAPALLE
village_581006,581006,PEDDAROKALLAPALLE
village_581007,581007,BOORAGAM
village_581008,581008,PATHANOUPADA
village_581009,581009,TEKKALI (CT)
village_581010,581010,ARIKIVALASA
village_581011,581011,CHINNATUNGAM
village_581012,581012,PEDATUNGAM
village_581013,581013,BRUNDAVANAM
village_581014,581014,KASEEPURAM
village_581015,581015,IJJUVARAM
village_581016,581016,KHASPANAUPADA
village_581017,581017,KURMANADHAPURAM
village_581018,581018,MARRIPADU
village_581019,581019,BHAVANAPADU @ MADYAPETA
village_581020,581020,YEMALAPETA
village_581021,581021,POTHUNAIDUPETA
village_581022,581022,KOTAPADU
village_581023,581023,DANDUGOPALAPURAM
village_581024,581024,TALLAVALASA
village_581025,581025,KAPUGODEYAVALASA
village_581026,581026,SANTHABOMMALI
village_581027,581027,VADDITANDRA
village_581028,581028,AKASALAKKAVARAM
village_581029,581029,RAJAPURAM
village_581030,581030,SANDHIPETA
village_581031,581031,MEGHAVARAM
village_581032,581032,MARUVADA
village_581033,581033,KOLLIPADU
village_581034,581034,KAKARAPALLE
village_581035,581035,ANTLAVARAM
village_581036,581036,JONNALAPADU
village_581037,581037,NARASAPURAM
village_581038,581038,GOVINDAPURAM
village_581039,581039,GODALAM
village_581040,581040,BORUBHADRA
village_581041,581041,PALATHALAGAM
village_581042,581042,UDDANDAPALEM
village_581043,581043,UMILADA
village_581044,581044,SIDDIBEHARAKOTHURU
village_581045,581045,RUNKU HANUMANTHUPURAM
village_581046,581046,MALAGAM
village_581047,581047,SEEPURAM
village_581048,581048,LAKKIVALASA
village_581049,581049,TATIPARTHI
village_581050,581050,DANTHA
village_581051,581051,SARIAPALLE
village_581052,581052,KOTHAPALLE
village_581053,581053,GUDIVADA
village_581054,581054,CHINASANA
village_581055,581055,JIYYANNAPETA
village_581056,581056,THARLIPETA
village_581057,581057,CHEEPURLAPADU
village_581058,581058,KANNEVALASA
village_581059,581059,KURUDU
village_581060,581060,PAKIVALASA
village_581061,581061,KISTUPURAM
village_581062,581062,SIMHADRIPURAM
village_581063,581063,MASAHEBPETA
village_581064,581064,PATTUPURAM
village_581065,581065,ANANDAPURAM
village_581066,581066,VISWANADHAPURAM
village_581067,581067,KASTURIPADU
village_581068,581068,AKKAYYAVALASA
village_581069,581069,KOTHAPETA
village_581070,581070,JARJANGI
village_581071,581071,GUNJILOVA
village_581072,581072,KOTABOMMALI
village_581073,581073,GANGARAM
village_581074,581074,LAKKAMDIDDI
village_581075,581075,YELAMANCHILI
village_581076,581076,SARIABODDAPADU
village_581077,581077,SRIJAGANNADHA PURAM
village_581078,581078,DUPPALAPADU
village_581079,581079,REGULAPADU
village_581080,581080,SOWDAM
village_581081,581081,NARAYANAVALASA
village_581082,581082,TILARU
village_581083,581083,YETTURALLAPADU
village_581084,581084,HARICHANDRAPURAM
village_581085,581085,NIMMADA
village_581086,581086,PEDDABAMMIDI
village_581087,581087,NARASINGUPALLE
village_581088,581088,VANDRADA
village_581089,581089,CHINNABAMMIDI
village_581090,581090,CHITTIVALASA
village_581091,581091,CHINAVENKATAPURAM
village_581092,581092,KARAKAVALASA
village_581093,581093,ANNUPURAM
village_581094,581094,MUKHALINGAM
village_581095,581095,DOMALAPALLE
village_581096,581096,GARINIVALASA
village_581097,581097,MAKIVALASA
village_581098,581098,JAMINIVALASA
village_581099,581099,SRIMANNARAYANA PURAM
village_581100,581100,MARRIVALASA
village_581101,581101,NAGARIKATAKAM
village_581102,581102,ATCHUTAPURAM
village_581103,581103,KOMANAPALLE
village_581104,581104,BODDAPADU
village_581105,581105,KONDAPOLAVALASA
village_581106,581106,SURAVARAM
village_581107,581107,DOMPAKA
village_581108,581108,TIMADAM
village_581109,581109,AKKURADA
village_581110,581110,YELAMANCHILI
village_581111,581111,CHENNAYAVALASA
village_581112,581112,JALUMURU
village_581113,581113,SUBRAHAMANYA PURAM
village_581114,581114,VENKATAPURAM
village_581115,581115,JONANKI
village_581116,581116,TALATARIYA
village_581117,581117,DARIVADA
village_581118,581118,LINGALAVALASA
village_581119,581119,RANA
village_581120,581120,GOLIYAPUTTI
village_581121,581121,KARAVANJA
village_581122,581122,VELUSODA
village_581123,581123,PAGODU
village_581124,581124,MAHAMMADPURAM
village_581125,581125,MOHIDDINPURAM
village_581126,581126,SYRIGAM
village_581127,581127,MAKIVALASA
village_581128,581128,PARLAM
village_581129,581129,ANDHAVARAM
village_581130,581130,ALLADA
village_581131,581131,ALLADAPETA
village_581132,581132,GOTIVADA
village_581133,581133,RAMAYYAVALASA
village_581134,581134,KOTTURU
village_581135,581135,KURMANADHAPURAM
village_581136,581136,TALLAVALASA
village_581137,581137,GUNDUVALASA
village_581138,581138,GUGGILI
village_581139,581139,EDULAVALASA
village_581140,581140,BASIVADA
village_581141,581141,PEDDADUGAM
village_581142,581142,CHINADUGAM
village_581143,581143,TEKKALIPADU
village_581144,581144,RAVIPADU
village_581145,581145,YENETIKOTHURU
village_581146,581146,BOPPADAM
village_581147,581147,PARVATHIPURAM
village_581148,581148,VIJAYARAMPURAM
village_581149,581149,SARUBUJJILI
village_581150,581150,AMRUTALINGA NAGARAM
village_581151,581151,GONEPADU
village_581152,581152,MATALABPETA
village_581153,581153,LAKSHIMIPURAM
village_581154,581154,PARVATHALAPETA
village_581155,581155,LAKSHIMIPURAM
village_581156,581156,TELIKIPENTA
village_581157,581157,PEDDAKAKITAPALLE
village_581158,581158,RASULPETA
village_581159,581159,LODDALAKAKITAPALLE
village_581160,581160,CHINNAKAKITAPALLE
village_581161,581161,YERAGAM
village_581162,581162,PEDDASOWLAPURAM
village_581163,581163,ISAKALAPALEM
village_581164,581164,BUDDIVALASA
village_581165,581165,TURAKAPETA (MOOLA SOWLAPURAM)
village_581166,581166,MOOLASOWLAPURAM
village_581167,581167,SARABHAPURAM
village_581168,581168,NANDIKONDA
village_581169,581169,VENNELAVALASA
village_581170,581170,MARRIPADU
village_581171,581171,BURIDIVALASA
village_581172,581172,SRIRAMVALASA
village_581173,581173,CHIGURUVALASA
village_581174,581174,TADIKONDA
village_581175,581175,CHAPALAVALASA
village_581176,581176,KONDRAGUDA
village_581177,581177,DAKARAVALASA
village_581178,581178,KOTHAKOTA
village_581179,581179,SHALANTRI
village_581180,581180,SINDHUVADA
village_581181,581181,PEDDAVENKATAPURAM
village_581182,581182,CHINAVENKATAPURAM
village_581183,581183,PALAVALASA
village_581184,581184,RAVIVALASA
village_581185,581185,SURYANARAYANAPURAM
village_581186,581186,AVATARABAD
village_581187,581187,SUBHADRAPURAM
village_581188,581188,THAMMINAIDUPETA
village_581189,581189,KATAKAMAYYAPETA
village_581190,581190,ROTTA VALASA
village_581191,581191,KONDAVALASA
village_581192,581192,PURUSHOTTAPURAM
village_581193,581193,YETIVODDUPARTHA
village_581194,581194,DONKALAPARTHA
village_581195,581195,THUDDALI
village_581196,581196,HARIPURAMPALLAPURAM
village_581197,581197,KOTHAVALASA
village_581198,581198,MARRIPADU
village_581199,581199,PALAVALASA
village_581200,581200,LAKKUPURAM
village_581201,581201,VANDRA
village_581202,581202,KILANTRA
village_581203,581203,NEELAPURAM
village_581204,581204,GANGABHAGIRADHI PURAM
village_581205,581205,ALLENA
village_581206,581206,PEDDAPETA
village_581207,581207,PARAVASTURAMANNA PETA
village_581208,581208,KONDAPETA
village_581209,581209,JAGANNADHAPURAM
village_581210,581210,APPALAPATNAYAKUNI PETA
village_581211,581211,GOPIDEVIPETA
village_581212,581212,ISSADIVALASA
village_581213,581213,PENDYALALAKSHIMIDEVIPETA
village_581214,581214,KORIKANAKURMIRAJA PURAM
village_581215,581215,BURJA
village_581216,581216,VAVAM
village_581217,581217,KAKANDYAM
village_581218,581218,MAMIDIVALASA
village_581219,581219,NEELADEVIPURAM
village_581220,581220,SANKURADA
village_581221,581221,TURUPURAMABHADRARAJUPETA
village_581222,581222,KOLLIVALASA
village_581223,581223,GANGAMPETA
village_581224,581224,LANKAM
village_581225,581225,LABHAM
village_581226,581226,CHEEDIVALASA
village_581227,581227,KANTLAM
village_581228,581228,THOTAVADA
village_581229,581229,NARENDRAPURAM
village_581230,581230,SOMIDAVALASA
village_581231,581231,BODDAPADU
village_581232,581232,JANGALAPADU
village_581233,581233,MASENAPUTHI
village_581234,581234,JOGIPADUVENKATA PURAM
village_581235,581235,ADDURIPETA
village_581236,581236,THIMADAM
village_581237,581237,ANNAMPETA
village_581238,581238,T.V. RAMABHADRA RAJU PETA
village_581239,581239,NEELAKANTAPURAM
village_581240,581240,DEVANAPURAM
village_581241,581241,SUNDARAYYAPETA
village_581242,581242,VYKUNTAPURAM
village_581243,581243,AHOBALACHARYULA PETA
village_581244,581244,SINGANNAPALEM
village_581245,581245,LATCHAYYAPETA
village_581246,581246,UPPINIVALASA
village_581247,581247,MAHAJANAMVARIPETA
village_581248,581248,VOPIVADAVENKAM PETA
village_581249,581249,GUTTAVALLI
village_581250,581250,KALAPARTHI
village_581251,581251,GOPALAKRISHNARANGARAYAPURAM
village_581252,581252,CHALIKAM
village_581253,581253,GUDIGEDDAVENKATA PURAM
village_581254,581254,BODLAPADU
village_581255,581255,KORAGAM
village_581256,581256,BORAGAVALASA
village_581257,581257,BODDURU
village_581258,581258,BILLANI
village_581259,581259,THALATAMPARA
village_581260,581260,GULLASEETHARAMA PURAM
village_581261,581261,TALADA
village_581262,581262,KRISHNAMVALASA
village_581263,581263,SANKARUNI AGRAHARAM
village_581264,581264,KONDAGUDEM
village_581265,581265,MADHAVARAYAPURAM
village_581266,581266,JAVAM
village_581267,581267,MADHAVARAYAPU RA MAYYA AGRAHARAM
village_581268,581268,KOTHURU RAMACHANDRAPURAM
village_581269,581269,GOLLAVALASA
village_581270,581270,MADDURURAMAYYAAGRAHARAM
village_581271,581271,GARIKIPADU
village_581272,581272,KRISHNASASTRULA PETA
village_581273,581273,SANTHAKAVITI
village_581274,581274,CHENNAIAHPETA
village_581275,581275,VASUDEVAPATNAM
village_581276,581276,THAMARAM
village_581277,581277,MEDAMARTHI
village_581278,581278,HONJARAM
village_581279,581279,KAKARAPALLE
village_581280,581280,MANDARADA
village_581281,581281,MUKUNDAPURAM
village_581282,581282,AKKARAPALLE
village_581283,581283,MODUGULAPETA
village_581284,581284,MOKSHASEETHARAMAPURAM
village_581285,581285,PULLITA
village_581286,581286,LINGAPURAM
village_581287,581287,MAMIDIPALLE
village_581288,581288,SURAVARAM
village_581289,581289,NARAYANARAJUPURAM
village_581290,581290,GOVINDAPURAM
village_581291,581291,CHINTALAPETA
village_581292,581292,SHALIPETA
village_581293,581293,RAMARAYAPURAM
village_581294,581294,MANTHINA
village_581295,581295,MIRTHIVALASA
village_581296,581296,APPALAAGRAHARAM
village_581297,581297,SESHADRIPURAM
village_581298,581298,MANDAVAKURITI
village_581299,581299,JANAKIPURAM
village_581300,581300,SIRIPURAM
village_581301,581301,PODALI
village_581302,581302,CHITTARIPURAM
village_581303,581303,GARANAIDUPETA
village_581304,581304,PANASAPETA
village_581305,581305,GEDDAVALASA NARASIMHA PURAM
village_581306,581306,VALTAIR
village_581307,581307,KAVALI
village_581308,581308,D.R.N. VALASA
village_581309,581309,AGURU
village_581310,581310,AMARAM
village_581311,581311,GADIMUDIDAM
village_581312,581312,KANCHARAM
village_581313,581313,GURAVAM
village_581314,581314,RAJAYYAPETA
village_581315,581315,OMMI
village_581316,581316,ILLAMNAIDU VALASA
village_581317,581317,VIJAYARAMAPURAM
village_581318,581318,BOMMINAIDU VALASA
village_581319,581319,MUDDADAJOGI VALASA
village_581320,581320,MAREDUBAKA
village_581321,581321,GARRAJU CHEEPURUPALLI
village_581322,581322,SOPERU
village_581323,581323,BODDAM
village_581324,581324,PENUBAKA
village_581325,581325,KOTARIPURAM
village_581326,581326,NANDABALAGA
village_581327,581327,BODDAVALASA
village_581328,581328,GUYYANNA VALASA
village_581329,581329,SYAMPURAM
village_581330,581330,RAMANUJULAPETA
village_581331,581331,ANTHAKAPALLI
village_581332,581332,V R AGRAHARAM
village_581333,581333,POGIRI
village_581334,581334,SARVESWARAPURAM
village_581335,581335,MUSHINIVALASA
village_581336,581336,DALEMRAJUVALASA
village_581337,581337,NAIDUVALASA
village_581338,581338,ULLIVALASA
village_581339,581339,PUNNAM
village_581340,581340,BATHUVA
village_581341,581341,JADA
village_581342,581342,JAGANNADHAVALASA
village_581343,581343,YENDUVAPETA
village_581344,581344,VENKAYYAPETA
village_581345,581345,GANGUVARISIGADAM
village_581346,581346,GOBBURU
village_581347,581347,METTAVALASA
village_581348,581348,PALAKHANDYAM
village_581349,581349,GEDELAPETA
village_581350,581350,MARRIVALASA
village_581351,581351,NAGULAVALASA
village_581352,581352,PENTA
village_581353,581353,NAKKAPETA
village_581354,581354,TANKALADUGGIVALASA
village_581355,581355,JAGANNADHAPURAM
village_581356,581356,SEETHARAMPURAM
village_581357,581357,SANTHAVURITY
village_581358,581358,ANANDAPURAM
village_581359,581359,ABOTHULAPETA
village_581360,581360,VANDRANGI
village_581361,581361,NIDDAM
village_581362,581362,MADHUPAM
village_581363,581363,CHETTUPODILAM
village_581364,581364,CHANDRAYYAPETA
village_581365,581365,NADIMIVALASA
village_581366,581366,S.P. RAMACHANDRA PURAM
village_581367,581367,YENDUVA
village_581368,581368,NARASIMHAPURAM
village_581369,581369,GEDDAKANCHARAM
village_581370,581370,SEETHUBHIMAVARAM
village_581371,581371,PENASAM
village_581372,581372,GANGANNADORA PALEM
village_581373,581373,VELAGADA
village_581374,581374,KAPPARAM
village_581375,581375,DEVARAVALASA
village_581376,581376,NARAYANAGAJAPATHIRAJUPURAM
village_581377,581377,GARIMELLAKOTHA VALASA
village_581378,581378,KORAPAM
village_581379,581379,MARRIKOTHAVALASA
village_581380,581380,NIMMATHORLAVADA
village_581381,581381,VEDULLAVALASA
village_581382,581382,TURAKAPETA
village_581383,581383,DANDEMVALASA
village_581384,581384,NELLIPARTHI
village_581385,581385,CHINTALAPETA
village_581386,581386,BOBBILIPETA
village_581387,581387,MANDADI
village_581388,581388,THALLAVALASA
village_581389,581389,SANTHA KOTHAVALASA
village_581390,581390,CHINNAJONNAVALASA
village_581391,581391,MUNAGAVALASA
village_581392,581392,SYLADA
village_581393,581393,CHITTIVALASA
village_581394,581394,ANANDAPURAM
village_581395,581395,RAMACHANDRAPURAM
village_581396,581396,PONNAMPETA
village_581397,581397,PEDDAJONNAVALASA
village_581398,581398,SRINIVASACHARYULU PETA
village_581399,581399,AKKULAPETA
village_581400,581400,MALLUSASTRULA PETA
village_581401,581401,HANUMANTHAPURAM
village_581402,581402,KATYACHARYULAPETA
village_581403,581403,KORLAKOTA
village_581404,581404,KOTHAVALASA
village_581405,581405,THOGARAGAM
village_581406,581406,KALIVARAM
village_581407,581407,BELAMAM
village_581408,581408,DUSI
village_581409,581409,THOTADA
village_581410,581410,AKKIVARAM
village_581411,581411,VANJANGIPETA
village_581412,581412,VANJANGI
village_581413,581413,KANUGULAVALASA
village_581414,581414,SRIRAMVALASA
village_581415,581415,CHODAVARAM
village_581416,581416,KARAGAM
village_581417,581417,VENKATAPURAM
village_581418,581418,NADAGAM
village_581419,581419,THOTADA
village_581420,581420,TELAGAVALASA
village_581421,581421,PARASELLI
village_581422,581422,CHITTIVALASA
village_581423,581423,RELLIVALASA
village_581424,581424,SUNDARAPURAM
village_581425,581425,MAMIDIVALASA
village_581426,581426,CHIKKALAVALASA
village_581427,581427,BADAM
village_581428,581428,KUDDAM
village_581429,581429,KAMBAKAYA
village_581430,581430,DASUMANTHAPURAM
village_581431,581431,JAMMU
village_581432,581432,KOBAGAM
village_581433,581433,NARISINGAPALLE
village_581434,581434,BASIVALASA
village_581435,581435,BALASEEMA
village_581436,581436,URLAM
village_581437,581437,KOTHAPOLAVALASA
village_581438,581438,NARASINGURAIDUPETA
village_581439,581439,LUKALAM
village_581440,581440,CHENULAVALASA
village_581441,581441,MADAPAM
village_581442,581442,VARAHANARASIHMA PURAM
village_581443,581443,YARABADU
village_581444,581444,GOKAYYAVALASA
village_581445,581445,SATYAVARAM
village_581446,581446,AMPALAM
village_581447,581447,NARAYANAVALASA
village_581448,581448,GOTTIPALLE
village_581449,581449,TAMARAPALLI
village_581450,581450,BODDAVALASA
village_581451,581451,BORIGIVALASA
village_581452,581452,RAVULAVALASA
village_581453,581453,SRIRAMPURAM
village_581454,581454,KOMARTHI
village_581455,581455,DEVADI
village_581456,581456,POTHAYYAVALASA
village_581457,581457,GOPALAPENTA
village_581458,581458,MAKIVALASA
village_581459,581459,KILLAM
village_581460,581460,NARASANNAPETA (CT)
village_581461,581461,JILLEDUVALASA
village_581462,581462,JADURU
village_581463,581463,PIRUVADA
village_581464,581464,RALLAGODAYYAVALASA
village_581465,581465,GATHALAVALASA
village_581466,581466,RAMAIAHVALASA
village_581467,581467,PRIYAGRAHARAM
village_581468,581468,BELAMARA POLAVALASA
village_581469,581469,BODDAM
village_581470,581470,RAHIMANPURAM
village_581471,581471,VANAVISHNUPURAM
village_581472,581472,KODURU
village_581473,581473,RAJAPURAM
village_581474,581474,DANDULAKSHMIPURAM
village_581475,581475,SUSARAM
village_581476,581476,AMBEERUPETA
village_581477,581477,KONDAKOTHAPETA
village_581478,581478,YETLABASIVALASA
village_581479,581479,CHALLAYYAVALASA
village_581480,581480,VODHIPADU
village_581481,581481,MAKIVALASA
village_581482,581482,CHEEDIVALASA
village_581483,581483,KUSUMPOLAVALASA
village_581484,581484,EDULAVALASA
village_581485,581485,RALLAPADU
village_581486,581486,DEERGHASI
village_581487,581487,KOLLIVALASA
village_581488,581488,MABAGAM
village_581489,581489,VANITHAMANDALAM
village_581490,581490,JONNAM
village_581491,581491,GAJAPATHINAGARAM
village_581492,581492,TALASAMUDRAM
village_581493,581493,DOLA
village_581494,581494,GOLLALAVALASA
village_581495,581495,SANTHALAKSHMI PURAM
village_581496,581496,THOTADA
village_581497,581497,KONDALAKKIVALASA
village_581498,581498,GANGIVALASA
village_581499,581499,URJAM
village_581500,581500,POLAKI
village_581501,581501,NANDIGAM
village_581502,581502,AMPALAM
village_581503,581503,BURAVALLI
village_581504,581504,AMBALAVALASA
village_581505,581505,SALIHUNDAM
village_581506,581506,GARA
village_581507,581507,VOMARAVALLI
village_581508,581508,CALINGAPATNAM
village_581509,581509,THONANGI
village_581510,581510,KORNI
village_581511,581511,JALLUVALASA
village_581512,581512,THULUGU
village_581513,581513,NIZAMABAD
village_581514,581514,FAKEERTAKYA
village_581515,581515,SATIVADA
village_581516,581516,RAGHAVAPURAM
village_581517,581517,SEETHARAMAPURAM
village_581518,581518,KOTHURUSYRIGAM
village_581519,581519,AMPOLU
village_581520,581520,RAMACHANDRA PURAM
village_581521,581521,VADADA
village_581522,581522,GONTI
village_581523,581523,DEEPAVALI
village_581524,581524,SRIKURMAM
village_581525,581525,JAFRABAD
village_581526,581526,KORLAM
village_581527,581527,VATSAVALASA
village_581528,581528,PONNAM
village_581529,581529,BATTERU
village_581530,581530,NAIRA
village_581531,581531,BYRIVANIPETA
village_581532,581532,LANKAM
village_581533,581533,VAKALAVALASA
village_581534,581534,RAGOLUPETA
village_581535,581535,RAGOLU
village_581536,581536,LINGALAVALASA
village_581537,581537,SILAGAMSINGIVALASA
village_581538,581538,ALIKAM
village_581539,581539,KARAJADA
village_581540,581540,BYRI
village_581541,581541,SINGUPURAM
village_581542,581542,THANDEMVALASA
village_581543,581543,GUDEM
village_581544,581544,PATRUNIVALASA (PART)
village_581545,581545,PEDDAPADU
village_581546,581546,SANIVADA
village_581547,581547,VOPPANGI
village_581548,581548,PATHASRIKAKULAM (R) (PART)
village_581549,581549,KALLEPALLE
village_581550,581550,MOFUSBANDAR
village_581551,581551,IPPILI
village_581552,581552,BALIVADA
village_581553,581553,BALAGA (CT)
village_581554,581554,ARASAVILLI (R) (OG)
village_581555,581555,KOLLIPETA
village_581556,581556,GOKARNAPALLE
village_581557,581557,GANDREDU
village_581558,581558,TADIVALASA
village_581559,581559,GORINTA
village_581560,581560,RAPAKA
village_581561,581561,LAIDAM
village_581562,581562,KONCHADA
village_581563,581563,MALAKAM
village_581564,581564,THANDYAM
village_581565,581565,BANAM
village_581566,581566,DALLIPETA @ DONKA PALLE
village_581567,581567,VENKATARAYUNI GUDEM
village_581568,581568,KOTIPALLE
village_581569,581569,PENUBARTHI
village_581570,581570,ALAMAJIPETA
village_581571,581571,BODDEPALLE
village_581572,581572,SINGURU
village_581573,581573,MODALLAVALASA
village_581574,581574,ATCHIPOLAVALASA
village_581575,581575,THOLAPI
village_581576,581576,KRISHNAPURAM
village_581577,581577,DALLAVALASA
village_581578,581578,PILLALAVALASA
village_581579,581579,DHARMAPURAM
village_581580,581580,LOLUGU
village_581581,581581,PULLAJIPETA
village_581582,581582,THANEM
village_581583,581583,NARASAPURAM
village_581584,581584,KESAVADASUPURAM
village_581585,581585,BHAGAVANDASUPETA
village_581586,581586,KALYANIPETA
village_581587,581587,NANDIVADA
village_581588,581588,BURIDIKANCHARAM
village_581589,581589,KANIMETTA
village_581590,581590,KINTHALI
village_581591,581591,RAMADASUPURAM
village_581592,581592,PONDURU (CT)
village_581593,581593,PYDAYYAVALASA
village_581594,581594,KOTHAKUNKAM
village_581595,581595,KONDAKUNKAM
village_581596,581596,PATHA KUNKAM
village_581597,581597,VIJAYARAMAPURAM
village_581598,581598,PEDDA KOTHAPALLE
village_581599,581599,ADAPAKA
village_581600,581600,KOTHAKOTA
village_581601,581601,POTHAYYAVALASA
village_581602,581602,PEDDALINGALA VALASA
village_581603,581603,VENKATAPURAM
village_581604,581604,APPAPURAM
village_581605,581605,GOVINDAPURAM
village_581606,581606,BHARANIKAM
village_581607,581607,LAVERU
village_581608,581608,GURUGUBILLI
village_581609,581609,SIGIRI KOTHAPALLE
village_581610,581610,BEJJIPURAM
village_581611,581611,BUDUMURU
village_581612,581612,PEDDARAOPALLE
village_581613,581613,MURAPAKA
village_581614,581614,BUDATHAVALASA
village_581615,581615,NEELAPURAM
village_581616,581616,VENKATARAOPETA
village_581617,581617,SUBHADRAPURAM
village_581618,581618,THALLAVALASA
village_581619,581619,GUDEMGOLUGULA VALASA
village_581620,581620,KESAVARAYAPURAM
village_581621,581621,RAVIVALASA
village_581622,581622,SIRLAPALEM
village_581623,581623,VENUGOPALAPURAM
village_581624,581624,NAGAMPALEM
village_581625,581625,GUMADAM
village_581626,581626,THAMVADA
village_581627,581627,LAKSHMIPURAM
village_581628,581628,REGAPALEM
village_581629,581629,NETHERU
village_581630,581630,LOPENTA
village_581631,581631,KESAVARAYUNI PALEM
village_581632,581632,CHELLAYAMMA AGRAHARAM
village_581633,581633,SAHAPURAM
village_581634,581634,HANUMANTHAPURAM
village_581635,581635,VELPURAI
village_581636,581636,DEVARAPALLE
village_581637,581637,ARJUNAVALASA
village_581638,581638,KAMMASIGADAM
village_581639,581639,KONDAMULAGAM
village_581640,581640,SEETHAMVALASA
village_581641,581641,GARIKIPALEM
village_581642,581642,JAGANNADHARAJA PURAM
village_581643,581643,MUKTHAMPURAM
village_581644,581644,BANTUPALLE
village_581645,581645,TIRUPATI PALEM
village_581646,581646,GIRIVANIPALEM
village_581647,581647,SANCHAM
village_581648,581648,DEVUNIPALAVALASA
village_581649,581649,PYDIBHIMAVARAM
village_581650,581650,VARISAM
village_581651,581651,NELIVADA
village_581652,581652,KOSTA
village_581653,581653,RANASTALAM
village_581654,581654,NARASIMHA GOPALAPURAM
village_581655,581655,KRISHNAPURAM
village_581656,581656,MAHANTHIPALEM
village_581657,581657,GOSAM
village_581658,581658,SURAPURAM
village_581659,581659,YERRAVARAM
village_581660,581660,NARAYANAPATNAM
village_581661,581661,RAVADA
village_581662,581662,UPPIVALASA
village_581663,581663,VENKATARAOPETA
village_581664,581664,VALLABHARAOPETA
village_581665,581665,PISHINI
village_581666,581666,DERASAM
village_581667,581667,PATHARLAPALLE
village_581668,581668,SEETHARAMPURAM
village_581669,581669,PAPARAOPETA
village_581670,581670,TEPPALAVALASA
village_581671,581671,VARAHANARSIHMAPURAM
village_581672,581672,PATHASUNDRA PALEM
village_581673,581673,KOTCHERLA
village_581674,581674,KOLLIBHIMAVARAM
village_581675,581675,JEERUPALEM
village_581676,581676,KOTAPALEM
village_581677,581677,SURAMPETA
village_581678,581678,MARUVADA
village_581679,581679,CHILLAPETARAJAM
village_581680,581680,CHITTIVALASA
village_581681,581681,BOYAPALEM
village_581682,581682,NARUVA
village_581683,581683,AKKAYAPALEM
village_581684,581684,MENTADA
village_581685,581685,NARAYANAGAJAPATHIRAJAPURAM
village_581686,581686,JEERUKOVVADA
village_581687,581687,TEKKALI
village_581688,581688,GUDEM
village_581689,581689,RAMACHANDRAPURAM
village_581690,581690,ARINAM AKKIVALASA
village_581691,581691,NARAYANAPURAM
village_581692,581692,SHERMAHAMMADPURAM
village_581693,581693,IBRAHIMBAD
village_581694,581694,POLAGRAHARAM
village_581695,581695,THAMMUNAIDUPETA
village_581696,581696,JARAPINAIDUPETA
village_581697,581697,PUDIVALASA
village_581698,581698,KUSALAPURAM (PART)
village_581699,581699,DUPPALAVALASA
village_581700,581700,SHERMAHAMMADPURAMPETA
village_581701,581701,DOMAM
village_581702,581702,THOTAPALEM (PART)
village_581703,581703,PONNADA
village_581704,581704,KONGARAM
village_581705,581705,MUDDADA
village_581706,581706,JARAJAM
village_581707,581707,ETCHERLA
village_581708,581708,CHINARAOPALLE
village_581709,581709,CHILAKALAPALEM
village_581710,581710,MASEEDAGRAHARAM
village_581711,581711,NANDIGAM
village_581712,581712,SANTHASEETHARAMPURAM
village_581713,581713,AJJARAM
village_581714,581714,KUPPILI
village_581715,581715,KOYYAM
village_581716,581716,BHAGIRADHIPURAM
village_581717,581717,VOLETI ATCHANNA AGRAHARAM
village_581718,581718,KALURI ACHARYULA AGRAHARAM
village_581719,581719,DHARMAVARAM
village_581720,581720,BONTALAKODURU
village_581721,581721,PUDESU
village_581722,581722,YENDABHADRA
village_581723,581723,MASIMANDA
village_581724,581724,PEDASEKHA
village_581725,581725,JALA
village_581726,581726,CHINASEKHA
village_581727,581727,JOPPANGI
village_581728,581728,KONA
village_581729,581729,LANJA
village_581730,581730,VANABADI
village_581731,581731,GUMADANGI
village_581732,581732,TEELESU
village_581733,581733,KUNTESU
village_581734,581734,GORLEMMA
village_581735,581735,BEDDA
village_581736,581736,GUJJABADI
village_581737,581737,DARSINGI
village_581738,581738,KUNERU
village_581739,581739,SARUGUDUGUDA
village_581740,581740,JAKURU
village_581741,581741,CHINAMANTIKONA
village_581742,581742,PEDAMANTIKONA
village_581743,581743,VUTAKOSU
village_581744,581744,PUSANANDI
village_581745,581745,BADDIDI
village_581746,581746,TINUKU
village_581747,581747,KOSU
village_581748,581748,NAYA
village_581749,581749,ULIGESU
village_581750,581750,GUDDAM
village_581751,581751,JEEMESU
village_581752,581752,MASANANDI
village_581753,581753,ULINDRI
village_581754,581754,ULIPIRI
village_581755,581755,CHOLLAPADAM
village_581756,581756,SIKHAVARAM
village_581757,581757,REBBA
village_581758,581758,VANADARA
village_581759,581759,BINNIDI
village_581760,581760,GUNADATEELESU
village_581761,581761,RAVIKONA
village_581762,581762,KEMISEELA
village_581763,581763,KORISEELA
village_581764,581764,ALLUWADA
village_581765,581765,DEVUKONA
village_581766,581766,POORNAPADU
village_581767,581767,LABASU
village_581768,581768,PUJARIGUDA
village_581769,581769,MARRIGUDA
village_581770,581770,PALEM
village_581771,581771,CHEEDIPALLE
village_581772,581772,RAYAPURAM
village_581773,581773,KOMATLAPETA
village_581774,581774,KOMARADA
village_581775,581775,CHINAKHERJALA
village_581776,581776,SANKESU
village_581777,581777,DERUPADU
village_581778,581778,VANAKABADI
village_581779,581779,LADDA
village_581780,581780,SARVAPADU
village_581781,581781,PEDAKHERJALA
village_581782,581782,SITAMAMBAPURAM (NEAR KOMARADA)
village_581783,581783,KOTTU
village_581784,581784,THODUMU
village_581785,581785,MADALANGI
village_581786,581786,CHEKKAVALASA
village_581787,581787,PULIGUMMI
village_581788,581788,VANNAM
village_581789,581789,DALAIPETA
village_581790,581790,SIVARAMPURAM
village_581791,581791,KODULAGUMPA
village_581792,581792,GUMADA
village_581793,581793,SITAMAMBAPURAM (NEAR GUMADA)
village_581794,581794,KOTIPAM
village_581795,581795,REGULAPADU
village_581796,581796,BANJUKUPPA
village_581797,581797,KAMBAVALASA
village_581798,581798,KANDIVALASA
village_581799,581799,KUMMARIGUNTA
village_581800,581800,CHINAPANUKUVALASA
village_581801,581801,GANGAREGUVALASA
village_581802,581802,SOMINAIDUVALASA
village_581803,581803,DEVUNIGUMPA
village_581804,581804,SIVARAMPURAM
village_581805,581805,KALLIKOTA
village_581806,581806,NIMMALAPADU
village_581807,581807,DUGGI
village_581808,581808,ARTHAM
village_581809,581809,ANKULLAVALASA
village_581810,581810,SUNDARAPURAM
village_581811,581811,PEDANISSANKAPURAM
village_581812,581812,DANGABHADRA
village_581813,581813,KONAVALASA
village_581814,581814,NANDAPURAM
village_581815,581815,SOMALINGAPURAM
village_581816,581816,SIVINI
village_581817,581817,VIKRAMPURAM
village_581818,581818,PARASURAMPURAM
village_581819,581819,GUNANUPURAM
village_581820,581820,KAPPAKALLU
village_581821,581821,ADDANGIJANGIDI BHADRA
village_581822,581822,THOTA
village_581823,581823,JAPAI
village_581824,581824,KALLITI
village_581825,581825,KALIGOTTU
village_581826,581826,KEESARI
village_581827,581827,DOLUKONA
village_581828,581828,VANGARA
village_581829,581829,JAMITIPADU
village_581830,581830,GUNADA
village_581831,581831,KEDARIPURAM
village_581832,581832,NONDRUKONA
village_581833,581833,TENKASINGI
village_581834,581834,RELLA
village_581835,581835,KOSANGIBHADRA
village_581836,581836,DUMMANGI
village_581837,581837,KOTHAGUDA @ DABBALIGUDA
village_581838,581838,NIGARAM
village_581839,581839,KUKKIDI
village_581840,581840,BODDIDI
village_581841,581841,CHAPPAGUDA
village_581842,581842,RAYAGANDA
village_581843,581843,GORATI
village_581844,581844,CHAPARAYI JANGIDIBHADRA
village_581845,581845,SIKHARAPAI
village_581846,581846,VAMASI
village_581847,581847,TADIKONDA
village_581848,581848,MANGALAPURAM
village_581849,581849,PEDAKHARJA
village_581850,581850,BATUGUDABA
village_581851,581851,SIVADA NEAR KUKKIDI
village_581852,581852,SIKALABAI
village_581853,581853,CHEMUDUGUDA
village_581854,581854,MURADA
village_581855,581855,MULABINNIDI @ MULALIKKIDI
village_581856,581856,KOTHALIKKIDI
village_581857,581857,IRIDI
village_581858,581858,THOLUKHARJA
village_581859,581859,GOWDUGUDA
village_581860,581860,LUMBESU
village_581861,581861,LAPPITI
village_581862,581862,SIRASARAM
village_581863,581863,VADABAI
village_581864,581864,VONDRUBHANGI
village_581865,581865,CHAPARAYIBINNIDI
village_581866,581866,KANASINGI
village_581867,581867,KONDRUKUPPA
village_581868,581868,MULIGUDA
village_581869,581869,KONDAGUDABA
village_581870,581870,MANTRAJOLA
village_581871,581871,GADIVANKADHARA
village_581872,581872,KONDABINNIDI
village_581873,581873,MULAJAMMU
village_581874,581874,KURASINGI
village_581875,581875,ALAVADDA
village_581876,581876,VAPPANGI
village_581877,581877,KONDAVADA
village_581878,581878,RAYAGHADAJAMMU
village_581879,581879,PENGUVA
village_581880,581880,CHINAGEESADA
village_581881,581881,PEDARAVIKONA
village_581882,581882,NONDRUKONA
village_581883,581883,SAMBUGUDA
village_581884,581884,PUSABADI
village_581885,581885,GOIPAKA
village_581886,581886,KITHALAMBA
village_581887,581887,GULLALANKA
village_581888,581888,VADAJANGI
village_581889,581889,IJJAKAI
village_581890,581890,DABBALIGUDA
village_581891,581891,SRIRANGAPADU
village_581892,581892,LADA
village_581893,581893,BEERUPADU
village_581894,581894,KONTESU
village_581895,581895,TANKU
village_581896,581896,CHINAVANKADHARA
village_581897,581897,BODDIDI
village_581898,581898,ATCHABA
village_581899,581899,KUSA @ YADAKHALLU
village_581900,581900,CHINARAVIKONA
village_581901,581901,VALLADA
village_581902,581902,GORADA
village_581903,581903,KUDDA
village_581904,581904,RANASINGI
village_581905,581905,VATHADA
village_581906,581906,LAKKAGUDA
village_581907,581907,SAVARAKOTAPADU
village_581908,581908,PUTTAJAMMU
village_581909,581909,THATISEELA
village_581910,581910,KALIGOTTU
village_581911,581911,REGULAPADU
village_581912,581912,PIRTHANI @ ELWINPETA
village_581913,581913,GUMMALAKSHMIPURAM
village_581914,581914,SADUNUGUDA
village_581915,581915,AMITI
village_581916,581916,PUTHIKAVALASA
village_581917,581917,KUDDAPALAVALASA
village_581918,581918,YEGUVAMANDA
village_581919,581919,MANDA @ DIGUVA MANDA
village_581920,581920,KARLAGUDA
village_581921,581921,REGIDI
village_581922,581922,BAYYADA
village_581923,581923,GANDRA
village_581924,581924,BALESU
village_581925,581925,TUMMIGUDA
village_581926,581926,DIGUVADERUVADA
village_581927,581927,GEESADA (PAMULA)
village_581928,581928,BABBIDI
village_581929,581929,URITI
village_581930,581930,JARNA
village_581931,581931,CHORUPALLE
village_581932,581932,KONDAKUNERU
village_581933,581933,VADAPUTTI
village_581934,581934,NELLIKIKKUVA
village_581935,581935,DONGURUKIKKUVA
village_581936,581936,JOGIPURAM
village_581937,581937,GEDRAJOLA
village_581938,581938,VANAKABADI (L.M.)
village_581939,581939,VANDIDI
village_581940,581940,DUDDUKHALLU
village_581941,581941,LOVALAKSHMIPURAM
village_581942,581942,CHINTALAPADU
village_581943,581943,TIKKABAI
village_581944,581944,CHINARAYUDUPETA @ DABBALIGUDA
village_581945,581945,YEGULAVADA
village_581946,581946,KONAGUDA
village_581947,581947,GUMMA
village_581948,581948,LEVIDI
village_581949,581949,URIDI @ URIDINIVIDE
village_581950,581950,DHULIKUPPA
village_581951,581951,KOTHAGUDA (NEAR) UDAYAPURAM
village_581952,581952,RELLIGUDA @ MALLIGUDA
village_581953,581953,SANJUVAI
village_581954,581954,KAKITHADA
village_581955,581955,UDAYAPURAM
village_581956,581956,GORJAPADU
village_581957,581957,MANTIKONDA
village_581958,581958,ANTIJOLA
village_581959,581959,GUJJUVAI
village_581960,581960,MONDEMKHALLU
village_581961,581961,KONDABARIDI
village_581962,581962,RAJJALI
village_581963,581963,MARIPALLE (NEAR) RAJJALI
village_581964,581964,RASTAKUNTUBAI
village_581965,581965,CHANDANAKOTA
village_581966,581966,CHINAVANIJA
village_581967,581967,PEDAVANIJA
village_581968,581968,BOTHILI
village_581969,581969,MARIPALLE (NEAR) MONDEMKHALLU
village_581970,581970,ICHAPURAM
village_581971,581971,DONGALABARAMANI
village_581972,581972,SIVADA (NEAR) GUJJUVAI
village_581973,581973,DOKULAGUDA
village_581974,581974,RAMUDUGUDA
village_581975,581975,KEEDAVAI
village_581976,581976,DOMMIDI
village_581977,581977,YEGUVABALLERU
village_581978,581978,VALASABALLERU
village_581979,581979,LANKAJODU
village_581980,581980,PEDAGOTTILI
village_581981,581981,PEDABARAMANI @ GUNDUBARAMANI
village_581982,581982,KAIRADA
village_581983,581983,POTIVADA
village_581984,581984,NAGARA
village_581985,581985,TATCHIDI (TUTTIDI)
village_581986,581986,BARTHANGI
village_581987,581987,SANTHOSHAPURAM
village_581988,581988,LANDAGORLI
village_581989,581989,THENNUKHARJA
village_581990,581990,KIRISINGI @ PELLIVALASA
village_581991,581991,DIMITIGUDA
village_581992,581992,RANGUPURAM
village_581993,581993,SEKUPADU
village_581994,581994,DANDUSURA
village_581995,581995,GUMMIDIGUDA
village_581996,581996,BIYYALAVALASA
village_581997,581997,SOMIDAVALASA
village_581998,581998,SIVANNAPETA
village_581999,581999,GOLLAVALASA
village_582000,582000,KITCHADA
village_582001,582001,KURUPAM
village_582002,582002,TEKHARAKHANDI
village_582003,582003,DURUBILI
village_582004,582004,BHALLUKOTA
village_582005,582005,GOTIVADA
village_582006,582006,BORE
village_582007,582007,MEGADA
village_582008,582008,VOPPANGI
village_582009,582009,PODI
village_582010,582010,SOBBA
village_582011,582011,NAGARAKUNTUBAI
village_582012,582012,GOTIKUPPA
village_582013,582013,ARIKAKORIDI
village_582014,582014,CHAPPAGOTTILI
village_582015,582015,KOLISA
village_582016,582016,CHINTHALAKORIDI
village_582017,582017,PODISA
village_582018,582018,PANASABHADRA
village_582019,582019,VOOSAKONDA
village_582020,582020,DANDUSURA (NEAR KURUPAM )
village_582021,582021,NEELAKANTAPURAM
village_582022,582022,DHARMALALAXMIPURAM
village_582023,582023,JUMBIRI
village_582024,582024,JARADA
village_582025,582025,PULIPUTTI
village_582026,582026,ABIRI
village_582027,582027,TITTIRI
village_582028,582028,TULASI
village_582029,582029,SEEDIGUDA
village_582030,582030,GUMMIDIGUDA
village_582031,582031,BHEEMPURAM
village_582032,582032,GADALI
village_582033,582033,LIKKIDI
village_582034,582034,KAKILI (NEAR ) NEELAKANTAPURAM
village_582035,582035,GANGANNADORA VALASA
village_582036,582036,TIYYALI
village_582037,582037,VOBBANGI
village_582038,582038,SAKI
village_582039,582039,BITRAPADU
village_582040,582040,BATLABHADRA
village_582041,582041,SUBADRAMMA VALASA
village_582042,582042,JOGIRAJUPETA
village_582043,582043,KANNAPUDORA VALASA
village_582044,582044,PEDAMERANGI
village_582045,582045,CHINAMERANGI
village_582046,582046,TALLADUMMA
village_582047,582047,CHANDRASEKHARAJAPURAM
village_582048,582048,MOKASUALLUWADA
village_582049,582049,LOVAGANGARAJAPURAM
village_582050,582050,TUMBALI
village_582051,582051,RAVADA
village_582052,582052,MARUWADA
village_582053,582053,KONDANIDAGALLU
village_582054,582054,KIDIGESU
village_582055,582055,BALLERU
village_582056,582056,KONDACHILAKAM
village_582057,582057,CHINADODIJA
village_582058,582058,DAKSHINI
village_582059,582059,PEDATOLUMANDA
village_582060,582060,PEDADODIJA
village_582061,582061,TAMARIKANDIJAMMU
village_582062,582062,GORLI
village_582063,582063,KUTAMPANDRASINGI
village_582064,582064,ARNADA
village_582065,582065,JIYYAMMAVALASA
village_582066,582066,ALAMANDA
village_582067,582067,SIKHABADI
village_582068,582068,BOMMIKA JAGANNADHAPURAM
village_582069,582069,JOGULADUMMA
village_582070,582070,LAKSHMIPURAM (NEAR) PARAJAPADU
village_582071,582071,TUMMALAVALASA
village_582072,582072,RAJAYYAPETA
village_582073,582073,SURAPUDORAVALASA
village_582074,582074,AKKANDORAVALASA
village_582075,582075,GANGAMMAVALASA
village_582076,582076,GAVARAMPETA
village_582077,582077,MOKHASAHARIPURAM
village_582078,582078,BASANGI
village_582079,582079,CHINTALABELAGAM
village_582080,582080,SIVARAMARAJAPURAM
village_582081,582081,SINGANAPURAM
village_582082,582082,KUDAMA
village_582083,582083,GOWRIPURAM
village_582084,582084,GADABAVALASA
village_582085,582085,TURAKANAIDUVALASA
village_582086,582086,ITIKA
village_582087,582087,KUNDARATIRUVADA
village_582088,582088,PARAJAPADU
village_582089,582089,PIPPALABADRA
village_582090,582090,GEDDATIRUVADA
village_582091,582091,BOMMIKA
village_582092,582092,DANGABADRA (NEAR) ARNADA
village_582093,582093,ANKAVARAM
village_582094,582094,CHINABUDDIDI
village_582095,582095,PEDABUDDIDI
village_582096,582096,GADISINGUPURAM
village_582097,582097,MARKONDAPUTTI
village_582098,582098,GIJABA
village_582099,582099,NAVIRI
village_582100,582100,THOTAPALLE
village_582101,582101,GADABAVALASA GANGARAJAPURAM
village_582102,582102,SANTHOSHAPURAM
village_582103,582103,SUNKI
village_582104,582104,ULLIBHADRA
village_582105,582105,SEETHARAMPURAM
village_582106,582106,KONKADIVARAM
village_582107,582107,SIVARAMPURAM (NEAR) DALAIVALASA
village_582108,582108,DALAIVALASA
village_582109,582109,GOTTIVALASA
village_582110,582110,MARUPENTA
village_582111,582111,SAMBANNAVALASA
village_582112,582112,NAGURU
village_582113,582113,LAKHANAPURAM
village_582114,582114,CHILAKAM
village_582115,582115,SIVVAM
village_582116,582116,POLINAIDUVALASA
village_582117,582117,HIKKIMVALASA
village_582118,582118,UDDAVOLU
village_582119,582119,CHINAGUDABA
village_582120,582120,PEDAGUDABA
village_582121,582121,RAYANDORAVALASA
village_582122,582122,VALLARIGUDABA
village_582123,582123,BURADA VENKATAPURAM
village_582124,582124,GARUGUBILLI
village_582125,582125,PEDDURU
village_582126,582126,SIVARAMRAJAPURAM (NEAR) PEDDURU
village_582127,582127,SEETHARAMPURAM (NEAR) SIVVAM
village_582128,582128,KOTHURU
village_582129,582129,RAVUPALLE
village_582130,582130,KOTHAPALLE
village_582131,582131,CHANDALANGI
village_582132,582132,PEDAMARIKI
village_582133,582133,KRISHNAPALLE
village_582134,582134,RADHAMPETA
village_582135,582135,DHANUNJAYAPURAM
village_582136,582136,SRIRANGARAJAPURAM
village_582137,582137,GANGAMAMBAPURAM
village_582138,582138,RAVIKONABATTI VALASA
village_582139,582139,SANGAMVALASA
village_582140,582140,KORE
village_582141,582141,APPANDORAVALASA
village_582142,582142,ADDURUVALASA
village_582143,582143,VENKATANISSANKAPURAM
village_582144,582144,LAKSHMINARAYANAPURAM
village_582145,582145,GOPALAPURAM
village_582146,582146,ADDAPUSEELA
village_582147,582147,GANGARAJAPURAM
village_582148,582148,VENKAMPETA
village_582149,582149,CHINABONDAPALLE
village_582150,582150,NISSANKAPURAM
village_582151,582151,GANGAPURAM
village_582152,582152,KAVITIBHADRA
village_582153,582153,MULAGA
village_582154,582154,DOKISEELA
village_582155,582155,GOCHEKKA
village_582156,582156,BUDURUVADA
village_582157,582157,ADARU
village_582158,582158,TONKI
village_582159,582159,DONKALAKOTHA PATNAM
village_582160,582160,TADANGIVALASA
village_582161,582161,LAKSHMIPURAM
village_582162,582162,JAMADALA
village_582163,582163,CHALAMVALASA
village_582164,582164,DOGGAVANIMULAGA
village_582165,582165,SUDIGAM
village_582166,582166,TALLABURIDI
village_582167,582167,BANDALUPPI
village_582168,582168,JAMMADIVALASA
village_582169,582169,ANTIVALASA
village_582170,582170,PULIGUMMI
village_582171,582171,LATCHIRAJUPETA
village_582172,582172,PUTTURU
village_582173,582173,PEDABONDAPALLE
village_582174,582174,NARSIPURAM
village_582175,582175,HARIPURAM KARADAVALASA
village_582176,582176,VISWAMBARAPURAM
village_582177,582177,VENKATARAIDUPETA
village_582178,582178,JAGANNADHARAJA PURAM
village_582179,582179,BALAGUDABA
village_582180,582180,BELUGONDA
village_582181,582181,MENDANGI
village_582182,582182,ALAGARUVU
village_582183,582183,MULAVALASA
village_582184,582184,DUGGERU
village_582185,582185,GUNTABHADRA
village_582186,582186,PANASABHADRA
village_582187,582187,YERRASAMANTHULA VALASA
village_582188,582188,PEDAVOOTAGADDA
village_582189,582189,BIRAMASI
village_582190,582190,NANDA
village_582191,582191,SEEBILLIPEDAVALASA
village_582192,582192,KHAVIRIVALASA
village_582193,582193,PEDAGHASILA
village_582194,582194,NANDAKOTTULA GHASILA
village_582195,582195,MARKONDAPUTTI
village_582196,582196,SARAIVALASA
village_582197,582197,NAGULLADABBA GADDA
village_582198,582198,ANASABHADRA
village_582199,582199,VIJAYARAMPURAM
village_582200,582200,LOVARKHANDI
village_582201,582201,SIRLAM
village_582202,582202,GOPALAPURAM
village_582203,582203,DABBAGADDA
village_582204,582204,BANGARUVALASA
village_582205,582205,PEETALAVALASA
village_582206,582206,BATTIVALASA
village_582207,582207,SINGAMDORAVALASA
village_582208,582208,KONDAPALLIVALASA
village_582209,582209,SAMBARA
village_582210,582210,THOTAVALASA
village_582211,582211,SANYASIRAJUPURAM @ MARIPIVALASA
village_582212,582212,KHAVIRIPALLE
village_582213,582213,CHINAMRAJUVALASA
village_582214,582214,KONDABUTCHAM PETA
village_582215,582215,KONA
village_582216,582216,SANTESWARAM
village_582217,582217,TURUMAMIDI
village_582218,582218,VENKATABHYRIPURAM
village_582219,582219,KOYYANAPETA
village_582220,582220,CHANDRAYYAPETA
village_582221,582221,KONDAREJERU
village_582222,582222,KASIPATNAM
village_582223,582223,PAPAYYAVALASA
village_582224,582224,MULAKKAYAVALASA
village_582225,582225,NARAYANARAMA CHAN DRARAJU PURAM
village_582226,582226,MAKKUVA
village_582227,582227,BANTUMAKKUVA
village_582228,582228,CHEMUDU
village_582229,582229,MUKAVALASA
village_582230,582230,PAYAKAPADU
village_582231,582231,CHAPPABUTCHAM PETA
village_582232,582232,VENKAMPETA
village_582233,582233,KANNAMPETA
village_582234,582234,KOTHAVALASA
village_582235,582235,GEDDALUPPI
village_582236,582236,REPATIVALASA
village_582237,582237,GUTCHIMI
village_582238,582238,SURAMMAPETA
village_582239,582239,MARIPIVALASA
village_582240,582240,CHINNARAYUDUPETA
village_582241,582241,IPPALAVALASA
village_582242,582242,PAPAMMAVALASA
village_582243,582243,NIDAGALLU
village_582244,582244,JAGANNADHAPURAM
village_582245,582245,GANGARAJAPURAM
village_582246,582246,KRISHNARAYAPURAM
village_582247,582247,SUMITRAPURAM
village_582248,582248,PEDANKALAM
village_582249,582249,CHINANKALAM
village_582250,582250,BURJA
village_582251,582251,VENKATAPURAM
village_582252,582252,NEELAKANTAPURAM
village_582253,582253,BUDDIPETA
village_582254,582254,JOGIMPETA
village_582255,582255,PEDABHOGILA
village_582256,582256,THAMARAKHANDI
village_582257,582257,BAGGAMDHORAVALASA
village_582258,582258,BALLAKRISHNAPURAM
village_582259,582259,BAKKUPETA
village_582260,582260,CHINABHOGILA
village_582261,582261,KASAPETA
village_582262,582262,R.VENKAMPETA
village_582263,582263,RAMAVARAM
village_582264,582264,LATCHAYYAPETA
village_582265,582265,ANTIPETA
village_582266,582266,VENKATAPURAM
village_582267,582267,VENNELABUTCHAMPETA
village_582268,582268,PANUKUPETA
village_582269,582269,RANGAMPETA
village_582270,582270,K.SEETHARAMPURAM
village_582271,582271,LAKSHMIPURAM
village_582272,582272,DAYANIDHIPURAM
village_582273,582273,JANTHIRAYAPURAM
village_582274,582274,PUNUBUTCHAMPETA
village_582275,582275,GADELAVALASA
village_582276,582276,SEETHARAMPURAM (NEAR) SUBHADRA
village_582277,582277,JANUMULLUVALASA
village_582278,582278,AJJADA
village_582279,582279,MURAGADAM
village_582280,582280,CHAKARAPALLE
village_582281,582281,PEDDIMPETA
village_582282,582282,GOWRIPURAM
village_582283,582283,NARAYANAPURAM
village_582284,582284,PADAMAYAVALASA
village_582285,582285,ARASADA
village_582286,582286,PANUKUVALASA (NEAR) ARASADA
village_582287,582287,SIVARAMPURAM
village_582288,582288,SUBHADRA
village_582289,582289,BADEVALASA
village_582290,582290,BARLI
village_582291,582291,MIRTHIVALASA
village_582292,582292,CHELLIMPETA
village_582293,582293,TUMARADA
village_582294,582294,VENGAPURAM
village_582295,582295,PALAGARA
village_582296,582296,NOOKALAVADA
village_582297,582297,KURMANADHAPURAM
village_582298,582298,CHILKALAPALLE
village_582299,582299,NARAMPETA
village_582300,582300,PEDAPENKI
village_582301,582301,BHAIRIPURAM
village_582302,582302,AMPAVILLI
village_582303,582303,JANARDHANAPURAM
village_582304,582304,VENGALARAYAPURAM
village_582305,582305,KONDAPURAM
village_582306,582306,VANTARAM
village_582307,582307,GANGADA
village_582308,582308,RANGASAIPURAM
village_582309,582309,NARANNAIDUVALASA
village_582310,582310,SRI RANGARAJA PURAM
village_582311,582311,GALAVILLI
village_582312,582312,NIMMALAPADU
village_582313,582313,VELAGAVALASA (NEAR) ADDUMANDA
village_582314,582314,GOPALARAYUDUPETA
village_582315,582315,RAJUPETA
village_582316,582316,SEETHAYYAPETA
village_582317,582317,JANARDHANA RANGA RAYAPURAM @ KINTALAVANIPETA
village_582318,582318,LINGAMVALASA
village_582319,582319,KOMATIPALLE (NEAR) BOBBILI
village_582320,582320,KALAVARAI AGRAHARAM
village_582321,582321,VAKADAVALASA
village_582322,582322,CHINTADA
village_582323,582323,PAKKI
village_582324,582324,RAMUDUVALASA
village_582325,582325,SIVADAVALASA
village_582326,582326,KONDADEVUPALLE
village_582327,582327,KAMMAVALASA
village_582328,582328,MUTTAVALASA
village_582329,582329,PIRIDI
village_582330,582330,KRISHNAPURAM
village_582331,582331,JAGANNADHAPURAM (NEAR) BOBBILI
village_582332,582332,YEMBANAVALASA
village_582333,582333,PATHA BOBBILI (R)
village_582334,582334,VENKATARAYUDU PETA
village_582335,582335,CHITRAKOTA BODDAVALASA
village_582336,582336,DONGURUVALASA
village_582337,582337,KASIDORAVALASA
village_582338,582338,BHUBANDAVALASA
village_582339,582339,NARAYANAPPAVALASA
village_582340,582340,PARADHI
village_582341,582341,BANKURUVALASA
village_582342,582342,BHOJARAJAPURAM
village_582343,582343,GORLA SEETHARAMPURAM
village_582344,582344,METTAVALASA
village_582345,582345,VIJAYARAMPURAM (NEAR) METTAVALASA
village_582346,582346,PANUKUVALASA (NEAR) METTAVALASA
village_582347,582347,GUNNATHOTAVALASA
village_582348,582348,BURJAVALASA (NEAR) METTAVALASA
village_582349,582349,PENTA
village_582350,582350,RANGARAYAPURAM
village_582351,582351,JANARDHANARANGARAYAPURAM @ KUNUKUVANIVALASA
village_582352,582352,ALAJANGI
village_582353,582353,KARADA
village_582354,582354,SIRIVARA
village_582355,582355,POYIMALA
village_582356,582356,SURAPADU @ KANJUPAKA
village_582357,582357,BANDAPAI
village_582358,582358,GUNJARI
village_582359,582359,CHINTAMALA
village_582360,582360,MASIKACHINTALA VALASA
village_582361,582361,KODAMA
village_582362,582362,CHORA
village_582363,582363,MUDANGI
village_582364,582364,JAGGUDORAVALASA
village_582365,582365,CHINAVOOTAGEDDA
village_582366,582366,THUNDA
village_582367,582367,MAIPALLE
village_582368,582368,PATTUCHENNURU
village_582369,582369,SOLIPIGUDA
village_582370,582370,PAGULACHENNURU
village_582371,582371,DOLIYAMBA
village_582372,582372,LOLINGABHADRA
village_582373,582373,YEGUVAMENDANGI
village_582374,582374,DONKALAVELAGA VALASA
village_582375,582375,PANASALAVALASA
village_582376,582376,MAVUDI
village_582377,582377,KOTTUPARUVU
village_582378,582378,DIGUVAMENDANGI
village_582379,582379,THONAM
village_582380,582380,NIMMALAPADU
village_582381,582381,KEERAPADU
village_582382,582382,SIKHAPARUVA
village_582383,582383,BARNAGUDA
village_582384,582384,MUDAKARU
village_582385,582385,KOTIYA
village_582386,582386,GANJAIBHADRA
village_582387,582387,JILLEDUVALASA
village_582388,582388,DULIBHADRA
village_582389,582389,YEGUVASEMBI
village_582390,582390,DIGUVASEMBI
village_582391,582391,SARIKI
village_582392,582392,MOKHASADANDIGAM
village_582393,582393,KUDAKARU
village_582394,582394,MARIPALLE
village_582395,582395,TEENUSAMANTHA VALASA
village_582396,582396,BUTALAKARRIVALASA
village_582397,582397,MOKHASAMAMIDI PALLE
village_582398,582398,KANDULAPADAM
village_582399,582399,MUCHERLAVALASA
village_582400,582400,PANDIRIMAMIDI VALASA
village_582401,582401,ANNAMRAJUVALASA
village_582402,582402,KUDDADIVALASA
village_582403,582403,LAXMIPURAM
village_582404,582404,CHEMIDIPATIPOLAM
village_582405,582405,EDULADANDIGAM
village_582406,582406,ANTIVALASA
village_582407,582407,DATTIVALASA
village_582408,582408,GURRAPUVALASA
village_582409,582409,MULAKKAYAVALASA
village_582410,582410,KURUKUTTI
village_582411,582411,KANAPALABANDA
village_582412,582412,KARADAVALASA
village_582413,582413,DAGARAVALASA
village_582414,582414,KARASUVALASA
village_582415,582415,KOTHAVALASA
village_582416,582416,GURUVINAYUNI PEDAVALASA
village_582417,582417,KONDAKARAKA VALASA @ JANAVARIVALASA
village_582418,582418,KODUKARAKAVALASA
village_582419,582419,TUPAKIVALASA
village_582420,582420,NARLAVALASA
village_582421,582421,GADILAVALASA
village_582422,582422,PEDAPADAMMUTTA
village_582423,582423,MIRTIVALASA
village_582424,582424,BAGUVALASA
village_582425,582425,PUROHITUNIVALASA
village_582426,582426,VALLAPURAM
village_582427,582427,PEDAPADAM
village_582428,582428,MUGADAVALASA
village_582429,582429,JEEGIRAM
village_582430,582430,NELIPARTI
village_582431,582431,DUGDASAGARAM
village_582432,582432,KURMARAJUPETA
village_582433,582433,CHANDRAPPAVALASA
village_582434,582434,TENTUBODDAVALASA
village_582435,582435,DEVUBUTCHAMMA PETA
village_582436,582436,BORABANDA
village_582437,582437,SIVARAMPURAM
village_582438,582438,PARANNAVALASA
village_582439,582439,BHAVANIPURAM
village_582440,582440,AJURU
village_582441,582441,KANKANAPALLE
village_582442,582442,KUMBIVALASA
village_582443,582443,CHAKIREVUVALASA
village_582444,582444,CHERUKUPALLE
village_582445,582445,PANUKUVALASA
village_582446,582446,PANASAPEDDIKONA VALASA
village_582447,582447,VISWANADHAPURAM
village_582448,582448,BOBBILIVALASA
village_582449,582449,KARRIVALASA
village_582450,582450,GAVARAMPETA
village_582451,582451,PEDDAVALASA
village_582452,582452,PADMAPURAM
village_582453,582453,PACHIPENTA
village_582454,582454,KUNAMBANDAVALASA
village_582455,582455,THOTAVALASA
village_582456,582456,GARLAVALASA
village_582457,582457,KOTTAVALASA
village_582458,582458,MIRTHIVALASA
village_582459,582459,KOTIKIPENTA
village_582460,582460,MALLAPURAJUPETA
village_582461,582461,PANCHALI
village_582462,582462,MOSURU
village_582463,582463,GURUVINAIDUPETA
village_582464,582464,MATHUMURU
village_582465,582465,MULAKKAYAVALASA
village_582466,582466,GARELLAVALASA
village_582467,582467,ALURU
village_582468,582468,KESALI
village_582469,582469,KUNTAMBADEVALASA
village_582470,582470,PARTHAPURAM
village_582471,582471,ADARIPADU
village_582472,582472,MODUGA
village_582473,582473,TURAIPADU
village_582474,582474,GOTTURU
village_582475,582475,BORRAMAMIDI
village_582476,582476,CHITTELABA
village_582477,582477,TANGALAM
village_582478,582478,CHITTIPURAM
village_582479,582479,SATHABI
village_582480,582480,KONDALUDDANDI
village_582481,582481,PEDAKANCHURU
village_582482,582482,VETAGANIVALASA
village_582483,582483,KUDUMURU
village_582484,582484,KONDATADURU
village_582485,582485,TADURU
village_582486,582486,SARAIVALASA
village_582487,582487,NANDA
village_582488,582488,PUDI
village_582489,582489,KONDAMOSURU
village_582490,582490,MELIAKANCHURU
village_582491,582491,TUMARAVILLI
village_582492,582492,KERANGI
village_582493,582493,KATARIKOTA
village_582494,582494,GOLLAPETA
village_582495,582495,APPALARAJUPETA
village_582496,582496,ITLAMAMIDIPALLE
village_582497,582497,SEETHARAMPURAM
village_582498,582498,ROMPALLE
village_582499,582499,KOTTAKKI
village_582500,582500,TARAPURAM
village_582501,582501,RAMABHADRAPURAM
village_582502,582502,SAMARTHULA CHINTALAVALASA
village_582503,582503,SOMPURAM
village_582504,582504,MARRIVALASA
village_582505,582505,NAIDUVALASA
village_582506,582506,KONDAPALAVALASA
village_582507,582507,GANGANNAPALAVALASA @ TATAVARIPALAVALASA
village_582508,582508,ARIKATOTA
village_582509,582509,BUSAYAVALASA
village_582510,582510,MUTCHERLAVALASA
village_582511,582511,MAMIDIVALASA
village_582512,582512,KONDAKENGUVA
village_582513,582513,JANNIVALASA
village_582514,582514,MULACHELAGAM
village_582515,582515,PEDACHELAGAM
village_582516,582516,RAVIVALASA
village_582517,582517,ENUBARUVU
village_582518,582518,LOLLARAPADU
village_582519,582519,CHINTALAVALASA
village_582520,582520,CHANDAPURAM
village_582521,582521,KOTASIRLAM
village_582522,582522,NARASAPURAM
village_582523,582523,DUPPALAPUDI
village_582524,582524,PATAREGA
village_582525,582525,ROMPALLIVALASA
village_582526,582526,GOLLADI
village_582527,582527,BUTCHAMPETA
village_582528,582528,BHEEMAVARAM
village_582529,582529,PALTHERU
village_582530,582530,ANAVARAM
village_582531,582531,PINAPENKI
village_582532,582532,GOPALAKRISHNARANGARAYAPURAM
village_582533,582533,P.VENKAMPETA
village_582534,582534,REJERU
village_582535,582535,VADADA
village_582536,582536,KOTIPALLE
village_582537,582537,GUDEPUVALASA
village_582538,582538,MALLAMPETA
village_582539,582539,PUDIVALASA
village_582540,582540,MUGADA
village_582541,582541,BADANGI
village_582542,582542,DONKINIVALASA
village_582543,582543,KAMANNAVALASA
village_582544,582544,LAKSHMIPURAM
village_582545,582545,GAJARAYUNIVALASA
village_582546,582546,TENTUVALASA
village_582547,582547,PEDAPALLE
village_582548,582548,PINDRANGIVALASA
village_582549,582549,VEERASAGARAM
village_582550,582550,RAMACHANDRA PURAM
village_582551,582551,KODURU
village_582552,582552,KRISHNAPURAM
village_582553,582553,AKULAKATTA
village_582554,582554,D.VENKAYYAPETA
village_582555,582555,NANDABALAGA
village_582556,582556,KUSUMURU
village_582557,582557,RAMANNA AGRAHARAM
village_582558,582558,NANDIGAM
village_582559,582559,ANTLAVARA
village_582560,582560,KORATAM
village_582561,582561,KOLLIVALASA
village_582562,582562,VIZIARAMPURAM(NEAR) KORATAM
village_582563,582563,SEETHARAMPURAM (NEAR) KORATAM
village_582564,582564,SATHIVADA
village_582565,582565,GOLUGUVALASA
village_582566,582566,APPALAMMAPETA
village_582567,582567,VIZIARAMPURAM @ BURIPETA
village_582568,582568,BURJAVALASA (NEAR) AMITY
village_582569,582569,SUNDARADA
village_582570,582570,UDDAVOLU
village_582571,582571,RAVIMANU GADABAVALASA
village_582572,582572,NEMALAM
village_582573,582573,KAVIRAYANIVALASA
village_582574,582574,RAMACHANDRAPURAM (NEAR) AMITY
village_582575,582575,SEETHARAMPURAM (NEAR) AMITY
village_582576,582576,AMITY
village_582577,582577,LINGAPURAM
village_582578,582578,THERLAM
village_582579,582579,RAJAYYAPETA
village_582580,582580,GANGANNAPADU
village_582581,582581,JANNIVALASA
village_582582,582582,KUNAYAVALASA
village_582583,582583,VENKAMPETA @ KUMMARIPETA
village_582584,582584,MADHAVARANGARAYAPURA AGRAHARAM
village_582585,582585,RANGAPPAVALASA
village_582586,582586,RAMACHANDRAPURAM (NEAR) VELAGAVALASA
village_582587,582587,VELAGAVALASA
village_582588,582588,LOCHERLA
village_582589,582589,SOMIDAVALASA
village_582590,582590,CHINNAYYAPETA
village_582591,582591,CHUKKAVALASA
village_582592,582592,VENKATAPURAM
village_582593,582593,KAGAM
village_582594,582594,ARASABALAGA
village_582595,582595,RAMACHANDRAPURAM (NEAR) PERUMAL
village_582596,582596,TEKKALIVALASA
village_582597,582597,PANUKUVALASA
village_582598,582598,PULLERUVALASA
village_582599,582599,DOMMIGANI GADABAVALASA
village_582600,582600,PERUMALI
village_582601,582601,JADAVARI KOTHAVALASA
village_582602,582602,PUNUVALASA
village_582603,582603,CHINAPALAVALASA
village_582604,582604,PEDAPALAVALASA
village_582605,582605,PULIGUMMI
village_582606,582606,VOOTAPALLE
village_582607,582607,SYAMAYAVALASA
village_582608,582608,UTTARAVILLI
village_582609,582609,RAVIVALASA (NEAR) MUDIDAM
village_582610,582610,POTTEDUVALASA
village_582611,582611,RACHAGUMADAM
village_582612,582612,BHEEMAVARAM
village_582613,582613,GATHADA @ SRIRAN GARAJA PURAM
village_582614,582614,RAMAYAVALASA
village_582615,582615,SOMALINGAPURAM
village_582616,582616,MERAKAMUDIDAM
village_582617,582617,SIVVAMDORAVALASA
village_582618,582618,GOTTIPALLE
village_582619,582619,BUDARAYAVALASA
village_582620,582620,GOPANNAVALASA
village_582621,582621,MARRIVALASA
village_582622,582622,KONDALAVERU
village_582623,582623,SATHAMVALASA
village_582624,582624,PUTHIKAVALASA
village_582625,582625,DASUMANTHAPURAM
village_582626,582626,GOLLALAVALASA
village_582627,582627,SIRIDEVIPURAM
village_582628,582628,YADIKI
village_582629,582629,GARUGUBILLI
village_582630,582630,BHAGIRATHIPURAM AGRAHARAM
village_582631,582631,BADAM
village_582632,582632,KOTHAKARRA
village_582633,582633,KORLAM
village_582634,582634,BILLALAVALASA
village_582635,582635,KUNCHIGUMADAM
village_582636,582636,GARBHAM
village_582637,582637,BHYRIPURAM
village_582638,582638,VISHWANADHA PURAM
village_582639,582639,PEDARAVYAM
village_582640,582640,CHELLAPURAM
village_582641,582641,CHINARAVYAM
village_582642,582642,CHINABANTUPALLE
village_582643,582643,VASUDEVAPURAM
village_582644,582644,SINGAVARAM
village_582645,582645,IPPALAVALASA
village_582646,582646,CHOWDANTIVALASA
village_582647,582647,KORAPAKRISHNA PURAM
village_582648,582648,PAPPALA LINGALAVALASA
village_582649,582649,SHIKARUGANJI
village_582650,582650,LINGARAJAPURAM
village_582651,582651,NEELAKANTA RAJAPURAM
village_582652,582652,KORAPA
village_582653,582653,S. BURJAVALASA
village_582654,582654,KORAPA KOTHAVALASA
village_582655,582655,CHERAKUPALLE
village_582656,582656,S.CHINTALAVALASA
village_582657,582657,PACHALAVALASA
village_582658,582658,MARRIVALASA
village_582659,582659,MARADAM
village_582660,582660,BHOJARAJUPURAM
village_582661,582661,DATTI
village_582662,582662,DATTI VENKATAPURAM
village_582663,582663,TIMITERU BURJAVALASA
village_582664,582664,TIMITERU
village_582665,582665,BHUPALARAJAPURAM
village_582666,582666,DATTI RAJERU
village_582667,582667,GUTCHIMI
village_582668,582668,VINDHYAVASI
village_582669,582669,V. KRISHNAPURAM
village_582670,582670,KOMATIPALLE
village_582671,582671,TADENDORAVALASA
village_582672,582672,INGILAPALLE
village_582673,582673,CHINA CHAMALAPALLE
village_582674,582674,GADABAVALASA
village_582675,582675,LAKSHMIPURAM
village_582676,582676,VIZIARAMAPURAM
village_582677,582677,PEDAMANAPURAM
village_582678,582678,VANGARA
village_582679,582679,GOBHYAM
village_582680,582680,BALABHADRA RAJAPURAM
village_582681,582681,VENKATAKRISHNARAJA PURAM
village_582682,582682,PORALI
village_582683,582683,SARAYYAVALASA
village_582684,582684,GADASAM
village_582685,582685,DASUPETA
village_582686,582686,KANNAM
village_582687,582687,PEDAKADA
village_582688,582688,CHINAKADA
village_582689,582689,VIZIARAMA GAJAPATHI RAJAPURAM
village_582690,582690,VISWESWARARAYAPURAM
village_582691,582691,M.LINGALAVALASA
village_582692,582692,THIMURUVALASA
village_582693,582693,KUNERU
village_582694,582694,UDDANGI
village_582695,582695,PORAMLOVA
village_582696,582696,PULIGUMMI
village_582697,582697,KUNTINAVALASA
village_582698,582698,CHINAMEDAPALLE
village_582699,582699,PEDAMEDAPALLE
village_582700,582700,PORAM
village_582701,582701,BUTCHIRAJUPETA
village_582702,582702,SEELAVALASA
village_582703,582703,KONDALINGALAVALASA
village_582704,582704,GAJAMGUDDIVALASA
village_582705,582705,MIRTHIVALASA
village_582706,582706,NIKKALAVALASA
village_582707,582707,LOTHUGEDDA
village_582708,582708,VANKASOMIDI
village_582709,582709,ANDRA
village_582710,582710,JAYATHI
village_582711,582711,IPPALAVALASA
village_582712,582712,JAKKUVA
village_582713,582713,GURRAMMA VALASA
village_582714,582714,PEDACHAMALAPALLE
village_582715,582715,BADEVALASA
village_582716,582716,RABANDA
village_582717,582717,MEESALAPETA
village_582718,582718,KOMPANGI
village_582719,582719,IDDANAVALASA
village_582720,582720,CHALLAPETA
village_582721,582721,KHAILAM
village_582722,582722,AMARAYAVALASA
village_582723,582723,CHINTALAVALASA
village_582724,582724,PITTADA
village_582725,582725,VONIJA
village_582726,582726,GURLATAMMARAJU PETA
village_582727,582727,AGURU
village_582728,582728,MENTADA
village_582729,582729,BANGARAMMAPETA
village_582730,582730,BHUDEVIPETA
village_582731,582731,GUDIVADA
village_582732,582732,MARUPALLE
village_582733,582733,MADHUPADA
village_582734,582734,GANGACHOLLAPENTA
village_582735,582735,SALIPETA
village_582736,582736,PATHABAGGAM
village_582737,582737,KOTHABAGGAM
village_582738,582738,CHITTAYYAVALASA
village_582739,582739,KONISA
village_582740,582740,PATRUVADA
village_582741,582741,PURITIPENTA
village_582742,582742,DAVALAPETA
village_582743,582743,DOLA PALEM
village_582744,582744,M.VENKATAPURAM
village_582745,582745,KALAMRAJUPETA
village_582746,582746,PIDISEELA
village_582747,582747,SEETHARAMAPURAM
village_582748,582748,THUMMIKAPALLE
village_582749,582749,SRIRANGA RAJAPURAM
village_582750,582750,NARAYANA GAJAPATHI RAJAPURAM
village_582751,582751,MULAKALAGUMADAM
village_582752,582752,T.K.SEETHARAMA PURAM
village_582753,582753,LINGALAVALASA
village_582754,582754,JINNAM
village_582755,582755,BHAGIRADHAPURAM
village_582756,582756,RAMANNAPETA
village_582757,582757,VEMALI
village_582758,582758,RANGUPURAM
village_582759,582759,M.KOTHAVALASA
village_582760,582760,MUTCHERLA
village_582761,582761,LOGISA
village_582762,582762,KENGUVA
village_582763,582763,GAJAPATHINAGARAM (CT)
village_582764,582764,KONDADADI
village_582765,582765,VEDULLAVALASA
village_582766,582766,AVAGUDEM
village_582767,582767,ITAMVALASA
village_582768,582768,GOTNANDI
village_582769,582769,BONDAPALLE
village_582770,582770,GADABAVALASA
village_582771,582771,MOKHASADUGGI VALASA
village_582772,582772,APPANNAVALASA
village_582773,582773,CHUKKAVALASA
village_582774,582774,KONDASAMBHAM
village_582775,582775,KAPUSAMBHAM
village_582776,582776,BURRAVARIGOLLALA PALEM
village_582777,582777,MANDIRAVALASA
village_582778,582778,BAGUVALASA
village_582779,582779,NEELADRIPURAM @ SURAMMAPETA
village_582780,582780,CHANDAPURAM
village_582781,582781,JAGANNADHAPURAM
village_582782,582782,REGATIAGRAHARAM
village_582783,582783,K. PALAVALASA
village_582784,582784,VENKUPATRUNIREGA
village_582785,582785,KUMARAM
village_582786,582786,YENUGUVALASA
village_582787,582787,KONDA LAKSHMIPURAM
village_582788,582788,THATIGUDA
village_582789,582789,VIJAYARAMPURAM (NEAR) KUMARAM
village_582790,582790,GADDAPUVALASA
village_582791,582791,SERIPETA
village_582792,582792,THONDRANGI
village_582793,582793,SIVARAM
village_582794,582794,DEVADA
village_582795,582795,DUMMEDA
village_582796,582796,KONURU
village_582797,582797,ARTHAMURU
village_582798,582798,SRIRAMNAGAR (CT)
village_582799,582799,GULIVINDADA AGRAHARAM
village_582800,582800,SUMITRAPURAM
village_582801,582801,PURREYAVALASA
village_582802,582802,RAMALINGAPURAM
village_582803,582803,VISWANADHAPURAM
village_582804,582804,METTAPALLE
village_582805,582805,ALAJANGI
village_582806,582806,RAVIVALASA
village_582807,582807,ANJANEYAPURAM
village_582808,582808,VIJAYARAMPURAM
village_582809,582809,ARIDIVALASA
village_582810,582810,PERIPI
village_582811,582811,PURUSHOTHAMA SWAMIVARI LAKSHMIPURAM
village_582812,582812,PARLA
village_582813,582813,POTHAYAVALASA (ITAKARLAPALLE)
village_582814,582814,ITIKARLAPALLE
village_582815,582815,GOLLALAMULAGAM
village_582816,582816,GOLLALAPALEM
village_582817,582817,CHINANADIPALLE
village_582818,582818,PEDDANADI PALLE
village_582819,582819,GATCHALAVALASA
village_582820,582820,KARAKAM
village_582821,582821,SANKUPALEM
village_582822,582822,KARLAM
village_582823,582823,PATHIKAYAVALASA
village_582824,582824,SIVARAMPURAM
village_582825,582825,NIMMALAVALASA
village_582826,582826,DEVARAPODILAM
village_582827,582827,GUNIDAM
village_582828,582828,PALAVALASA
village_582829,582829,BHOOLOKAPATHIVARAKATTU
village_582830,582830,CHEEPURUPALLE (CT)
village_582831,582831,KONDAGANDREDU
village_582832,582832,DEVUNIKANAPAKA
village_582833,582833,PEDABANTUPALLE
village_582834,582834,LAVIDAM
village_582835,582835,THATHAVARIKITTALI
village_582836,582836,PENUBHARTHI
village_582837,582837,CHINTHAPALLIPETA
village_582838,582838,CHODAVARAM
village_582839,582839,POLAYAVALASA
village_582840,582840,THETTANGI
village_582841,582841,PAKEERUKITTALI
village_582842,582842,PALLIGANTREDU
village_582843,582843,NALLACHERUVU
village_582844,582844,GUDEM
village_582845,582845,PALAVALASA
village_582846,582846,GARIKAVALASA
village_582847,582847,NADUPURU
village_582848,582848,ANANDAPURAM
village_582849,582849,CHINTHALAPETA
village_582850,582850,NAKKALAPETA
village_582851,582851,KOTAGANDREDU
village_582852,582852,KALAVACHERLA
village_582853,582853,GOSHADA
village_582854,582854,GURLA
village_582855,582855,SOLIPISOMARAJUPETA
village_582856,582856,MANYAPURIPETA
village_582857,582857,KELLA
village_582858,582858,GORLAPETA JAGANNADHAPURAM
village_582859,582859,GUJJANGIVALASA
village_582860,582860,MEESALAPETA
village_582861,582861,GARIDA
village_582862,582862,JAMMU
village_582863,582863,NAGALLAVALASA
village_582864,582864,SADANANDAPURAM
village_582865,582865,RAGOLU
village_582866,582866,GOLAGAM
village_582867,582867,THATIPUDI
village_582868,582868,VALLAPURAM
village_582869,582869,DAMARASINGI
village_582870,582870,DEVUPALLE
village_582871,582871,INUGANTIVENKANNA AGRAHARAM
village_582872,582872,GITTUPALLE
village_582873,582873,KANIMERAKA
village_582874,582874,KUMMARIGUNTA AGRAHARAM @ MUTYALAMMAPETA
village_582875,582875,RAYINDRAM
village_582876,582876,CHINTAMARAPALLE
village_582877,582877,GRAHAPATI AGRAHARAM
village_582878,582878,MARUVADA
village_582879,582879,KOTHAPALEM
village_582880,582880,MULAPADU KARRIVANIPALEM
village_582881,582881,VEDURUVADA
village_582882,582882,GUMADAM
village_582883,582883,MARUVADA KOTHAVALASA
village_582884,582884,BUDATANAPALLE RAJERU
village_582885,582885,KINDAM AGRAHARAM
village_582886,582886,RACHAKINDAM
village_582887,582887,CHAMALAVALASA
village_582888,582888,BONDAPALLE
village_582889,582889,TAMATADA
village_582890,582890,MUDDURU
village_582891,582891,BILLALAVALASA
village_582892,582892,KERATAM
village_582893,582893,NELIVADA
village_582894,582894,GARUDABILLI
village_582895,582895,KONDAKINDAM
village_582896,582896,OMPILLI
village_582897,582897,VENDRAM
village_582898,582898,AYYANNA AGRAHARAM
village_582899,582899,AMBATIVALASA
village_582900,582900,ROLLAVAKA
village_582901,582901,GOTLAM
village_582902,582902,JIYYANNAVALASA
village_582903,582903,EGUVAKONDAPARTHI
village_582904,582904,ADDATEEGA
village_582905,582905,DIGUVAKONDAPARTHI
village_582906,582906,MOSALIKANDI
village_582907,582907,ALAPARTHI
village_582908,582908,BHEEMAVARAM
village_582909,582909,JADDERU
village_582910,582910,MADHUPADA
village_582911,582911,THATIPUDI
village_582912,582912,MADHANAPURAM
village_582913,582913,BONANGI
village_582914,582914,KOTHAVELAGADA
village_582915,582915,RAMABHADRAPURAM
village_582916,582916,MOKALAPADU
village_582917,582917,DONKADA
village_582918,582918,VASADI
village_582919,582919,KONDATHAMARAPALLE
village_582920,582920,PEDAMAJJIPALEM
village_582921,582921,GINJERU
village_582922,582922,BURADAPADU
village_582923,582923,REGUBILLI
village_582924,582924,PENTASRIRAMPURAM
village_582925,582925,POLLANKI
village_582926,582926,KORLAM
village_582927,582927,YERAKANNAMDORA SEETHARAMAPURAM
village_582928,582928,GODIYADA
village_582929,582929,KIRTUBARTHI
village_582930,582930,CHINAMANAPURAM
village_582931,582931,BUDATANAPALLE
village_582932,582932,PENASAM
village_582933,582933,NEELAVATHI
village_582934,582934,GANTYADA
village_582935,582935,LAKHIDAM
village_582936,582936,VASANTHA
village_582937,582937,CHANDRAMPETA
village_582938,582938,PEDAVEMALI
village_582939,582939,MURAPAKA
village_582940,582940,SIRIPURAM
village_582941,582941,RAVIVALASA
village_582942,582942,KOTARUBILLI
village_582943,582943,JAGGAPURAM
village_582944,582944,NANDAM
village_582945,582945,NARAVA
village_582946,582946,RAMAVARAM
village_582947,582947,KARAKAVALASA
village_582948,582948,DARAPARTHI
village_582949,582949,KURIDI
village_582950,582950,GUNAPADU
village_582951,582951,MOOLABODDAVARA
village_582952,582952,TENNUBODDAVARA
village_582953,582953,CHEEDIPALEM
village_582954,582954,MUSHIDIPALLE
village_582955,582955,CHINAKHANDEPALLE
village_582956,582956,KILTAMPALEM
village_582957,582957,MARUPALLE
village_582958,582958,KRISHNAMAHANTI PURAM
village_582959,582959,JIRAYATHI KUMARAM
village_582960,582960,JIRAYATHI MUKUNDAPURAM
village_582961,582961,PEDAKHANDEPALLE
village_582962,582962,KAPUSOMPURAM
village_582963,582963,SRUNGAVARAPUKOTA
village_582964,582964,KONDAMALLIPUDI
village_582965,582965,KASIPATHI RAJAPURAM
village_582966,582966,MALLIPUDI
village_582967,582967,VEERANARAYANAM
village_582968,582968,DAMPURAM
village_582969,582969,KOTHAVOORU
village_582970,582970,BALAKRISHNA -RAJAPURAM
village_582971,582971,THIMIDI
village_582972,582972,SANTAGAVARAMPETA
village_582973,582973,POTHANAPALLE
village_582974,582974,KRISHNAPURAM
village_582975,582975,VISWANADHAPURAM
village_582976,582976,VEMULAPALLE
village_582977,582977,DHARMAVARAM
village_582978,582978,MAMIDIPALLE
village_582979,582979,S. KOTATALARI
village_582980,582980,VINAYAKAPALLE
village_582981,582981,VASI
village_582982,582982,USIRI
village_582983,582983,ALUGUBILLI
village_582984,582984,CHAMALAPALLE
village_582985,582985,KOTHAKOTA
village_582986,582986,GOPALAPALLE
village_582987,582987,KOTTAM
village_582988,582988,MARIKA
village_582989,582989,KONDAGANGUPUDI
village_582990,582990,SRUNGAVARAPUKOTA SEETHARAMPURAM
village_582991,582991,PEDAKRISHNARAJA PURAM
village_582992,582992,RAMASWAMIPETA
village_582993,582993,BODDAM
village_582994,582994,MUKUNDAPURAM
village_582995,582995,VOBULAIAH PALEM
village_582996,582996,PATURU
village_582997,582997,SOMPURAM
village_582998,582998,JAKERU
village_582999,582999,KARAKAVALASA
village_583000,583000,CHAMALAPALLE
village_583001,583001,DABBIRAJUPETA
village_583002,583002,VEPADA
village_583003,583003,VEELUPARTHI
village_583004,583004,VELDAM
village_583005,583005,PEDADUNGADA
village_583006,583006,VAVILAPADU
village_583007,583007,NALLABILLI KASIPATHIRAJAPURAM
village_583008,583008,CHAMALADIVIA GRAHARAM
village_583009,583009,RAYUDUPETA
village_583010,583010,CHINAGUDIPALA
village_583011,583011,JAMMADEVIPETA
village_583012,583012,NEELAKANTARAJAPURAM AGRAHARAM
village_583013,583013,PEDAGUDIPALA
village_583014,583014,BALLANKI TUNI K.P.RAJAPURAM
village_583015,583015,ANKAJOSYULAPALEM
village_583016,583016,MUKUNDARAJAPURAM
village_583017,583017,KRISHNARAYUDUPETA
village_583018,583018,KUMMAPALLE
village_583019,583019,BALLANKI
village_583020,583020,BANADI
village_583021,583021,MYCHERLASINGAVARAM
village_583022,583022,VALLAMPUDI
village_583023,583023,GUDIVADA
village_583024,583024,ARIGIPALEM
village_583025,583025,SINGARAI
village_583026,583026,ATHAVA
village_583027,583027,LAKKAVARAPUKOTA SEETHARAMPURAM
village_583028,583028,GOLJAM
village_583029,583029,KALLAMPUDI
village_583030,583030,VEERABHADRAPETA
village_583031,583031,KOTYADA
village_583032,583032,KHASAPETA
village_583033,583033,LAKKAVARAPUKOTA
village_583034,583034,KITHANNAPETA
village_583035,583035,MARLAPALLE
village_583036,583036,CHANDULURU
village_583037,583037,KUDDUVALASA
village_583038,583038,POTHAMPETA
village_583039,583039,NARASAMPETA
village_583040,583040,LATCHAMPETA
village_583041,583041,NEELAKANTAPURAM
village_583042,583042,REGA
village_583043,583043,KALLEPALLE
village_583044,583044,TAMARAPALLE
village_583045,583045,SREERAMPURAM
village_583046,583046,GAJAPATHINAGARM
village_583047,583047,GANGUBUDI
village_583048,583048,MALLIVEEDU
village_583049,583049,RELLIGAVIRAMMAPETA
village_583050,583050,RANGARAYAPURAM AGRAHARAM
village_583051,583051,VENKANNAPALEM
village_583052,583052,RANGAPURAM
village_583053,583053,KURMAVARAM
village_583054,583054,LAKKAVARAPU KOTA TALARI
village_583055,583055,DASULLAPALEM
village_583056,583056,GANIVADA
village_583057,583057,NIDIGATTU
village_583058,583058,BHEEMALI
village_583059,583059,UTTARAPALLE
village_583060,583060,CHINNIPALEM
village_583061,583061,CHINARAOPALLE
village_583062,583062,PEDARAOPALLE
village_583063,583063,KATAKAPALLE
village_583064,583064,KANTAKAPALLE
village_583065,583065,DATHI
village_583066,583066,RAYAPURAJUPETA
village_583067,583067,NARAPAM
village_583068,583068,DEVADA
village_583069,583069,MUSIRAM
village_583070,583070,RAMALINGAPURAM
village_583071,583071,CHEEDIVALASA
village_583072,583072,SUNDARAYYAPETA
village_583073,583073,VEERABHADRA PURAM
village_583074,583074,NIMMALAPALEM
village_583075,583075,BALIGHATTAM
village_583076,583076,ARDHANNAPALEM
village_583077,583077,CHEEPURUVALASA
village_583078,583078,GULIVINDADA
village_583079,583079,DENDERU
village_583080,583080,SANTHAPALEM
village_583081,583081,GANISETTIPALEM
village_583082,583082,MINDIVALASA RAMACHANDRAPURAM
village_583083,583083,CHINTALAPALEM
village_583084,583084,RELLI
village_583085,583085,TUMMIKAPALLE (CT)
village_583086,583086,KOTHAVALASA (CT)
village_583087,583087,CHINTADA
village_583088,583088,PAVADA
village_583089,583089,JAGARAM
village_583090,583090,THANAVARAM
village_583091,583091,VIZINIGIRI
village_583092,583092,THANDRANGI
village_583093,583093,JANNIVALASA
village_583094,583094,VENNE
village_583095,583095,SASANAPALLE
village_583096,583096,JAMI
village_583097,583097,LAKSHMIPURAM
village_583098,583098,RAMABHADRAPURAM
village_583099,583099,KALAGADA
village_583100,583100,MAMIDIPALLE
village_583101,583101,SIRIKIPALEM
village_583102,583102,ALAMANDA
village_583103,583103,KIRLA
village_583104,583104,JADDETIVALASA
village_583105,583105,GODIKOMMU
village_583106,583106,GODIKOMMU SINGAVARAM
village_583107,583107,LOTLAPALLE
village_583108,583108,JAMIAGRAHARAM
village_583109,583109,BHEEMASINGI
village_583110,583110,SOMAYAJULAPALEM
village_583111,583111,ATTADA
village_583112,583112,KUMARAM
village_583113,583113,MOKHASA KOTHAVALASA
village_583114,583114,ANNAMRAJUPETA
village_583115,583115,GUNKALAM
village_583116,583116,DWARAPUDI
village_583117,583117,KONDAKARAKAM
village_583118,583118,VENUGOPALAPURAM
village_583119,583119,SIRIYALAPETA
village_583120,583120,RAKODU
village_583121,583121,PINAVEMALI
village_583122,583122,KORUKONDA
village_583123,583123,SARIKA
village_583124,583124,JAGANNADHAPURAM @ JONNAVALASA
village_583125,583125,DUPPADA
village_583126,583126,HAJISAHEBPETA
village_583127,583127,CHELUVURU
village_583128,583128,DHARMAPURI (R)
village_583129,583129,JAMMU NARAYANA PURAM (R) (PART)
village_583130,583130,KANAPAKA (CT)
village_583131,583131,MALICHERLA (CT)
village_583132,583132,PARASAM
village_583133,583133,BURADAPETA
village_583134,583134,TEKKALI
village_583135,583135,LAKSHMINARASIMHA PURAM
village_583136,583136,KONDAVELAGADA
village_583137,583137,GARIKAPETA
village_583138,583138,KONDAGUMPAM
village_583139,583139,MOIDAVIJAYARAM PURAM
village_583140,583140,PUTHIKAPETA
village_583141,583141,GORLAPETA
village_583142,583142,SEETHARAMUNIPETA
village_583143,583143,RAMATHIRTHAM
village_583144,583144,D. NELIVADA
village_583145,583145,NEELAMRAJUPETA
village_583146,583146,SARIPALLE
village_583147,583147,ATMARAMUNI AGRAHARAM
village_583148,583148,DANNANAPETA
village_583149,583149,KORADAPETA
village_583150,583150,THANGUDUBILLI
village_583151,583151,THAMMAPURAM
village_583152,583152,NANDIGAMA ALTIPALEM
village_583153,583153,VOMMI
village_583154,583154,SATHIVADA
village_583155,583155,GUSHINI
village_583156,583156,ALUGOLU
village_583157,583157,MADHUPADA
village_583158,583158,PINATHARIMI
village_583159,583159,BOPPADAM
village_583160,583160,VALLURU
village_583161,583161,PEDATHARIMI
village_583162,583162,MALYADA
village_583163,583163,JARJAPUPETA (CT)
village_583164,583164,NELLIMARLA (CT)
village_583165,583165,CHINABATTIVALASA
village_583166,583166,PEDABATTIVALASA
village_583167,583167,KANIMELLA
village_583168,583168,KAMAVARAM
village_583169,583169,ALLADAPALEM
village_583170,583170,KANDIVALASA
village_583171,583171,KANIMETTA
village_583172,583172,GAITULA CHODAVARAM
village_583173,583173,LOVA JAGANNADHA PURAM
village_583174,583174,KUMILI
village_583175,583175,BORRAVANIPALEM
village_583176,583176,RELLIVALASA
village_583177,583177,PUSAPATIPALEM
village_583178,583178,PUSAPATIREGA
village_583179,583179,PORAM
village_583180,583180,CHODAMMA AGRAHARAM
village_583181,583181,PERAPURAM
village_583182,583182,KOPPERLA
village_583183,583183,NADIPALLE
village_583184,583184,YERUKONDA
village_583185,583185,KONADA
village_583186,583186,PASUPAM
village_583187,583187,PALANKI
village_583188,583188,VEMPADAM
village_583189,583189,KOVVADA AGRAHARAM
village_583190,583190,GUMPAM
village_583191,583191,KOLLAYAVALASA
village_583192,583192,THOTTADAM
village_583193,583193,GOVINDAPURAM
village_583194,583194,LANKALAPALLIPALEM
village_583195,583195,CHOWDUVADA
village_583196,583196,BHARANIKAM
village_583197,583197,PATHIVADA
village_583198,583198,ROLUCHAPPIDI
village_583199,583199,KRISHNAPURAM
village_583200,583200,KONAYYAPALEM
village_583201,583201,CHINTAPALLE
village_583202,583202,RAGHUMANDA
village_583203,583203,PEDATADIVADA
village_583204,583204,GUNUPURU
village_583205,583205,DEVUNIKOLLAM
village_583206,583206,MUNGINAPALLE
village_583207,583207,CHOLLANGIPETA
village_583208,583208,DWARAPUREDDI PALEM
village_583209,583209,SINGAVARAM
village_583210,583210,NATHAVALASA
village_583211,583211,DENKADA
village_583212,583212,PINATADIVADA
village_583213,583213,VEDULLAVALASA
village_583214,583214,AMAKAM
village_583215,583215,CHITTIGUNKALAM
village_583216,583216,BODDAVALASA
village_583217,583217,JONNADA
village_583218,583218,MODAVALASA
village_583219,583219,BANGARRAJUPETA
village_583220,583220,MOPADA
village_583221,583221,GOLAGAM
village_583222,583222,GANTLAM
village_583223,583223,D.TALLAVALASA
village_583224,583224,BELLAM
village_583225,583225,RAJULA TAMMAPURAM
village_583226,583226,PEDADA
village_583227,583227,BANTUPALLE
village_583228,583228,AKKIVARAM
village_583229,583229,CHINTALAVALASA (CT)
village_583230,583230,BHOGAPURAM WEST
village_583231,583231,LAKSHMIPURAM
village_583232,583232,KOTABHOGAPURAM
village_583233,583233,NANDIGAM
village_583234,583234,SUBBANNAPETA @ PILAKAVANI AGRAHARAM
village_583235,583235,KONGAVANIPALEM
village_583236,583236,MUNJERU
village_583237,583237,JAGGAYYAPETA
village_583238,583238,CHAKIVALASA
village_583239,583239,GUDEPUVALASA
village_583240,583240,AMATAM RAVIVALASA
village_583241,583241,SAVARAVILLI
village_583242,583242,POLIPALLE
village_583243,583243,RAJAPULOVA
village_583244,583244,CHERAKUPALLE
village_583245,583245,GUDIVADA
village_583246,583246,RAVADA
village_583247,583247,BASAVAPALEM
village_583248,583248,KAVULAVADA
village_583249,583249,KANCHERU
village_583250,583250,KANCHERUPALEM
village_583251,583251,VALLAYIBEERU
village_583252,583252,MOKKAPUTTU
village_583253,583253,SANGADA
village_583254,583254,PILLIGANDUVA
village_583255,583255,DORAGUDA
village_583256,583256,ASURADA
village_583257,583257,PANASA
village_583258,583258,CHINASINDHIPUTTU
village_583259,583259,GATTURAMANDA
village_583260,583260,PEDASINDHIPUTTU
village_583261,583261,DOMALIPUTTU
village_583262,583262,DANABANDU
village_583263,583263,TARLAGUDA
village_583264,583264,VALAJANGI
village_583265,583265,PUTCHELI
village_583266,583266,KODAPUTTU
village_583267,583267,NANDULA KONDA
village_583268,583268,VANUGUMMA
village_583269,583269,TALABIRADA
village_583270,583270,DADIPUTTU
village_583271,583271,ALLANGIPADA
village_583272,583272,MEHBA
village_583273,583273,KUMBRI PADA
village_583274,583274,DABUGUDA
village_583275,583275,MARRIPUTTU
village_583276,583276,VANAGUMMA KUSUMAPUTTU
village_583277,583277,KIRRAMBO
village_583278,583278,TILLAYPADA
village_583279,583279,MATTIGUDA
village_583280,583280,KUSUMAGUDA
village_583281,583281,SEBUGUDA
village_583282,583282,KENDUPUTTU
village_583283,583283,MOKKAPUTTU
village_583284,583284,JAMIRIGUDA
village_583285,583285,LABBURU
village_583286,583286,ARABEERU
village_583287,583287,KULABEERU
village_583288,583288,BUDDAPANASA
village_583289,583289,RANGABAYALU
village_583290,583290,DIMISAMILLI
village_583291,583291,CHAMPAPUTTU
village_583292,583292,JALARIPODARU
village_583293,583293,GUMMA @ DIGAGUMMA
village_583294,583294,PADALAPUTTU
village_583295,583295,MALLIPODARU
village_583296,583296,DENGAM
village_583297,583297,GOBBURUPADU
village_583298,583298,MATTAMPUTTU
village_583299,583299,ALABEERU
village_583300,583300,LABADAPUTTU
village_583301,583301,LINGAPUTTU
village_583302,583302,MAKAVARAM
village_583303,583303,BEEDUCHAMPA
village_583304,583304,JAPPARU
village_583305,583305,BONDRUGUDA
village_583306,583306,JOLAPUTTU
village_583307,583307,LABBURUKONDA PUTTU
village_583308,583308,KAMMARIGUNTA
village_583309,583309,VANDRANGULA
village_583310,583310,KADAMJOLA
village_583311,583311,JODIGUDA
village_583312,583312,BALIYAGUDA
village_583313,583313,LANGBAPODARU
village_583314,583314,JABADA
village_583315,583315,DUMUDUGUDA
village_583316,583316,KARLAPODARU
village_583317,583317,ARLOIPUTTU
village_583318,583318,KODAPUTTU
village_583319,583319,SANGAMVALASA
village_583320,583320,MONJUGUDA
village_583321,583321,BIRRIGUDA
village_583322,583322,SUTTIGUDA
village_583323,583323,ATTIKALU
village_583324,583324,BALAJULLA
village_583325,583325,SOLAGAMPUTTU
village_583326,583326,BARADA
village_583327,583327,KAMMARIGUDA
village_583328,583328,SAGGULU
village_583329,583329,KARABAYALU
village_583330,583330,ADARLADI @ MUKKI PUTTU
village_583331,583331,KUNTUDA
village_583332,583332,TOTAGONDIPUTTU
village_583333,583333,POLIPUTTU
village_583334,583334,KODAMPUTTU
village_583335,583335,SIRAGAMPUTTU
village_583336,583336,KUYILONGI
village_583337,583337,MONJAPUTTU
village_583338,583338,KADUTULA
village_583339,583339,BHIMIDI
village_583340,583340,GOLLIPUTTU
village_583341,583341,KOSAMPUTTU
village_583342,583342,HAMSABANDA
village_583343,583343,RAVILABEDA
village_583344,583344,LAXMIPURAM
village_583345,583345,DABUGUDA
village_583346,583346,GADDIBANDA
village_583347,583347,METTAGUDA
village_583348,583348,PULIJALAMA
village_583349,583349,CHUTTUGONDI
village_583350,583350,SIRAGAMPUTTU
village_583351,583351,GARRAM
village_583352,583352,SOJJAVADA
village_583353,583353,KUSUMAPUTTU
village_583354,583354,RANGINIGUDA
village_583355,583355,BUNGAPUTTU
village_583356,583356,BORRAMAMIDI
village_583357,583357,KONDAGABULU
village_583358,583358,VURIKIGUMMI
village_583359,583359,MALLIMUNDA
village_583360,583360,BURUSINDHIPUTTU
village_583361,583361,ANTABONGU
village_583362,583362,SARIYAPUTTU
village_583363,583363,LUKKURU
village_583364,583364,TIKKARAPADA
village_583365,583365,PANASAPUTTU
village_583366,583366,DULIPUTTU
village_583367,583367,KOORAIPUTTU
village_583368,583368,CHILLIPUTTU
village_583369,583369,SANKIDIGONDI
village_583370,583370,JANGAMSARIYA
village_583371,583371,SUJANAKOTAPETA
village_583372,583372,LAKAIPUTTU
village_583373,583373,MINUMULAPUTTU
village_583374,583374,MUKKIPUTTU
village_583375,583375,ADALAPUTTU
village_583376,583376,DIGIDAPUTTU
village_583377,583377,KINCHAIPUTTU
village_583378,583378,JADIPUTTU
village_583379,583379,RAMULU
village_583380,583380,TENELAMAMIDI
village_583381,583381,GUMMASIRAGAMPUTTU
village_583382,583382,ILLOYIPOLAM
village_583383,583383,DHARAPALLE
village_583384,583384,CHINTAMMINGULA
village_583385,583385,YEDUKONDALABANDA
village_583386,583386,KADEEMBEERU
village_583387,583387,SANTAVEEDHI
village_583388,583388,BARLADA
village_583389,583389,ANTLAVADA
village_583390,583390,BANGURUPALLE
village_583391,583391,MALUGURAI
village_583392,583392,GAJJALABANDA
village_583393,583393,BALADA
village_583394,583394,TANKAPUTTU
village_583395,583395,KULABEERU
village_583396,583396,AMALAGUDA
village_583397,583397,PEDATAMMINAGULA
village_583398,583398,AMBAPADA
village_583399,583399,DUMUKULADI
village_583400,583400,SINDHIPUTTU
village_583401,583401,JARJULA
village_583402,583402,KOTTURU
village_583403,583403,PEDDAPUTTU
village_583404,583404,DONIPUTTU
village_583405,583405,BAPANAPUTTU
village_583406,583406,DEGALAPUTTU
village_583407,583407,MUNCHINGIPUTTU
village_583408,583408,POTURAJUPUTTU
village_583409,583409,ONTIPUTTU
village_583410,583410,KANGUPUTTU
village_583411,583411,GIDDULAPUTTU
village_583412,583412,GODDIPUTTU
village_583413,583413,SUJANAKOTA
village_583414,583414,NARSIPUTTU
village_583415,583415,BODIPUTTU
village_583416,583416,BEETA
village_583417,583417,TALABUTOTA
village_583418,583418,GODDIPUTTU
village_583419,583419,GALAGANDA
village_583420,583420,CHEKUCHINTA
village_583421,583421,GODUGULAPUTTU
village_583422,583422,GUDAMALIPUTTU
village_583423,583423,MARRIPUTTU
village_583424,583424,KANUSULAPUTTU
village_583425,583425,TONTAPUTTU
village_583426,583426,MALLUDUPUTTU
village_583427,583427,KUMMARIPUTTU
village_583428,583428,BODDAPADU
village_583429,583429,CHEEDIPUTTU
village_583430,583430,MANGALIPUTTU
village_583431,583431,MANCHAMRAI
village_583432,583432,DASARIPUTTU
village_583433,583433,MONDIGUMMA
village_583434,583434,BODILIGUDA
village_583435,583435,BURADAGUNTA
village_583436,583436,MATCHAYAPURAM
village_583437,583437,KILUMANGI
village_583438,583438,GADELAPUTTU
village_583439,583439,CHINASARIYAPALLE
village_583440,583440,GARRIVADA
village_583441,583441,CHEEPURUGONDI
village_583442,583442,JADIGUDA
village_583443,583443,KOTTAPUTTU
village_583444,583444,VADDIPUTTU
village_583445,583445,KONDRANGIVALASA
village_583446,583446,GUNNACHELAMA
village_583447,583447,BABUSALA
village_583448,583448,BOKKERAPUTTU
village_583449,583449,BHALLUGUDA
village_583450,583450,MERAKACHINTA
village_583451,583451,BODDAPUTTU
village_583452,583452,MOKKAPUTTU
village_583453,583453,MARRIVALASA
village_583454,583454,KARIMIKIPUTTU
village_583455,583455,TUMULAPANASA
village_583456,583456,BONDAPUTTU
village_583457,583457,VANDLAMPUTTU
village_583458,583458,BODDAGONDI
village_583459,583459,CHERUVU VEEDHI
village_583460,583460,KANGU VEEDHI
village_583461,583461,MANDIBHA
village_583462,583462,SAILAMPUTTU
village_583463,583463,KONDAPADA
village_583464,583464,PARATHAPUTTU
village_583465,583465,SELLUM
village_583466,583466,SARADHI
village_583467,583467,PEDA GUDA
village_583468,583468,DORAGUDA
village_583469,583469,PANASA
village_583470,583470,GATTUMALADA
village_583471,583471,JARRIPADA
village_583472,583472,PATRUNIPUTTU
village_583473,583473,PATHA PEDAGUDA
village_583474,583474,KOTTURU
village_583475,583475,GADELA BURUGU
village_583476,583476,NITTA PUTTU
village_583477,583477,YENUGURAI
village_583478,583478,KIMMALAMAMIDI
village_583479,583479,SUNNAPU KOTA
village_583480,583480,GORRELAMETTA
village_583481,583481,NANDIMETTA
village_583482,583482,DOLLIPUTTU
village_583483,583483,JARRIPADA
village_583484,583484,GEDELABANDA
village_583485,583485,BORAGAM
village_583486,583486,GUNNALAMAMIDI
village_583487,583487,KIMUDUPUTTU
village_583488,583488,MUKKIPUTTU
village_583489,583489,KENDUGUDA
village_583490,583490,MULAPUTTU
village_583491,583491,TAMARAPALLE
village_583492,583492,BONANGIPUTTU
village_583493,583493,SIRAGAMPUTTU
village_583494,583494,VUPPACHERUVU
village_583495,583495,KANTAVARAM
village_583496,583496,PITTAGEDDA
village_583497,583497,NADIMIVEEDHI
village_583498,583498,TUDUMURAI
village_583499,583499,KOMMALAKONDA
village_583500,583500,SURTANIPUTTU
village_583501,583501,SANTAVEEDHI
village_583502,583502,DORAGUDA
village_583503,583503,BOOSIPUTTU
village_583504,583504,PITTAGRUDDLU
village_583505,583505,KAMMARIGOYYI
village_583506,583506,SAGINIPUTTU
village_583507,583507,POOLABANDA
village_583508,583508,MADDULABANDA
village_583509,583509,BURUGUMETTA
village_583510,583510,TADIPUTTU
village_583511,583511,SIRLIMETTA
village_583512,583512,KUMADA
village_583513,583513,DIGAKUMADA
village_583514,583514,BURRANGULA
village_583515,583515,VETCHANGI
village_583516,583516,TANGULA
village_583517,583517,BOOSIPUTTU
village_583518,583518,GIDDALAMAMIDI
village_583519,583519,SARASANGI
village_583520,583520,RAKASIRAI
village_583521,583521,DASARIPUTTU
village_583522,583522,TALABIRADA
village_583523,583523,PADALAPUTTU
village_583524,583524,CHIPPAPUTTU
village_583525,583525,LUNGAPUTTU
village_583526,583526,K.KOTTURU
village_583527,583527,KOTTALABAYALU
village_583528,583528,VANABHASINGI
village_583529,583529,KILAGADA
village_583530,583530,RAIPALLI
village_583531,583531,MALAKARIPUTTU
village_583532,583532,TARIGEDA
village_583533,583533,VANUGUPUTTU
village_583534,583534,BONDAPUTTU
village_583535,583535,CHINAMUKKIPUTTU
village_583536,583536,RATULAPUTTU
village_583537,583537,MURUGU CHERUVU
village_583538,583538,GIDDALA PUTTU
village_583539,583539,KUMBI GUDA
village_583540,583540,JANGAM PUTTU
village_583541,583541,VETCHANGI PUTTU
village_583542,583542,BAKUBEDA
village_583543,583543,PETUMALIPUTTU
village_583544,583544,MURALIPUTTU
village_583545,583545,MAJJIGUDA
village_583546,583546,KUMMARI PUTTU
village_583547,583547,PEDDAPUTTU
village_583548,583548,CHERUVU PAKALA
village_583549,583549,RANGINI KONDA
village_583550,583550,KINCHAI PUTTU
village_583551,583551,KINCHOLDA
village_583552,583552,TUNGI KOTA
village_583553,583553,A.KOTTURU
village_583554,583554,SOLAGAM PUTTU
village_583555,583555,SARABHA PUTTU
village_583556,583556,GANNELAPUTTU
village_583557,583557,SARIYAPALLE
village_583558,583558,MALAGUMMI
village_583559,583559,BANGARUMETTA
village_583560,583560,KUMMARI PUTTU
village_583561,583561,BANGARU PUTTU
village_583562,583562,BADIPUTTU
village_583563,583563,TUSSAPALLI
village_583564,583564,VADLAMPUTTU
village_583565,583565,KUJABHANGI
village_583566,583566,TADDAPALLI
village_583567,583567,PEDAPADU
village_583568,583568,DEEMBUGUDA
village_583569,583569,PODAPUTTU
village_583570,583570,TALIMBA
village_583571,583571,GANNEDA
village_583572,583572,DARELI
village_583573,583573,RANGILISINGI
village_583574,583574,PEDDAPETU
village_583575,583575,DOKIRIPUTTU
village_583576,583576,DABBAPUTTU
village_583577,583577,RUDAKOTA
village_583578,583578,PARREDA
village_583579,583579,KRISHNAPURAM
village_583580,583580,JEELUGULUPUTTU
village_583581,583581,PEDASARIYAPALLE
village_583582,583582,BORLADA @ BADAMA
village_583583,583583,BADAMBEERU
village_583584,583584,KUMMARIVEEDHI
village_583585,583585,CHINA MUKHI PUTTU
village_583586,583586,PEDAKONDA
village_583587,583587,BANGARUMETTA
village_583588,583588,CHINTALAPADU
village_583589,583589,PEDA KORAVANGI
village_583590,583590,BURADAGUNTA
village_583591,583591,PATHRUDA
village_583592,583592,THANGULAPUTTU
village_583593,583593,VALLANGIPUTTU
village_583594,583594,PEDALOVA
village_583595,583595,RUNDALAMPUTTU
village_583596,583596,RUDAGOMANGI
village_583597,583597,GADULAPUTTU
village_583598,583598,THIRANGI
village_583599,583599,MURAJARIBANDA
village_583600,583600,PEDDAPUTTU
village_583601,583601,NANDIMETTA
village_583602,583602,KURTADA
village_583603,583603,LAXMIPURAM
village_583604,583604,KALLABU
village_583605,583605,AMBAPADA
village_583606,583606,VANCHEDIPUTTU
village_583607,583607,BUSIPUTTU
village_583608,583608,VARIDAGUDA
village_583609,583609,THOGIRIPUTTU @ GADALAPUTTU
village_583610,583610,GURRALABAILU
village_583611,583611,GAJJANGIVEEDHI
village_583612,583612,KONAPUTTU
village_583613,583613,MULAKORAVANGI @ CHINAKORAVANGI
village_583614,583614,LIMMAGARUVU
village_583615,583615,KOTHURU
village_583616,583616,SAPPARLAMAMIDI
village_583617,583617,JAMIGUDA
village_583618,583618,KARJURAGUDA
village_583619,583619,POIPALLE
village_583620,583620,ARLABU
village_583621,583621,RANGALOYA
village_583622,583622,YEGUVABONDAPALLE
village_583623,583623,DEGUVABONDAPALLE
village_583624,583624,SINDHIPUTTU
village_583625,583625,LAGABUSI
village_583626,583626,BANGARUMETTA
village_583627,583627,LAKYAPUTTU
village_583628,583628,ALAMAGUNDAM
village_583629,583629,SEEKARIPUTTU
village_583630,583630,THORANGULU
village_583631,583631,ADUGULAPUTTU
village_583632,583632,A.KUMMARIPUTTU
village_583633,583633,THAMARADA
village_583634,583634,LABJARI
village_583635,583635,SAMPANGIPUTTU
village_583636,583636,KITTUKONDA
village_583637,583637,ROGULU
village_583638,583638,PANNEDA
village_583639,583639,CHITTAMRAI
village_583640,583640,MUSIDIPUTTU
village_583641,583641,PEDABAYALU
village_583642,583642,GONDIKODAPUTTU
village_583643,583643,BODDAPUTTU
village_583644,583644,SEETHAGUNTA
village_583645,583645,CHITRAIPUTTU
village_583646,583646,MANGABANDA
village_583647,583647,CHUTTUMETTA
village_583648,583648,ARIMERA
village_583649,583649,SARIYAPALLE
village_583650,583650,KILUMULU
village_583651,583651,KODUVALASA
village_583652,583652,LUVVASINGI
village_583653,583653,PUTURU
village_583654,583654,MANDIBA
village_583655,583655,KAPPADA
village_583656,583656,LAKYUPUTTU
village_583657,583657,VADDEPUTTU
village_583658,583658,JANGAMPUTTU
village_583659,583659,LAXMIPETA
village_583660,583660,TAMARAVEEDHI
village_583661,583661,THOTADAPUTTU
village_583662,583662,BURUGUVEEDHI
village_583663,583663,KUYYABA
village_583664,583664,JARSINGI
village_583665,583665,GULLELUPUTTU
village_583666,583666,SAILAMKOTA
village_583667,583667,SARIGAGUDA
village_583668,583668,GUNJUVADA
village_583669,583669,PINARAVALLI
village_583670,583670,KENDUGUDA
village_583671,583671,JADIGUDA
village_583672,583672,TAGGUPADU
village_583673,583673,NANUBARU
village_583674,583674,SAKIREVU
village_583675,583675,KONDRU
village_583676,583676,TALLABU
village_583677,583677,INJARI
village_583678,583678,CHINTAGARUVU
village_583679,583679,PEDAPADU
village_583680,583680,TARABU
village_583681,583681,GINNELAKOTA
village_583682,583682,GABURUMAMIDI
village_583683,583683,BURUGUVEEDHI
village_583684,583684,RANJALAMAMIDI
village_583685,583685,GODDIPUTTU
village_583686,583686,GADEPALLE
village_583687,583687,PEDAPALLE
village_583688,583688,ALLAMPUTTU
village_583689,583689,BALLAPURAI
village_583690,583690,SEEKARI
village_583691,583691,PULUSUMAMIDI
village_583692,583692,VELLAPALEM
village_583693,583693,BONGADARI
village_583694,583694,BADAMA
village_583695,583695,KAVURUPALLE
village_583696,583696,PURUGUDUPUTTU @ VANUGUPUTTU
village_583697,583697,ARADA KOTA
village_583698,583698,KAGUVALASA
village_583699,583699,PALAVALASA
village_583700,583700,THOTALAGONDI
village_583701,583701,PANDIGUNTA
village_583702,583702,JADIGUDA
village_583703,583703,LIMMAGUNTA
village_583704,583704,THADIVALASA
village_583705,583705,UKKURBA
village_583706,583706,BURUGUPUTTU
village_583707,583707,VANABANGI
village_583708,583708,KUDASINGI
village_583709,583709,MONDIKOTA
village_583710,583710,GADUGUPALLE
village_583711,583711,KARUGONDA
village_583712,583712,JANGAMPUTTU
village_583713,583713,JARUPULAPEDABAYALU
village_583714,583714,CHINAVANCHARANGI
village_583715,583715,VANCHARBA
village_583716,583716,PEDAGULLELU
village_583717,583717,CHINAGULLELU
village_583718,583718,PITTALABORRA
village_583719,583719,BODDAGONDI
village_583720,583720,PUTTAKOTA
village_583721,583721,BASULA
village_583722,583722,BONGUJANGI
village_583723,583723,METTAGUDA
village_583724,583724,INUPATIGALU
village_583725,583725,TAMALABU
village_583726,583726,CHAMAGEDDA
village_583727,583727,KURAJANGI
village_583728,583728,GINDALI
village_583729,583729,MALASEETHAKOTA
village_583730,583730,GINNEGARUVU
village_583731,583731,NADIMIVADA
village_583732,583732,MULALOVA
village_583733,583733,MALLIPUTTU
village_583734,583734,KUNCHARAI
village_583735,583735,LANDULU
village_583736,583736,GOCHERI
village_583737,583737,VANGARAI
village_583738,583738,KOTHURU
village_583739,583739,TARLA SINGI
village_583740,583740,MOYYALAGUMMI
village_583741,583741,KINCHURU
village_583742,583742,PEDA VANCHARANGI
village_583743,583743,MARRIPUTTU
village_583744,583744,GALLELU
village_583745,583745,VANNADI
village_583746,583746,DONDARAIPUTTU
village_583747,583747,KANGULU
village_583748,583748,GALAGONDA
village_583749,583749,KUTHAMPUTTU
village_583750,583750,THURAKALAVALASA
village_583751,583751,GASABU
village_583752,583752,SIRASAPALLE
village_583753,583753,GAMPARAI
village_583754,583754,CHEEDIPUTTU
village_583755,583755,BONGITHALI
village_583756,583756,ALLANGIPUTTU
village_583757,583757,JAMIGUDA
village_583758,583758,KULLUBA
village_583759,583759,RAI MAMIDI
village_583760,583760,KUNTHURUPUTTU
village_583761,583761,GOMANGI
village_583762,583762,PILLIPUTTU
village_583763,583763,SEEMAKONDA
village_583764,583764,CHITRAKAYAPUTTU
village_583765,583765,RALLAGONGU
village_583766,583766,BONGARAM
village_583767,583767,PEPARUVALASA @ KUMBORLA
village_583768,583768,AMBEERUPADU
village_583769,583769,CHEEKUPANASA
village_583770,583770,GANDALAM
village_583771,583771,BODDANGIPADU
village_583772,583772,SALEBULU
village_583773,583773,GABUDUPUTTU
village_583774,583774,JAKKUM
village_583775,583775,LICHABU
village_583776,583776,SUJJARI
village_583777,583777,KUMMARIGUNTA
village_583778,583778,LUVVAPALLE
village_583779,583779,DUDDUPALLE
village_583780,583780,KOTIPALLE
village_583781,583781,SARIYAPALLE
village_583782,583782,JALAMPALLE
village_583783,583783,TULAM
village_583784,583784,GAJJEDI
village_583785,583785,KUNTUMAMIDI
village_583786,583786,METTALAGUMMI
village_583787,583787,AMEDELU
village_583788,583788,DOSALABANDA
village_583789,583789,POTHULAGARUVU
village_583790,583790,DEVARAJUMERAKALU
village_583791,583791,SADARU MAMIDI
village_583792,583792,NITTAPUTTU
village_583793,583793,AGARUVEEDHI
village_583794,583794,BURUGUVEEDHI
village_583795,583795,BORRANEREDU
village_583796,583796,KONDEMULU
village_583797,583797,MAGGAMVEEDHI
village_583798,583798,CHILAKALAPUTTU
village_583799,583799,LINGETI
village_583800,583800,VANAKOTHURU
village_583801,583801,LINGERUPUTTU
village_583802,583802,MULAGARUVU
village_583803,583803,TALABIRADA
village_583804,583804,SAVIDIMAMIDI
village_583805,583805,BANGARUMAMIDI
village_583806,583806,MAREDUPALLE
village_583807,583807,VANABARANGI
village_583808,583808,JAMADALU
village_583809,583809,BODDAPUTTU
village_583810,583810,KINDALAM
village_583811,583811,KINTHARELU
village_583812,583812,KANDULAGUNTA
village_583813,583813,KUNTHURLA
village_583814,583814,BORRAMAMIDI
village_583815,583815,BAITHINILANKA
village_583816,583816,SAMPANGIPUTTU
village_583817,583817,RASIGUPPA
village_583818,583818,SAMPANGIDATU
village_583819,583819,MARRIDATU
village_583820,583820,BANDAMAMIDI
village_583821,583821,MATCHEPALLE
village_583822,583822,ARADAGUDEM
village_583823,583823,PULIGONDI
village_583824,583824,KIMUDUPALLE
village_583825,583825,CHEEPURUGONDI
village_583826,583826,LAGASARIPUTTU
village_583827,583827,KAMBALABAYALU
village_583828,583828,CHANDIPUTTU
village_583829,583829,VANCHARBA
village_583830,583830,BONDAPUTTU
village_583831,583831,MALAKARIPUTTU
village_583832,583832,VURADA
village_583833,583833,JAYANTIKOTA
village_583834,583834,TULABHARANGI
village_583835,583835,POI PALLE
village_583836,583836,MERAKACHINTA
village_583837,583837,VAKAPALLE
village_583838,583838,BARRANGIBANDA
village_583839,583839,BANGARUPUTTU
village_583840,583840,PEDAKONDAPALLE
village_583841,583841,PEDAGONDI
village_583842,583842,GORCHERI
village_583843,583843,KODAPUTTU
village_583844,583844,ANDRAVARA
village_583845,583845,VALUGUPALLE
village_583846,583846,BURADAMAMIDI
village_583847,583847,KIRIDIVALASA
village_583848,583848,MALLIVALASA
village_583849,583849,RANGINIVALASA
village_583850,583850,CHINAKAGUVALASA
village_583851,583851,KOTRAGONDI
village_583852,583852,GOPPILIVALASA
village_583853,583853,PANASAVALASA
village_583854,583854,CHAMADAPADU
village_583855,583855,KOLLAPUTTU
village_583856,583856,BITRAGONDA
village_583857,583857,THOTAVALASA
village_583858,583858,KORRAI
village_583859,583859,GATHARAGILLEDA
village_583860,583860,GASABA
village_583861,583861,LOGILI
village_583862,583862,DEMUDUVALASA
village_583863,583863,BADIYAPADU
village_583864,583864,SOVVA
village_583865,583865,KARAKAVALASA
village_583866,583866,VADIYAVALASA @ VADDEVALASA
village_583867,583867,MALINGUVALASA
village_583868,583868,SAGIRIVALASA
village_583869,583869,KAMALABANDA
village_583870,583870,KUDA
village_583871,583871,KORANJIGUDA
village_583872,583872,VASABANDA
village_583873,583873,GORAPUR
village_583874,583874,SAGARA
village_583875,583875,ANJODA
village_583876,583876,ARAKU
village_583877,583877,KURIDI
village_583878,583878,NIMMAGEDDA
village_583879,583879,SARAI
village_583880,583880,GADABAGOLUGU
village_583881,583881,UJJANGI
village_583882,583882,OMBI
village_583883,583883,KINJERU
village_583884,583884,KUJABANGI
village_583885,583885,RANGILISINGI
village_583886,583886,KUTTI
village_583887,583887,DATHURU
village_583888,583888,THUTANGI
village_583889,583889,LYGANDA
village_583890,583890,GUNTASEEMA
village_583891,583891,LAKKA
village_583892,583892,BODIMELA
village_583893,583893,CHELIMARIVALASA
village_583894,583894,MUSIRI
village_583895,583895,JAMGUDA
village_583896,583896,SORNAYAKGUDA @ SURUSYAGUDA
village_583897,583897,KANDRAM
village_583898,583898,PARIDI
village_583899,583899,POTHANGI
village_583900,583900,PANTALACHINTA
village_583901,583901,PEDAPADU
village_583902,583902,ANTRIGUDA
village_583903,583903,DUMBRIGUDA
village_583904,583904,LIVITIPUTTU
village_583905,583905,VANTHARLA
village_583906,583906,ARAMA
village_583907,583907,GODASORTU
village_583908,583908,RANGINIGUDA
village_583909,583909,GONDIGUDA
village_583910,583910,BILLAPUTTU
village_583911,583911,JURRIPADU
village_583912,583912,KINCHUMANDA
village_583913,583913,KUSUMAVALASA
village_583914,583914,UYYALAPUTTU
village_583915,583915,KOSANGI
village_583916,583916,CHAMPAPUTTU
village_583917,583917,SEELAMGONDI
village_583918,583918,NANDIGUDA
village_583919,583919,KITHALANGI
village_583920,583920,VAYYA
village_583921,583921,MORRIGUDA
village_583922,583922,GANDHA
village_583923,583923,BAIRAGUDA
village_583924,583924,SANGAMVALASA
village_583925,583925,DONDALAVALASA
village_583926,583926,KORRA
village_583927,583927,MAMIDIVALASA
village_583928,583928,PARISEELA
village_583929,583929,PADI
village_583930,583930,BORRAPALEM
village_583931,583931,BODDAPUTTU
village_583932,583932,GONDIVALASA
village_583933,583933,GUNTAGANNELA
village_583934,583934,RANAJILLEDA
village_583935,583935,MALA SINGARAM
village_583936,583936,TUDUMU
village_583937,583937,CHINALABUDU
village_583938,583938,CHITTAMGONDI
village_583939,583939,TOTAVALASA
village_583940,583940,CHEEDIVALASA
village_583941,583941,DABUGUDA
village_583942,583942,RAKTAKANDI
village_583943,583943,DOMALAJORU
village_583944,583944,TUNGAGEDDA
village_583945,583945,KAMALABANDA
village_583946,583946,SABAKA
village_583947,583947,KENTUBADE
village_583948,583948,KAJJURUGUDA
village_583949,583949,CHELLUBADI
village_583950,583950,METTAPADU
village_583951,583951,METTAPADU
village_583952,583952,CHENDRAPODARU
village_583953,583953,BORRACHINTA
village_583954,583954,JARLANGI
village_583955,583955,JARIMANUGUDA
village_583956,583956,PEDAGARUVU
village_583957,583957,GATAPADU
village_583958,583958,DELLIPADU
village_583959,583959,DAVADAGUDA
village_583960,583960,KUNDIGUDA
village_583961,583961,DUMBRIGUDA
village_583962,583962,CHANDRAPODA
village_583963,583963,LANDIGUDA
village_583964,583964,KIKKATIGUDA
village_583965,583965,TOTAVALASA
village_583966,583966,ANTIPARTHI
village_583967,583967,SARUBEDDA
village_583968,583968,PEDA VALASA
village_583969,583969,GANGASANIVALASA
village_583970,583970,DUDDIKONDA
village_583971,583971,KAGUVALASA
village_583972,583972,MUSIRIGUDA
village_583973,583973,ADDUMANDA
village_583974,583974,MORRIGUDA
village_583975,583975,POOLUGUDA
village_583976,583976,IRAGAI
village_583977,583977,NANDA
village_583978,583978,BONDUGUDA
village_583979,583979,BALIYAGUDA
village_583980,583980,URUMULU
village_583981,583981,TIDIGUDA
village_583982,583982,VALIDIPANASA
village_583983,583983,BORRAKALUVALASA
village_583984,583984,JANAMGUDA
village_583985,583985,LOTHERU
village_583986,583986,TANGULABEDDA
village_583987,583987,TORADAMBUVALASA
village_583988,583988,POLLIGUDA
village_583989,583989,KANDULAGUDDI
village_583990,583990,TADAKA
village_583991,583991,KAGUVALASA
village_583992,583992,PUJARIBANDA
village_583993,583993,KAMALATOTA
village_583994,583994,TOTAVALASA
village_583995,583995,DAPPUGUDA
village_583996,583996,GONDIGUDA
village_583997,583997,GANNELA
village_583998,583998,TOKAVALASA
village_583999,583999,POLAMGUDA
village_584000,584000,KOSIGUDA
village_584001,584001,RAMAKRISHNANAGAR
village_584002,584002,AMALAGUDA
village_584003,584003,KOTTAVALASA
village_584004,584004,SARUBEDDA
village_584005,584005,POTTANGIPADU
village_584006,584006,MADALA
village_584007,584007,BATTIVALASA
village_584008,584008,MUSRIGUDA
village_584009,584009,BORRIGUDA
village_584010,584010,LEMBAGUDA
village_584011,584011,NOVVAGUDA
village_584012,584012,BISHNUGUDA
village_584013,584013,GARUDAGUDA
village_584014,584014,PITTAMARRIGUDA
village_584015,584015,GATUGUDA
village_584016,584016,MULYAGALUGU
village_584017,584017,GANJAYAVALASA
village_584018,584018,PEDA LABUDU
village_584019,584019,PANIRANGINI
village_584020,584020,LITTIGUDA
village_584021,584021,RAVVALAGUDA
village_584022,584022,SARABHAGUDA
village_584023,584023,DOLLIGUDA
village_584024,584024,PADMAPURAM
village_584025,584025,YANDAPALLIVALASA
village_584026,584026,PAPPUDUVALASA
village_584027,584027,KOTTAVALASA
village_584028,584028,CHOMPI
village_584029,584029,TOKAVALASA
village_584030,584030,KODIPUNJUVALASA
village_584031,584031,SIRAGAM
village_584032,584032,BANDAPANUVALASA
village_584033,584033,VARRA
village_584034,584034,LAMTAMPADU
village_584035,584035,JAGINIVALASA
village_584036,584036,GIRLIGUDA
village_584037,584037,BAMSUGUDA
village_584038,584038,PIRIPODARU
village_584039,584039,DUNGIYAPUTTU
village_584040,584040,DEVARAPALLE
village_584041,584041,BONDUGUDA
village_584042,584042,BASKI
village_584043,584043,TODUBANDA
village_584044,584044,GUGGUDA
village_584045,584045,DORAGUDA
village_584046,584046,MANJUGUDA
village_584047,584047,PITRAGUDA
village_584048,584048,KUSUMGUDA
village_584049,584049,VANTHAMURU
village_584050,584050,KAPPALAGONDI
village_584051,584051,BONDAGUDA
village_584052,584052,GATTANAGUDA
village_584053,584053,NANDIGUDA
village_584054,584054,DINGRIPUTTU
village_584055,584055,KORRAGUDA
village_584056,584056,PAKANAGUDA
village_584057,584057,DANIRANGINI
village_584058,584058,MADAGUDA
village_584059,584059,DALAPATIGUDA
village_584060,584060,BOSUBEDA
village_584061,584061,BODUGUDA
village_584062,584062,GADYAGUDA
village_584063,584063,KOTHABALLUGUDA
village_584064,584064,PATHABALLUGUDA
village_584065,584065,HATTAGUDA
village_584066,584066,KINNAMGUDA
village_584067,584067,DABURANGINI
village_584068,584068,KORRAGUDA
village_584069,584069,LIMBAGUDA
village_584070,584070,JANAMGUDA
village_584071,584071,PIRIBANDA
village_584072,584072,SOMELAPADU
village_584073,584073,SUNKARAMETTA
village_584074,584074,GANDAMETTA
village_584075,584075,CHINAGANGAGUDI
village_584076,584076,PEDAGANGAGUDI
village_584077,584077,KORRAGUDA
village_584078,584078,SUKURUGUDA
village_584079,584079,GATTARAGUDA
village_584080,584080,NINNIMAMIDIVALASA
village_584081,584081,KOTHAVALASA
village_584082,584082,BONDAM
village_584083,584083,RAMPUDUVALASA
village_584084,584084,RANGINIGUDA
village_584085,584085,BOYIGUDA
village_584086,584086,BALIYAGUDA
village_584087,584087,REGA
village_584088,584088,KOLIYAGUDA
village_584089,584089,BEDDAGUDA
village_584090,584090,MAJJIVALASA
village_584091,584091,GOJARA
village_584092,584092,KARAKAVALASA
village_584093,584093,TOTAVALASA
village_584094,584094,KURUSEELA
village_584095,584095,BEDDAGUDA
village_584096,584096,VANTHALAGUDA
village_584097,584097,LEDDANGI
village_584098,584098,SIRASAGUDA
village_584099,584099,ADARU
village_584100,584100,BAIRUGUDA
village_584101,584101,PEDAGEDDAVALASA
village_584102,584102,DANASALAVALASA
village_584103,584103,KANTABAMSUGUDA (CT)
village_584104,584104,KARAIGUDA
village_584105,584105,LIDDANGI
village_584106,584106,SARAIGUDA
village_584107,584107,BONDYAGUDA
village_584108,584108,KUNAPURAM
village_584109,584109,KITTALINGI
village_584110,584110,BONDUGUDA
village_584111,584111,KARAKAVALASA
village_584112,584112,BHEESUPURAM
village_584113,584113,KATIKA
village_584114,584114,VATALAMAMIDI
village_584115,584115,CHAPPADI
village_584116,584116,DEKKAPURAM
village_584117,584117,KONTYSIMIDI
village_584118,584118,KOTYAGUDA
village_584119,584119,BEDILIGUDA
village_584120,584120,GETUVALASA
village_584121,584121,EGUVAMAMIDI
village_584122,584122,PEDDURU
village_584123,584123,BORRA
village_584124,584124,KUMMARIVALASA
village_584125,584125,TOKURU
village_584126,584126,BORABORIVALASA
village_584127,584127,BORINGUVALASA
village_584128,584128,POOLUGUDA
village_584129,584129,KAPATIVALASA
village_584130,584130,BALIYAGUDA
village_584131,584131,GONDIGUDA
village_584132,584132,RANJALIGUDA @ RANGINIGUDA
village_584133,584133,SARIAPALLE
village_584134,584134,BHEEMAVARAM
village_584135,584135,SANKUPARTI
village_584136,584136,CHIPPAPALLE
village_584137,584137,GARUGUBILLI
village_584138,584138,SINGAVARAM
village_584139,584139,BILLAKOTA
village_584140,584140,GOTTIPADU
village_584141,584141,BULIYAGUDA @ BURUJU
village_584142,584142,RAJUPAKA
village_584143,584143,CHITTAMPADU
village_584144,584144,KONDAVENKATAPURAM
village_584145,584145,TOTAVALASA
village_584146,584146,CHINA KONELA
village_584147,584147,Y.S.R.PURAM
village_584148,584148,KOTAPARTI
village_584149,584149,BONGIJA
village_584150,584150,BURUGA
village_584151,584151,RAMPALLE
village_584152,584152,SOTTADIVALASA
village_584153,584153,KOTAPARTIVALASA
village_584154,584154,PEDA RABHA
village_584155,584155,CHINA RABHA
village_584156,584156,GADILALOVA
village_584157,584157,GUDEM
village_584158,584158,R.T.PURAM
village_584159,584159,PEDAKONELA
village_584160,584160,DABBALAPADU
village_584161,584161,KATIMANUVALASA
village_584162,584162,BOODI
village_584163,584163,KATTURU
village_584164,584164,MANDAPARTI
village_584165,584165,NERELLAVALASA
village_584166,584166,SEETAMPETA
village_584167,584167,SARAVANI PALEM
village_584168,584168,TATTAVALASA
village_584169,584169,LANJILAGUDA
village_584170,584170,LAXMIPURAM
village_584171,584171,PANDIRIMAMIDIVALASA
village_584172,584172,NANDIKOTA
village_584173,584173,KONDIBA
village_584174,584174,GADIGUDA
village_584175,584175,TOKAVALASA
village_584176,584176,NADIMIVALASA
village_584177,584177,DUMBRIVALASA
village_584178,584178,SADA
village_584179,584179,JAKARIGUDA
village_584180,584180,JAMUGUDA
village_584181,584181,KOSAMAMIDI
village_584182,584182,SINGARBHA
village_584183,584183,NINNIMAMIDI
village_584184,584184,BALLAMAMIDI
village_584185,584185,CHEEDIVALASA
village_584186,584186,NISANIGUDA
village_584187,584187,BODAGUDA
village_584188,584188,SEESAGUDA
village_584189,584189,LIMBAGUDA @ NIMMADA
village_584190,584190,KOTTAVALASA
village_584191,584191,DIGUVASOBHA
village_584192,584192,SORASAPODARU
village_584193,584193,POOLUGUDA
village_584194,584194,EGUVASOBHA
village_584195,584195,SEESAMANDA
village_584196,584196,KAMALAPURAM
village_584197,584197,HEETAGUDA
village_584198,584198,LAXMIPURAM
village_584199,584199,BALIAGUDA @ CHEEDIVALASA
village_584200,584200,TALARIPADU
village_584201,584201,REGAM
village_584202,584202,TENUPUTTU
village_584203,584203,NANDIGUMMI
village_584204,584204,PATAKOTA
village_584205,584205,MALINGAVALASA
village_584206,584206,TADIGUDA
village_584207,584207,MONDIJANGUDA
village_584208,584208,MARDAGUDA
village_584209,584209,ANANTHAGIRI
village_584210,584210,KOTTAVALASA @ VERUMULAPURAM
village_584211,584211,GATUGUDA
village_584212,584212,DANDABADU
village_584213,584213,KAMBAVALASA
village_584214,584214,DORAGUDA
village_584215,584215,BHAGAMARIVALASA
village_584216,584216,TENTELIGUDA
village_584217,584217,MUVVAMVALASA
village_584218,584218,RAYAVALASA
village_584219,584219,MULYAGUDA
village_584220,584220,POOLUGUDA
village_584221,584221,PEMPUDUVALASA
village_584222,584222,KODAMAGUDA
village_584223,584223,KARAKAVALASA
village_584224,584224,CHITTAMVALASA
village_584225,584225,DAMUKU
village_584226,584226,NANDANAPURAM
village_584227,584227,CHERUKUMADATA
village_584228,584228,CHITTAMVALASA
village_584229,584229,KANTIPURAM
village_584230,584230,KOTHAVALASA
village_584231,584231,KOTHAVALASA
village_584232,584232,SAMAREDDIPALEM
village_584233,584233,SIVALINGAPURAM
village_584234,584234,DIGUVA KAMBAVALASA
village_584235,584235,TEEGALAMADA
village_584236,584236,PANASAMANUVALASA
village_584237,584237,DAMSARAI
village_584238,584238,BANGARAMPETA
village_584239,584239,PALLAMVANIVALASA
village_584240,584240,MARRIMANUVALASA
village_584241,584241,TUMMANUVALASA
village_584242,584242,TOTAVALASA
village_584243,584243,VARAKAVADU
village_584244,584244,DABBALAPALEM
village_584245,584245,PEDDURU
village_584246,584246,DABBALAPADU
village_584247,584247,VANTINIVANIPALEM
village_584248,584248,JEELUGULAPADU
village_584249,584249,KITTAYYATOTA
village_584250,584250,CHILAKALAGEDDA
village_584251,584251,VENKAYYAPALEM
village_584252,584252,KASIPATNAM
village_584253,584253,CHEEDIVALASA
village_584254,584254,KAMBAVALASA
village_584255,584255,GANGAVARAM
village_584256,584256,KOTTURU
village_584257,584257,KRISHNAPURAM
village_584258,584258,MEDAPARTI
village_584259,584259,BUSIPADU
village_584260,584260,KARIVESU
village_584261,584261,KARAKAVALASA
village_584262,584262,MIRITHIDUNGADA
village_584263,584263,PORLU
village_584264,584264,VOOTAMAMIDI
village_584265,584265,MADDIPADU
village_584266,584266,PALABANDAVALASA
village_584267,584267,CHEEDIVALASA
village_584268,584268,CHERUKUBIDDA
village_584269,584269,EGUVAMALLELU
village_584270,584270,DIGUVAMALLELU
village_584271,584271,NELAPALEM
village_584272,584272,KARAIGUDA
village_584273,584273,NIMMAVUTA
village_584274,584274,GUMMA
village_584275,584275,VANJALAVALASA
village_584276,584276,EETAMANUVALASA
village_584277,584277,DHANUKOTA
village_584278,584278,NANDULAVALASA
village_584279,584279,BHALLUGUDA
village_584280,584280,PEDABIDDA
village_584281,584281,MANGAGUMMA
village_584282,584282,CHIMITI
village_584283,584283,KADAREVU
village_584284,584284,METTAVALASA
village_584285,584285,YERRAMETTA
village_584286,584286,VANTHANAGARUVU
village_584287,584287,VELAGALAPADU
village_584288,584288,PULUSUMAMIDI
village_584289,584289,BURUGULAPADU
village_584290,584290,LUNGAPARTI
village_584291,584291,RAYIPADU
village_584292,584292,DAMUKURAI
village_584293,584293,MARRIVALASA @ MANUVALASA
village_584294,584294,VOOTAGEDDA
village_584295,584295,GORREGOMMU
village_584296,584296,GANGUDIVALASA
village_584297,584297,KUMBURTI
village_584298,584298,PATTI
village_584299,584299,DAMSALAVALASA
village_584300,584300,MADDIGARUVU
village_584301,584301,ZENDAGARUVU
village_584302,584302,VALASI
village_584303,584303,NIMMALAPADU
village_584304,584304,TUMBARTI
village_584305,584305,DIGUVASONABHA
village_584306,584306,PYNAMPADU
village_584307,584307,MOOLAPATNAM
village_584308,584308,BANJODA
village_584309,584309,METTAVALASA
village_584310,584310,MANDRUVALASA
village_584311,584311,GOMMANGIPADU
village_584312,584312,VENGADA
village_584313,584313,CHEEDIVALASA
village_584314,584314,BANDAVALASA
village_584315,584315,PENAMARTI
village_584316,584316,DONKAIPUTTU
village_584317,584317,NAKKALAMAMIDI
village_584318,584318,PANDIRIMAMIDI
village_584319,584319,TARAGAM
village_584320,584320,ADDATEGELA
village_584321,584321,VANTARBHA
village_584322,584322,JAMPAPUTTU
village_584323,584323,BUDDIGARUVU
village_584324,584324,KANNAMGARUVU
village_584325,584325,JALADA
village_584326,584326,VOOBALU
village_584327,584327,TENKALAVALASA
village_584328,584328,KOTTAVALASA
village_584329,584329,KIVARLA
village_584330,584330,RALLAGARUVU
village_584331,584331,GANGAVARAM
village_584332,584332,TANGELLABANDA
village_584333,584333,BONGIJA
village_584334,584334,BONURU
village_584335,584335,GADDIBANDA
village_584336,584336,CHEEDIVALASA
village_584337,584337,PANDIRIMAMIDI
village_584338,584338,PUTIKAPUTTU
village_584339,584339,CHEEDIGARUVU
village_584340,584340,GAZZELLAGARUVU
village_584341,584341,BILLAKAMBA
village_584342,584342,KUDIYA
village_584343,584343,PEDABAYALU
village_584344,584344,BODDAPUTTU
village_584345,584345,GUMMANTI
village_584346,584346,VELAMAMIDI
village_584347,584347,PODERTI
village_584348,584348,TANKOTA
village_584349,584349,TUNISEBU
village_584350,584350,BANDAKONDA
village_584351,584351,PATIPALLE
village_584352,584352,BEMBI
village_584353,584353,MADREBU
village_584354,584354,DAYARTI
village_584355,584355,SARIYA
village_584356,584356,MAKANAPALLE
village_584357,584357,RACHAKILAM
village_584358,584358,TAMUTA
village_584359,584359,DIBBAPALEM
village_584360,584360,REVALLAPALEM
village_584361,584361,PEDAGANGAVARAM
village_584362,584362,KOTHAREVALLAPALEM
village_584363,584363,JEENAPADU
village_584364,584364,GODUGUMAMIDIPALEM
village_584365,584365,VALASALA GARUVU
village_584366,584366,GADDIBANDA
village_584367,584367,CHINTALAPALEM
village_584368,584368,KOTAPARTI
village_584369,584369,VELAGALAPADU
village_584370,584370,MALLAMPETA
village_584371,584371,BALLAGARUVU
village_584372,584372,GUMMANTI
village_584373,584373,GUJJALI
village_584374,584374,KONDEMKOTA
village_584375,584375,REGULAPALEM
village_584376,584376,PEDAKOTA
village_584377,584377,PORLUBANDA
village_584378,584378,CHATAKAMBA
village_584379,584379,BORRAPALEM
village_584380,584380,PINAKOTA
village_584381,584381,VANTHALAMAMIDI
village_584382,584382,CHEEDIMETTA
village_584383,584383,GULAMALAPALLE
village_584384,584384,CHINABURUGA
village_584385,584385,CHINTAPAKA
village_584386,584386,CHITRALLAPALEM
village_584387,584387,PEDA BURUGA-I
village_584388,584388,KOTTAMGUDA
village_584389,584389,ONUKONDA
village_584390,584390,PEDABURUGU II
village_584391,584391,CHINDUGULAPADU
village_584392,584392,SOLABONGU
village_584393,584393,GOPPULAPALEM
village_584394,584394,TATTAPUDI
village_584395,584395,TENKUBUDDA
village_584396,584396,KAGULAGARUVU
village_584397,584397,REGAPUNAYAGIRI
village_584398,584398,GURILOVA
village_584399,584399,KARRIGUDA
village_584400,584400,YERRAGUPPA
village_584401,584401,TENKARIGUDA
village_584402,584402,DIMBRIVANIVANDLAVADA
village_584403,584403,TALARIPADU
village_584404,584404,NANDIGUNI
village_584405,584405,GURAJALA
village_584406,584406,KAVALIGUDA
village_584407,584407,DONUMURU
village_584408,584408,TEKKAPURAM
village_584409,584409,PURULABANDA
village_584410,584410,PEDABAYALU
village_584411,584411,ONIKANNELA
village_584412,584412,VULAGUMMA
village_584413,584413,VANDAVALOVA
village_584414,584414,JORLAGUDA
village_584415,584415,MALIPADU
village_584416,584416,VEGUPADU
village_584417,584417,GUMMIDIPADU
village_584418,584418,NUNEMAMID
village_584419,584419,GARUDAPALLE
village_584420,584420,RATHULAPUTTU
village_584421,584421,TOKADUGGAM
village_584422,584422,DUGGAM
village_584423,584423,CHEEDIPUTTU
village_584424,584424,PANDIMETTA
village_584425,584425,BESAIPUTTU
village_584426,584426,BALURODA
village_584427,584427,ONTIPAKA
village_584428,584428,RANGASEELA
village_584429,584429,MASADA
village_584430,584430,MATCHYAPURAM
village_584431,584431,TADIGIRI
village_584432,584432,D.CHINTALAVEEDHI
village_584433,584433,VUKKURBA
village_584434,584434,ALLANGIPUTTU
village_584435,584435,TEEGALAVALASA
village_584436,584436,BIJJAPALLE
village_584437,584437,KAMAYYAPETA
village_584438,584438,PAMURAI
village_584439,584439,AMURU
village_584440,584440,NAKKALAPUTTU
village_584441,584441,RANGAPALLE
village_584442,584442,KUNTURLA
village_584443,584443,EDULAGONDI
village_584444,584444,ARLADA
village_584445,584445,CHILAKALAPUTTU
village_584446,584446,SAMPANGIPUTTU
village_584447,584447,SOBAKOTA
village_584448,584448,SUNDRUPUTTU
village_584449,584449,M.KOTHAVURU
village_584450,584450,MATHAM
village_584451,584451,M.BODDAPUTTU
village_584452,584452,KODELI
village_584453,584453,GOTCHARI
village_584454,584454,MARRIPUTTU
village_584455,584455,JOGULAPUTTU
village_584456,584456,KANGARUPUTTU
village_584457,584457,PATIMAMIDI
village_584458,584458,BURMANGUDA
village_584459,584459,KULAPADU
village_584460,584460,VALLANGIPUTTU
village_584461,584461,LAKEYAPUTTU
village_584462,584462,MALAGUDA
village_584463,584463,BEERAM
village_584464,584464,MULIAPUTTU
village_584465,584465,KONTHILI
village_584466,584466,HUKUMPETA
village_584467,584467,CHATRAIPUTTU
village_584468,584468,GADUGUPALLE
village_584469,584469,URRADA
village_584470,584470,KONTAPALLE
village_584471,584471,PEDAGARUVU
village_584472,584472,MARELA
village_584473,584473,PATRIMETTA
village_584474,584474,MARRIPALEM
village_584475,584475,CHINTALAVEEDHI
village_584476,584476,RUDI @ DEGARUDI
village_584477,584477,PATHAKOTA
village_584478,584478,BODDAPUTTU
village_584479,584479,MANGALAMAMIDI
village_584480,584480,KOKKISA
village_584481,584481,LIVITI
village_584482,584482,IRUKURAI
village_584483,584483,SARIYAPOLAM
village_584484,584484,DALAMPUTTU
village_584485,584485,JEELUGULAPUTTU
village_584486,584486,MANDIPUTTU
village_584487,584487,CHEEKATIPUTTU
village_584488,584488,JANGAMPUTTU
village_584489,584489,GATHAM
village_584490,584490,KIMIDUPUTTU
village_584491,584491,VACHANARANGINI
village_584492,584492,SULLIPAKONI
village_584493,584493,BOORJA
village_584494,584494,THUMBAGUDA
village_584495,584495,KONDAYYAPADU
village_584496,584496,PATAKADAVADA
village_584497,584497,DEGASALTHANGI
village_584498,584498,EGASALTHANGI
village_584499,584499,DUMBRIGUDA
village_584500,584500,MAJJIVALASA
village_584501,584501,BILLAPUTTU
village_584502,584502,MADDIPUTTU
village_584503,584503,KODITALA
village_584504,584504,PANASAPUTTU
village_584505,584505,PATTAM
village_584506,584506,NIMMALAPADU
village_584507,584507,BAIRODIVALASA @ UPPA
village_584508,584508,PEDIRAI
village_584509,584509,TOTAKURAPADU
village_584510,584510,OLDA
village_584511,584511,NITTAPUTTU
village_584512,584512,JAKARAMPUTTU
village_584513,584513,KANGUPUTTU
village_584514,584514,PUSALAGARUVU
village_584515,584515,PEDDAPADU
village_584516,584516,TURAKALAMETTA
village_584517,584517,DALEMPUTTU
village_584518,584518,RAPA
village_584519,584519,REEDABANDA
village_584520,584520,GONDIRAPA
village_584521,584521,GONDIPETA
village_584522,584522,SANTHARI
village_584523,584523,CHINABURUGUPUTTU
village_584524,584524,BILAIPUTTU
village_584525,584525,NIMMALAPADU
village_584526,584526,BODDAPUTTU
village_584527,584527,TIYYANIPUTTU
village_584528,584528,BIRISINGI
village_584529,584529,SUKURU
village_584530,584530,BARAPALLE
village_584531,584531,GADIKINCHUMANDA
village_584532,584532,SANYASAMMAPALEM
village_584533,584533,ADDUMANDA
village_584534,584534,NEELAMPUTTU
village_584535,584535,DALEMPUTTU
village_584536,584536,MARRIVALASA
village_584537,584537,MULUSOBHA
village_584538,584538,RAMACHANDRAPURAM
village_584539,584539,GUMMADIGANDUVA
village_584540,584540,GANGARAJUPUTTU
village_584541,584541,LOCHELIPUTTU
village_584542,584542,KUTANGI TADIPUTTU
village_584543,584543,KUTHANGI
village_584544,584544,BURADAGUMMI
village_584545,584545,VAKAPALLE
village_584546,584546,VEERENDLA
village_584547,584547,SEMBI
village_584548,584548,SARASAPADU
village_584549,584549,ALLAMPUTTU
village_584550,584550,SAMPANGIPUTTU
village_584551,584551,DURGAM
village_584552,584552,BANGARUGARUVU
village_584553,584553,RANAMKOTA
village_584554,584554,DARAGEDDA
village_584555,584555,KETHAMPALEM
village_584556,584556,NURUPANUKU
village_584557,584557,MULAKAYIPUTTU
village_584558,584558,DABBAGARUVU
village_584559,584559,BODDAPUTTU
village_584560,584560,MEBHA
village_584561,584561,KOTAGUMMAM
village_584562,584562,BAKURU
village_584563,584563,CHITTAMPADU
village_584564,584564,BHEEMAVARAM
village_584565,584565,MADDIPUTTU
village_584566,584566,ANDIBA
village_584567,584567,GANGUDI
village_584568,584568,GUMMADIGUNTA
village_584569,584569,DONKINAVALASA
village_584570,584570,GILLIBADDU
village_584571,584571,CHEEKUMADDULA
village_584572,584572,GOPPULAPALEM
village_584573,584573,MERAKACHINTA
village_584574,584574,GASARAPALLE
village_584575,584575,PALAMAMIDI
village_584576,584576,PATIGURUVU
village_584577,584577,GEDELAPADU
village_584578,584578,SESAIPANUKU
village_584579,584579,PEESUMAMIDI
village_584580,584580,JARRAKONDA
village_584581,584581,PEDA NANDIPUTTU
village_584582,584582,BANGARUBUDDI
village_584583,584583,DIRRAPALLE
village_584584,584584,GANIKA
village_584585,584585,KOTHAVURU
village_584586,584586,CHEEDIGARUVU
village_584587,584587,VURUGONDA
village_584588,584588,BANTROTHUPUTTU
village_584589,584589,BARLUPUTTU
village_584590,584590,DONELA
village_584591,584591,BODDAPUTTU
village_584592,584592,BARIDIPUTTU
village_584593,584593,BONJANGI
village_584594,584594,KINCHURU
village_584595,584595,ONTIVEEDHULU
village_584596,584596,GODDALIPADU
village_584597,584597,THOTALAGONDI
village_584598,584598,CHEEDIMETTA
village_584599,584599,LAMPELI
village_584600,584600,GONDELI
village_584601,584601,VANCHADAGONDI
village_584602,584602,PILLIPUTTU
village_584603,584603,VALLAPURAM
village_584604,584604,NEREDUVALASA
village_584605,584605,JALLIPALLE
village_584606,584606,MUNCHINGI PUTTU
village_584607,584607,KOTHAPALLE
village_584608,584608,VANTHALAGUMMI
village_584609,584609,DABBAPUTTU
village_584610,584610,KAVIRAI
village_584611,584611,DUMMAPUTTU
village_584612,584612,CHINTAGONDI
village_584613,584613,RAIGEDDA
village_584614,584614,SAKIPUTTU
village_584615,584615,KOLLAMBO
village_584616,584616,LINGAPUTTU
village_584617,584617,VALLAI
village_584618,584618,BADIMELA
village_584619,584619,ISAKAGARUVU
village_584620,584620,SANTHAGANDUVA
village_584621,584621,KOTHURU
village_584622,584622,SOLAMULU
village_584623,584623,SINDUGULA
village_584624,584624,CHAKIREVU
village_584625,584625,SARIAPALLE
village_584626,584626,DODDIPALLE
village_584627,584627,LADAPUTTU
village_584628,584628,BODDIMAMIDI
village_584629,584629,BOKKELLU
village_584630,584630,IRADAPALLE
village_584631,584631,DOKULURU
village_584632,584632,MANDIPUTTU
village_584633,584633,DEGALAVEEDHI
village_584634,584634,GADIVALASA
village_584635,584635,AMPURU
village_584636,584636,PAMURELLI
village_584637,584637,GUTTULAPUTTU
village_584638,584638,CHEEDIMETTA
village_584639,584639,GABBANGI
village_584640,584640,DALIMPUTTU
village_584641,584641,PANASAPALLE
village_584642,584642,NEREDUVALASA
village_584643,584643,DEVARAPALLE
village_584644,584644,KOTHABU
village_584645,584645,BARISINGI
village_584646,584646,GURRAMPANUKU
village_584647,584647,PALAMANICHILAKA
village_584648,584648,POTHURAJUMETTA
village_584649,584649,KALLALABAYALU
village_584650,584650,BODDAPUTTU
village_584651,584651,DIGASAMPALU
village_584652,584652,VANJANGI
village_584653,584653,GONDURU
village_584654,584654,SUKURUPUTTU
village_584655,584655,PATHAPADERU
village_584656,584656,TALARISINGI
village_584657,584657,CHINTALA VEEDHI
village_584658,584658,UBBEDIPUTTU
village_584659,584659,KUMMARIPUTTU
village_584660,584660,SUNDRUPUTTU
village_584661,584661,KINDANGI
village_584662,584662,VARTHANAPALLE
village_584663,584663,KADELI
village_584664,584664,LAGISAPALLE
village_584665,584665,GURUPALLE
village_584666,584666,KARAKAPUTTU
village_584667,584667,THOTAGUNNALU
village_584668,584668,KOTHAVALASA
village_584669,584669,EEGASAMPALU
village_584670,584670,KARAKAPUTTU
village_584671,584671,JEEDIPAGADA
village_584672,584672,BANGARUMETTA
village_584673,584673,CHEEDIKUDDA
village_584674,584674,VANUGUPALLE
village_584675,584675,KONDAMAMIDI
village_584676,584676,MINUMULURU
village_584677,584677,SERIBAYALU
village_584678,584678,THUMPADA
village_584679,584679,KUJJALI
village_584680,584680,ISKALI
village_584681,584681,DIGUMODAPUTTU
village_584682,584682,YEGUMODAPUTTU
village_584683,584683,KANDRANGIPADU
village_584684,584684,VANTHADAPALLE
village_584685,584685,ALLIVARA
village_584686,584686,SANGODI
village_584687,584687,TAMARAPALLE
village_584688,584688,BANDAPOLAM
village_584689,584689,GALIPADU
village_584690,584690,KARIBANDA
village_584691,584691,TIYYAGEDDA
village_584692,584692,BIRIMISALA
village_584694,584694,MADIGABANDA
village_584697,584697,GUNJIGEDDA
village_584698,584698,JODURU
village_584699,584699,ONTIPAKA
village_584700,584700,CHODEPALLE
village_584701,584701,KOTHAPOLAM
village_584702,584702,GADDIBANDALU
village_584703,584703,ONURU
village_584704,584704,VANJAPARTHI
village_584705,584705,ISAKAGARUVU
village_584706,584706,CHINTADA
village_584707,584707,MALAKAPOLAM
village_584708,584708,MODAPALLE
village_584709,584709,GURRAGARUVU
village_584710,584710,SALDIGEDDA
village_584711,584711,VANAGARAI
village_584712,584712,RANAMBADI
village_584713,584713,SAPPIPUTTU
village_584714,584714,DALLAPALLE
village_584715,584715,VANKACHINTA
village_584716,584716,DARAPALLE
village_584717,584717,BURUGU CHETRU
village_584718,584718,BURADAPADU
village_584719,584719,LOLANGIPADU
village_584720,584720,POOLABANDA
village_584721,584721,KUMMARITHUMU
village_584722,584722,NANDIGARUVU
village_584723,584723,GULIMIDDHACHATRU
village_584724,584724,PIDUGUPUTTU
village_584725,584725,EDULAPALEM
village_584726,584726,KAPPARAMAJJI
village_584727,584727,BADDIGUMMI
village_584728,584728,KAPPALAGONDI
village_584729,584729,KAKKI
village_584730,584730,CHILAKALAGONDI
village_584731,584731,VANTHALAMAMIDI
village_584732,584732,OBARTHI
village_584733,584733,ARJAPURAM
village_584734,584734,KANDULAPALEM
village_584735,584735,PIDUGUMAMIDI
village_584736,584736,GULLI
village_584737,584737,RAKOTA
village_584738,584738,ARLADA
village_584739,584739,PUTIKAGARUVU
village_584740,584740,KODULOLANGIPADU
village_584741,584741,TURUMAMIDI
village_584742,584742,BODICHETTU
village_584743,584743,JANGADAPALLE
village_584744,584744,MALAPADU
village_584745,584745,RANGASINGIPADU
village_584746,584746,GOONAGUMMI
village_584747,584747,BIDARIGARUVU
village_584748,584748,BALAMALU
village_584749,584749,PEDAPOLAM
village_584750,584750,GADDIBANDA
village_584751,584751,GULLIPALLE
village_584752,584752,CHEEMALAPALLE
village_584753,584753,TAGAVULAMAMIDI GARUVU
village_584754,584754,JODIMAMIDI
village_584755,584755,POTHAMPALEM
village_584756,584756,GADABAVALASA @ Y.KUSARLAPALEM
village_584757,584757,KONDAJEELUGU
village_584758,584758,RAIPALEM
village_584759,584759,SEEKAIPADU
village_584760,584760,RELLABANDA
village_584761,584761,KUSARLAPALEM
village_584762,584762,AYINADA
village_584763,584763,GATHAPANUKU
village_584764,584764,DABBAGARUVU
village_584765,584765,SALUGU
village_584766,584766,PANASAPUTTU
village_584767,584767,VANTHALAMAMIDI @ GADILAMETTA
village_584768,584768,ALUGURU
village_584769,584769,TARAGAM
village_584770,584770,PULUSUMAMIDI
village_584771,584771,DEVAPURAM
village_584772,584772,KOTHAVOORU
village_584773,584773,TUMMALAPALEM
village_584774,584774,MULAGALAPALEM
village_584775,584775,HANUMANTHAPURAM
village_584776,584776,VALASAMAMIDI
village_584777,584777,KANGEDDA
village_584778,584778,KOTHA VALASAPADU
village_584779,584779,ANTILOVA
village_584780,584780,SEEKUPANASA
village_584781,584781,JEELUGUPADU
village_584782,584782,DABBAPADU
village_584783,584783,JARRAGARUVU
village_584784,584784,PANDIGUNTA
village_584785,584785,KUMMARIPALEM
village_584786,584786,BANDALU
village_584787,584787,KARYA BANDU
village_584788,584788,GODUGULA
village_584789,584789,PUTTARAJUPADU
village_584790,584790,VANKACHINTA
village_584791,584791,VANJI BATHI
village_584792,584792,14 MILE STONE
village_584793,584793,CHANTADA
village_584794,584794,GANJIGEDDA
village_584795,584795,TIYYAGEDDA
village_584797,584797,VARUKARU
village_584799,584799,VANTIPAKA
village_584800,584800,GUDIVADA (CT)
village_584801,584801,CHILAKAPANASA
village_584802,584802,GARISINGI
village_584803,584803,SURTIPALLE
village_584804,584804,REYYALAGEDDA
village_584805,584805,MADATHAKONDA
village_584806,584806,BURADAVEEDHI
village_584807,584807,KAPPALU
village_584808,584808,KODIMAMIDI
village_584809,584809,KURIDILU
village_584810,584810,K.BANDAVEEDHI
village_584811,584811,SANKULAMADDI
village_584812,584812,VANUKURU
village_584813,584813,KILLAMKOTA
village_584814,584814,SARIYAPALLE
village_584815,584815,VALASAPANASA
village_584816,584816,VANDRANGIPADU
village_584817,584817,MANEPALLE
village_584818,584818,BUSIPALLE
village_584819,584819,CHILAKALAPALEM
village_584820,584820,SURIMETTA
village_584821,584821,ALAGAM
village_584822,584822,YESTHALA
village_584823,584823,KILLUPALLE
village_584824,584824,TARTALU
village_584825,584825,PORLUGUNTA
village_584826,584826,SOPALU
village_584827,584827,SIRASAPALLE
village_584828,584828,JAMULAVEEDHI
village_584829,584829,JEELUGULAGOYYA
village_584830,584830,SINGARBAGONDI
village_584831,584831,PUTIKAMETTA
village_584832,584832,RACHAVEEDHI
village_584833,584833,GONDIPALLE
village_584834,584834,MANDIBHA
village_584835,584835,SUBBULU
village_584836,584836,BOITHELA @ BONKATILI
village_584837,584837,CHAPAGEDDA
village_584838,584838,PEDDAGARUVU
village_584839,584839,SINGAM VALASA
village_584840,584840,MADDIGARUVU
village_584841,584841,BUSULAKOTA
village_584842,584842,YEGARAPALLE
village_584843,584843,PANASAPALLE
village_584844,584844,PULUSUMAMIDI
village_584845,584845,DIGARAPALLE
village_584846,584846,PINAJAGEERU
village_584847,584847,KUMBURLA
village_584848,584848,VANDRANGULA
village_584849,584849,GADIGUNTA
village_584850,584850,VAKAPALLE
village_584851,584851,DIPPALAGONDI
village_584852,584852,VANTALAMAMIDI
village_584853,584853,VARADAMAMIDI
village_584854,584854,YERRAGOPPU
village_584855,584855,NUGUMAMIDI
village_584856,584856,NURMATHI
village_584857,584857,MOSAIDIPANUKU KOTHURU
village_584858,584858,MADDIVEEDHI
village_584859,584859,BODDAGONDI
village_584860,584860,THIYYAGUNDAM
village_584861,584861,VAYYAMPALLE
village_584862,584862,PINALUVVASINGI
village_584863,584863,SANGULOYA
village_584864,584864,ARAGADAPALLE
village_584865,584865,PEDA LUVVASINGI
village_584866,584866,TARABUSINGI
village_584867,584867,KANDULAGADE
village_584868,584868,A.BANDAVEEDHI
village_584869,584869,PALAMAMIDI
village_584870,584870,SIRLABANDA
village_584871,584871,VANCHEBU
village_584872,584872,KARAKAPALLE
village_584873,584873,BONDAPALLE
village_584874,584874,BODDAPUTTU
village_584875,584875,MULAGARUVU
village_584876,584876,CHITTAMPUTTU
village_584877,584877,REGADI
village_584878,584878,CHITTUGUMMI
village_584879,584879,VALASAMAMIDI
village_584880,584880,SURTIPALLE
village_584881,584881,BODDAPUTTU
village_584882,584882,THAGGIMETTA
village_584883,584883,MANDIVANAM
village_584884,584884,BEERAM
village_584885,584885,SALIMERANGI
village_584886,584886,THADIVEEDHI
village_584887,584887,ANARBHA
village_584888,584888,PEDAJAGEERU
village_584889,584889,KITUMULU
village_584890,584890,KORAPALLE
village_584891,584891,RUDIBAYALU
village_584892,584892,BARAM
village_584893,584893,SADEKU
village_584894,584894,ROLANGIPUTTU
village_584895,584895,M.NITTAPUTTU
village_584896,584896,PALAKONDA
village_584897,584897,PULAGONDI
village_584898,584898,PEDAKONDA
village_584899,584899,GANNELBA
village_584900,584900,VANNELABHA
village_584901,584901,AGAMPADU
village_584902,584902,VEMARAJUKODAPALLE
village_584903,584903,UBALAGARUVU
village_584904,584904,THUMMEDALA NEREDU
village_584905,584905,JANNERA
village_584906,584906,VENNELA
village_584907,584907,BURUGUVEEDHI
village_584908,584908,CHEPALLE
village_584909,584909,G.NITTAPUTTU
village_584910,584910,KARNIKALANKA
village_584911,584911,SINGARBHA
village_584912,584912,RACHAPALLE
village_584913,584913,YEGARATCHAPALLE
village_584914,584914,REEMALI
village_584915,584915,MADHURAMAMIDI
village_584916,584916,VALLANGULA
village_584917,584917,LAKKULU
village_584918,584918,KOKKIRAPALLE
village_584919,584919,CHEEKUMBANDA
village_584920,584920,VANABHAMPADU
village_584921,584921,VENNELAKOTA
village_584922,584922,DEVARAPALLE
village_584923,584923,YEDUCHAVALLU
village_584924,584924,MARRIPALEM
village_584925,584925,THOKA RAI
village_584926,584926,PADMAPURAM
village_584927,584927,SARIYA
village_584928,584928,BORRAMAMIDI
village_584929,584929,BUSIPALLE
village_584930,584930,GOYYIGUNTA
village_584931,584931,BALIJIPETA
village_584932,584932,GEDALABANDA
village_584933,584933,ULLIVARAPADU
village_584934,584934,PINA KILTHARU
village_584935,584935,SUVVAPADU
village_584936,584936,KRISHNAPURAM
village_584937,584937,SANGAMBANDA
village_584938,584938,KINAGARI
village_584939,584939,KUNTALAM
village_584940,584940,GALIPADU
village_584941,584941,KORRAPADU
village_584942,584942,PEDDA KILTARU
village_584943,584943,VANJARI
village_584944,584944,PORLUBANDA
village_584945,584945,MITTALAPADU
village_584946,584946,THATIPALEM
village_584947,584947,LUVVAPALLE
village_584948,584948,CHEEMAKURAPALEM
village_584949,584949,KIMUDUPALLE
village_584950,584950,TERLAMAMIDI
village_584951,584951,KULUPADU
village_584952,584952,MADDULABANDA
village_584953,584953,CHINNAURUMU
village_584954,584954,PEDALANKA
village_584955,584955,PEDAURUMU
village_584956,584956,DARLAMGONDI
village_584957,584957,GODDUBUSULU
village_584958,584958,P.G.MADUGULA
village_584959,584959,ROLANGIPUTTU
village_584960,584960,MATCHYAPURAM
village_584961,584961,SANGAM
village_584962,584962,BANDAVEEDHI
village_584963,584963,K.KODAPALLE
village_584964,584964,GANNERUPUTTU
village_584965,584965,CHINTALAGONDI
village_584966,584966,GADDERAI
village_584967,584967,URLUMETTA
village_584968,584968,ANDANGISINGI
village_584969,584969,G.M.KOTHURU
village_584970,584970,K.G.MADUGULA
village_584971,584971,JOGULAPUTTU
village_584972,584972,BUSIPALLE
village_584973,584973,BALAMANUSANKA
village_584974,584974,VARIGELAPALEM
village_584975,584975,KOTHURUPADU
village_584976,584976,PEDAPADU
village_584977,584977,UDAPALAM
village_584978,584978,MULAKAIPUTTU
village_584979,584979,ANDANAPALLE
village_584980,584980,ULLIKALLALABANDA
village_584981,584981,GONDIMELAKA
village_584982,584982,MULAGARUVU
village_584983,584983,KUNTIPALLE
village_584984,584984,GEMMELI
village_584985,584985,CHINNAKOTHURU
village_584986,584986,BODDAGONDI
village_584987,584987,CHITTAMPADU
village_584988,584988,G.KOTHURU
village_584989,584989,VARLAMAMIDI
village_584990,584990,RAMACHANDRAPALEM
village_584991,584991,KOLAMBORA
village_584992,584992,CHINTHAKOTA
village_584993,584993,SAMPANGI PUTTU
village_584994,584994,BOBBAMPADU
village_584995,584995,KUNETI
village_584996,584996,VATTIVAGISA
village_584997,584997,GOLAGONDA
village_584998,584998,YENUGUGONDI
village_584999,584999,SINGARAJUPETA
village_585000,585000,DEGALARAI
village_585001,585001,THOTALAGONDI
village_585002,585002,CHINA KANTAVARAM
village_585003,585003,GONDIPADU
village_585004,585004,VANJANGIPADU
village_585005,585005,GONDURU@ Y.B.GONDURU
village_585006,585006,GURRAYI
village_585007,585007,KUMBIDISINGI
village_585008,585008,CHINNALOCHALI
village_585009,585009,MANDIGARUVU
village_585010,585010,PEDAKANTAVARAM
village_585011,585011,SOLABHAM
village_585012,585012,BHEEMALOYA
village_585013,585013,GODUGUMAMIDI
village_585014,585014,S.KOTHURU
village_585015,585015,RALLAPUTTU
village_585016,585016,KONDABHEEMAPALEM
village_585017,585017,BARSINGIMETTA
village_585018,585018,GOMPAM
village_585019,585019,GADRAYI
village_585020,585020,CHINAPORLU
village_585021,585021,MANGATHAPALEM
village_585022,585022,GADUTHURU
village_585023,585023,PACHINAPALLE
village_585024,585024,GODDA
village_585025,585025,KOTHAPALLE
village_585026,585026,PEDDALOCHALE
village_585027,585027,RACHAPANUKU
village_585028,585028,VANTHALA
village_585029,585029,TIYYAMAMIDI
village_585030,585030,JARRAI
village_585031,585031,KUDDANGI
village_585032,585032,CHINNA PINAPALEM
village_585033,585033,GANGADEVIGUDI
village_585034,585034,VEDURUPALLE
village_585035,585035,PANASALAGEDDA
village_585036,585036,KANGULABANDA
village_585037,585037,BARISINGI
village_585038,585038,DEGALAPALEM
village_585039,585039,GODDUKURALABANDA
village_585040,585040,VANTALAMAMIDI
village_585042,585042,ADDULU
village_585043,585043,PEDAVALASA
village_585044,585044,PISUMAMIDI
village_585045,585045,KAJJAPALLE
village_585046,585046,PACHELI
village_585047,585047,DABBAGARUVU
village_585048,585048,BANGARUMAMIDI
village_585049,585049,VANABHARANGIPADU
village_585050,585050,GANJIGEDDA
village_585051,585051,PEDDAPINAPALEM
village_585052,585052,GANUGUROLU
village_585053,585053,VASAMAMIDI
village_585054,585054,BONDULAPANUKU
village_585055,585055,SEETABANDA
village_585056,585056,GODDALIKARRA
village_585057,585057,GURRALAGUMMI
village_585058,585058,PEDDABAYALU
village_585059,585059,JOLAMPUTTU
village_585060,585060,MONDIKOTA
village_585061,585061,VALASAPADU
village_585062,585062,PORLU
village_585063,585063,INDUGULA
village_585064,585064,KUMMARAGUNTA
village_585065,585065,CHUTTUKOTA
village_585066,585066,KOTHAKUNDALU
village_585067,585067,METTAPADU
village_585068,585068,GORRILAPUTTU
village_585069,585069,LAKKAPADU
village_585070,585070,PEDAPORLU
village_585071,585071,AMBALAMAMIDI
village_585072,585072,GEMMELIBARU
village_585073,585073,BODDAPADU
village_585074,585074,AKUTHOTA
village_585075,585075,JERRAI
village_585076,585076,ROLUGUNTA
village_585077,585077,SADANGI
village_585078,585078,LABBARLA
village_585079,585079,PITTAGULLU @ PITTAGUDLU
village_585080,585080,NITTAMAMIDI
village_585081,585081,CHINTALURU
village_585082,585082,NEYYALABANDA
village_585083,585083,PEDAGEDDA
village_585084,585084,TALABARUSINGI
village_585085,585085,BODDUMAMIDI
village_585086,585086,THALLIMAMIDI
village_585087,585087,PALAMAMIDI
village_585088,585088,CHILAKALA MAMIDI
village_585089,585089,ROPPULU
village_585090,585090,GORADALU
village_585091,585091,GUNTAPALLE
village_585092,585092,BAGARUGUDI
village_585093,585093,MALLIPADU
village_585094,585094,POLAMANUGEDDA
village_585096,585096,TENE BANDALU
village_585097,585097,THOKA CHILAKA
village_585098,585098,KAREBANDA
village_585099,585099,GUMMADIGONDI
village_585100,585100,OMTAMPADU
village_585101,585101,OLIMAMIDI
village_585102,585102,CHURULAPANUKU
village_585103,585103,MOLIKALU
village_585104,585104,KODIMAMIDI
village_585105,585105,VASULAPANASA
village_585106,585106,GUMMAVEEDHI
village_585107,585107,PEDA BAYALU
village_585108,585108,TOTAMAMIDI
village_585109,585109,TALABARSINGI
village_585110,585110,GANUGUROLU
village_585111,585111,BANGARUDODDI
village_585112,585112,PEDAVALASA
village_585113,585113,VALAM MAMIDI
village_585114,585114,TIYYAMAMIDI
village_585115,585115,PINNAPOLAM
village_585116,585116,KUNTUPALLE
village_585117,585117,CHILAKALA MAMIDI
village_585118,585118,BUTTAKOTA
village_585119,585119,KOTHA KONDALU
village_585120,585120,KICHANNOLI
village_585121,585121,PEDDAPOLAM
village_585122,585122,AMBILI MAMIDI
village_585123,585123,VALLAAMAMIDI
village_585124,585124,DONIMAMIDI
village_585125,585125,JURRAI
village_585126,585126,GURRALA NUNNI
village_585127,585127,YEDULAGARAVU
village_585128,585128,RACHAKANUKU
village_585129,585129,LAMMADAMPALLE
village_585130,585130,EGAJANABA
village_585131,585131,DIGIJANABA
village_585132,585132,CHERUVURU
village_585133,585133,TADLAPALLE
village_585134,585134,BURADAMAMIDI
village_585135,585135,KORUKONDA
village_585136,585136,DIGAVALASAPALLE
village_585137,585137,TURAMAMIDI
village_585138,585138,BURUGUBAILU
village_585139,585139,VEERAVARAM
village_585140,585140,EGAVALASAPALLE
village_585141,585141,KUDUMULU
village_585142,585142,KAPPAGONDHI
village_585143,585143,RALLAGEDDA KOTHURU
village_585144,585144,RALLAGEDDA
village_585145,585145,KUDUMUSARI
village_585146,585146,GODDIBANDA
village_585147,585147,KOTAGUNNALU
village_585148,585148,NIMMALAPADU
village_585149,585149,ITIKABEDDA
village_585150,585150,VELAMJUVVI
village_585151,585151,JOHERU
village_585152,585152,BALAPAM
village_585153,585153,TOKAPADU
village_585154,585154,MANDIPALLE
village_585155,585155,KARAKAPALLE
village_585156,585156,GOPPUGUDISELU
village_585157,585157,VANDANAPALLE
village_585158,585158,TURUBONGULU
village_585159,585159,KITUMULA
village_585160,585160,BODDAPUTTU
village_585161,585161,MERAKALU
village_585162,585162,DONIPOLALU
village_585163,585163,VANCHULADURGAM
village_585164,585164,SAMPANGIPUTTU
village_585165,585165,BOKKELLU
village_585166,585166,BHEEMANUPALLE
village_585167,585167,GORRELAMETTA
village_585168,585168,PULLALAMAMIDI
village_585169,585169,LUMBURU
village_585170,585170,PUSALAPALEM
village_585171,585171,CHITTAMGARUVU
village_585172,585172,KILIMISINGI DURGAM
village_585173,585173,TAMMINGALA
village_585174,585174,PULIGONDI
village_585175,585175,PEDAGARUVU
village_585176,585176,LAKSHMIPURAM
village_585177,585177,PEDAGONDHI
village_585178,585178,GOSAIGONDHI
village_585179,585179,JADUGURU
village_585180,585180,VARATHANAPALLE
village_585181,585181,SOMAVARAM
village_585182,585182,SUDDAGARUVU
village_585183,585183,DONGALEGA
village_585184,585184,BODDAJUVVI
village_585185,585185,VEDURUPALLE
village_585186,585186,JOHARU
village_585187,585187,KATTUBANDA
village_585188,585188,VANTHALAPADU
village_585189,585189,PANASALAPADU
village_585190,585190,KURAMANAPAKALU
village_585191,585191,GOCHAPALLE
village_585192,585192,VOTTI BUSULU
village_585193,585193,GODUGULAMETTA
village_585194,585194,JANGAMPAKALU
village_585195,585195,DOMALAGONDHI
village_585196,585196,KOLANUBANDA
village_585197,585197,ANNAVARAM
village_585198,585198,KUMMARIVANCHALA
village_585199,585199,LOTHUGEDDA
village_585200,585200,MEDURU
village_585201,585201,CHERUKUMPAKALU
village_585202,585202,LINGALAGUDI
village_585203,585203,BANDABAYALU
village_585204,585204,KOTHAVURU
village_585205,585205,JUNNULU
village_585206,585206,PINAPADU
village_585207,585207,POTHURAJUGUMMALU
village_585208,585208,BENNAVARAM
village_585209,585209,REGALLU
village_585210,585210,PINAPADU
village_585211,585211,JEELUGUMETTA
village_585212,585212,PEDAKONDA
village_585213,585213,KADASILPA
village_585214,585214,TEEGALAMETTA
village_585215,585215,GODUGUMAMIDI
village_585216,585216,KOTHAPALEM
village_585217,585217,DEGALAPALEM
village_585218,585218,GODUGUMAMIDI
village_585219,585219,KAPPALU
village_585220,585220,BENNAVARAM
village_585221,585221,KARAKAPALLE
village_585222,585222,UMRASIGONDI
village_585223,585223,BHEEMASINGI
village_585224,585224,PEDAPAKALU
village_585225,585225,MAMIDIPALLE
village_585226,585226,DEBBAGARUVU
village_585227,585227,KINNERLA
village_585228,585228,VANGASARI
village_585229,585229,VURISINGI
village_585230,585230,KOLAPARI
village_585231,585231,CHINNA GEDDA
village_585232,585232,KANDULAGODI
village_585233,585233,MALLAVARAM
village_585234,585234,GADAPARI
village_585235,585235,GERRILAGADDA
village_585236,585236,CHAVATAPADU
village_585237,585237,VAMIGEDDA KOTHURU
village_585238,585238,PINA KOTHURU
village_585239,585239,CHERAPALLE
village_585240,585240,GENJIGEDDA
village_585241,585241,BAYALUKINCHANGI
village_585242,585242,VAMIGEDDA
village_585243,585243,PANDLIMAMIDI
village_585244,585244,CHADALAPADU
village_585245,585245,BOURTHY
village_585246,585246,SATHYAVARAM
village_585247,585247,GOYYALAMETTA
village_585248,585248,PASUVULABANDA
village_585249,585249,CHOWDUPALLE
village_585250,585250,CHADIPETA
village_585251,585251,ANTHARLA
village_585252,585252,BALAJIPETA
village_585253,585253,CHILAKALAMAMIDI
village_585254,585254,GANUGULAPADU
village_585255,585255,SALLAI
village_585256,585256,GENJIGEDDA
village_585257,585257,SADIKA
village_585258,585258,ROUTHUPAYALU
village_585259,585259,CHINTHALURU
village_585260,585260,BURISINGI
village_585261,585261,REGUBAILU
village_585262,585262,BUDIDAPADU
village_585263,585263,KORUKONDA
village_585264,585264,VANAJAJULU
village_585265,585265,BAYAPADU
village_585266,585266,BASANGI KOTHURU
village_585267,585267,LAMBADAMPALLE
village_585268,585268,VANTHAMAMIDI
village_585269,585269,RAJUBANDA
village_585270,585270,MARRICHETTU PAKALU
village_585271,585271,BANGARUGUMMI
village_585272,585272,CHINNA RAJUPAKALU
village_585273,585273,THALLAKOTA
village_585274,585274,LABBANGIKOTHAVEEDHI
village_585275,585275,LABBANGI
village_585276,585276,JANGAMPAKALU
village_585277,585277,BARIKADORAPAKALU @ RAJUPAKALU
village_585278,585278,MADIGUNTA
village_585279,585279,KRISHNAPURAM
village_585280,585280,TERAPALLE
village_585281,585281,YERRABOMMALU
village_585282,585282,NAGULAGONDI
village_585283,585283,LUBBAGUNTA
village_585284,585284,KIKKISALABANDA
village_585285,585285,KUDUPUSINGI
village_585286,585286,KOMMANGI
village_585287,585287,PAMULACHINTABANDA
village_585288,585288,PARIKALU
village_585289,585289,JANGAMBANDA
village_585290,585290,RELANGI
village_585291,585291,POLUGONTA
village_585292,585292,KORRABANDA
village_585293,585293,YERRAVARAM
village_585294,585294,SAMAGIRI
village_585295,585295,KOTHAVEEDHI
village_585296,585296,YERNABILI
village_585297,585297,DASUDUVEEDHI
village_585298,585298,GODUGUMAMIDI
village_585299,585299,ROLUGUNTA
village_585300,585300,THATIBANDA
village_585301,585301,RACHAPANASA
village_585303,585303,BORRAMAMIDI
village_585304,585304,KAGULABANDA
village_585305,585305,POTHURAJUGUNNALU
village_585306,585306,TOTAMAMIDI
village_585307,585307,PORLUBANDA
village_585308,585308,THATIPALEM
village_585309,585309,TAPPULAMAMIDI
village_585310,585310,BOYALAGUDEM
village_585311,585311,SEETHARAMAPURAM
village_585312,585312,YERRABANDA
village_585313,585313,JERRIGEDDA
village_585314,585314,YERRANABILLI
village_585315,585315,KONDAVANCHULA
village_585316,585316,CHINNABARADA
village_585317,585317,PEDABARADA
village_585318,585318,SIRIPURAM
village_585319,585319,DIGUVAPAKALU
village_585320,585320,GONDIPAKALU
village_585321,585321,ROWRIMTHADA
village_585322,585322,BADDIMETTA
village_585323,585323,CHITRALLAGOPPU
village_585324,585324,LAMMASINGI
village_585325,585325,NUTHIBANDA
village_585326,585326,ONA CHAKARAYABANDA
village_585327,585327,RAVIMANUPAKALU
village_585328,585328,BHEEMANAPALLE
village_585329,585329,ASIRADA
village_585330,585330,GATTUMPAKALU
village_585331,585331,TAJANGI
village_585332,585332,RACHAPANUKULU
village_585333,585333,PALADA
village_585334,585334,BOWDA
village_585335,585335,KITUMULA
village_585336,585336,RAKOTA
village_585337,585337,GANGAVARAM
village_585338,585338,BALABADRAM
village_585339,585339,PAKABU
village_585340,585340,PATHAPADU
village_585341,585341,KURUSINGI
village_585342,585342,TUREBONGALU
village_585343,585343,GUMMIDIPALEM
village_585344,585344,UBALAGARUVU
village_585345,585345,VOOKABANDA
village_585346,585346,BUSULAKOTA
village_585347,585347,SANIVARAM
village_585348,585348,CHINNAYYAPALEM
village_585349,585349,TAMARAPALLE
village_585350,585350,SINGAVARAM
village_585351,585351,SINGAVARAM KOTHURU
village_585352,585352,ANJALAM
village_585353,585353,USURUPUTTU
village_585354,585354,NIMMALAPALEM
village_585355,585355,GADDIBANDA
village_585356,585356,MULUSUBANDA
village_585357,585357,SHEEKAYABANDA
village_585358,585358,BUSIBANDA
village_585359,585359,PULIGONDHI
village_585360,585360,POLAMABANDA
village_585361,585361,CHEEMALABAYALU
village_585362,585362,VANDLAMAMIDI
village_585363,585363,JANGAMBUDDI
village_585364,585364,MUNTHAMAMIDI
village_585365,585365,NAGRAHARAM
village_585366,585366,BEMUDICHATRU
village_585367,585367,LAKKAVARAM
village_585368,585368,MATCHALAMAMIDI
village_585369,585369,GUNNAMAMIDI
village_585370,585370,MADIMABANDA
village_585371,585371,RAYIPALEM
village_585372,585372,THATIBANDA
village_585373,585373,NADIMIPALEM
village_585374,585374,KAPASUPADU
village_585375,585375,DOVARAPALLE
village_585376,585376,PALAMAMIDI
village_585377,585377,CHINTAPALLE (CT)
village_585378,585378,VALASAGEDDA
village_585379,585379,BUSIKONDA
village_585380,585380,PILLIGEDDA
village_585381,585381,KATRAGEDDA
village_585382,585382,SANTHA NEREDUPALLE
village_585383,585383,JONNAMAMIDI
village_585384,585384,CHALLANISILPA
village_585385,585385,ROSAIGUDA
village_585386,585386,DUPPALAWADA
village_585387,585387,KOMMARAPALLE
village_585388,585388,NEREDUPALLE
village_585389,585389,RALLAGEDDA
village_585390,585390,AGRAHARAM
village_585391,585391,PETRAI
village_585392,585392,GANGAVARAM
village_585393,585393,NARAMAMIDI GONDI
village_585394,585394,NIMMACHETTU
village_585395,585395,PILLIGONDI
village_585396,585396,GOLLAPALLE
village_585397,585397,CHINTALAWADA
village_585398,585398,PEDDAMMAGONDI
village_585399,585399,RALLAGEDDA
village_585400,585400,KONDRUPALLE
village_585401,585401,BODDALALAGONDI
village_585402,585402,GUDIMAMIDI
village_585403,585403,GILLIGONDI
village_585405,585405,GUNKUROLU
village_585406,585406,DABBAGONDI
village_585407,585407,NADIMIVEEDHI
village_585408,585408,PEBBAMPALLE
village_585409,585409,TADAKAPALLE
village_585410,585410,DURGAM
village_585411,585411,GODICHINTA
village_585412,585412,CHAMAGEDDA
village_585413,585413,REYYALAGEDDA
village_585414,585414,AMMAVARIDHARAKONDA
village_585415,585415,CHELAKAVEEDHI
village_585416,585416,JAJIPAKALU
village_585417,585417,YENUGUGONDI
village_585418,585418,KAKULAGEDDA
village_585419,585419,CHEKKALAMADDI
village_585420,585420,DARAKONDA
village_585421,585421,KOTTURU
village_585422,585422,YENUGUBAYALU
village_585423,585423,KONGAPAKALU
village_585424,585424,DABBAGEDDA
village_585425,585425,KOMMALAWADA
village_585426,585426,GORRELOVA
village_585427,585427,CHEEDIGUNTA
village_585428,585428,CHODIRAI
village_585429,585429,TOKARAI
village_585430,585430,CHINTAGOPPU
village_585431,585431,MADIMALLA
village_585432,585432,KOTHURUKOTA
village_585433,585433,ANNAVARAM
village_585434,585434,NELAJARATHA
village_585435,585435,KAKANURU
village_585436,585436,GUMMIREVULU
village_585437,585437,PARAMASINGAVARAM
village_585438,585438,KONDAJARTHA
village_585439,585439,BATHUNURU
village_585440,585440,GALIKONDA
village_585441,585441,MUDDULA BUSIKONDA
village_585442,585442,JAMPALOVA
village_585443,585443,S.KOTHURU
village_585444,585444,SAPRLA
village_585445,585445,LANKAPAKALU
village_585446,585446,PANASAPALLE
village_585447,585447,MARRIPALEM
village_585448,585448,MUNAGARAPALLE
village_585449,585449,SIRIBALA
village_585450,585450,ADAGARAPALLE
village_585451,585451,JERRILAKOTHURU
village_585452,585452,JERRILA
village_585453,585453,GUDIWADA
village_585454,585454,MONDIGEDDA
village_585455,585455,NEMMATHOTAPALEM
village_585456,585456,BURUGUPAKALU
village_585457,585457,KOTHAWADA
village_585458,585458,GINJANGI
village_585459,585459,VANABALINGAM
village_585460,585460,GAIGAMPALLE
village_585461,585461,KONDAKICHANGI
village_585462,585462,LUBBAGUNTA
village_585463,585463,PANASAPALLE
village_585464,585464,NITTAMAMIDI PALEM
village_585465,585465,CHINTALAPADU
village_585466,585466,VANTHADAPALLE
village_585467,585467,VEERAVARAM
village_585468,585468,KOTHAPALEM
village_585469,585469,VANCHULA
village_585470,585470,KONDAWADA
village_585471,585471,KORAPALLE
village_585472,585472,PANASALAPADU
village_585473,585473,CHERAPALLE
village_585474,585474,GONDIPALLE
village_585475,585475,KOTHAPALLE
village_585476,585476,BODDAMANUPAKALU
village_585477,585477,BODDAMANUPAKALU
village_585478,585478,GUDEM PATHA VEEDHI
village_585479,585479,AGRAHARAM
village_585480,585480,VADAMAMIDI
village_585481,585481,BODDAMAMIDI
village_585482,585482,KUNKKUMPUDI
village_585483,585483,GUMMALAGONDI
village_585484,585484,TEEMULABANDA
village_585485,585485,PUJARIPAKALU
village_585486,585486,GUDEM KOTHA VEEDHI
village_585487,585487,KAMPAMANUPAKALU
village_585488,585488,ETAROBBULU
village_585489,585489,BUSULU
village_585490,585490,PEDAPADU
village_585491,585491,SAGULU
village_585492,585492,LAKKAVARAM
village_585493,585493,PATHA YERRAGEDDA
village_585494,585494,YERRACHERUVULU
village_585495,585495,BADASALLU
village_585496,585496,DOKULURU
village_585497,585497,KOKKITAPADU
village_585498,585498,RAMPULU
village_585499,585499,CHAPARATHIPALEM
village_585500,585500,THURUMAMIDI
village_585501,585501,NERUDUBANDA
village_585502,585502,LAKKAVARAPUPETA
village_585503,585503,BOYALAPALEM
village_585504,585504,GARIKIBANDA
village_585505,585505,PEDDAVALASA
village_585506,585506,JADUMURU
village_585507,585507,GOMUVADA
village_585508,585508,VASUWADA
village_585509,585509,CHITTAMAMIDI
village_585510,585510,CHINNAJADUMURU
village_585511,585511,DENGURAI
village_585512,585512,GANDEPALLE
village_585513,585513,SANKADAKOTHURU
village_585514,585514,NIMMALAPALEM
village_585515,585515,SURAVARAM
village_585516,585516,KODISINGI
village_585517,585517,MANGALAPALEM
village_585518,585518,DEVARAPALLE
village_585519,585519,JANGAMPADU
village_585520,585520,GUNALANKA
village_585521,585521,VUSURUGUDEM
village_585522,585522,YERNABILLI
village_585523,585523,KOTNABILLI
village_585524,585524,SANKADA
village_585525,585525,ASURODDA
village_585526,585526,RINTHADA
village_585527,585527,DUCHARAPALEM
village_585528,585528,YEBULUM
village_585529,585529,RAMAGEDDA
village_585530,585530,NEELAVARAM
village_585531,585531,BONAMPALLE
village_585532,585532,GUDEM COLONY
village_585533,585533,KOTHAGUDEM
village_585534,585534,R.V.NAGAR
village_585535,585535,YERRAVARAM
village_585536,585536,CHAPAGEDDA
village_585537,585537,KADUGULU
village_585538,585538,PARIKALA
village_585539,585539,RAJUMANUPAKALU
village_585540,585540,KIMULABANDA
village_585541,585541,PEDAKOTHURU
village_585542,585542,KODISINGI
village_585543,585543,DODDIKONDA
village_585544,585544,KATTUPALLE
village_585545,585545,LINGAVARAM
village_585546,585546,MADEM
village_585547,585547,DAMANAPALLE
village_585548,585548,PIPPALADODDI
village_585549,585549,SIGNAPALLE
village_585550,585550,ANNAVARAM
village_585551,585551,UPPER SILERU PROJECT SITE CAMP (CT)
village_585552,585552,VALUGUDEM
village_585553,585553,MATTAM BHIMAVARAM
village_585554,585554,VUDUTHA
village_585555,585555,KOMMANURU
village_585556,585556,CHEEDIKOTA
village_585557,585557,PUTTAKOTA
village_585558,585558,PEDALANKA KOTHURU
village_585559,585559,MANDIPALLE
village_585560,585560,JERRIGONDI
village_585561,585561,MARRIPAKALU
village_585562,585562,RAVULAKOTA
village_585563,585563,PAKALAJEEDI
village_585564,585564,YERRAGONDA
village_585565,585565,ULLIGUNTA
village_585566,585566,U.CHEEDIPALEM
village_585567,585567,POKALAPALEM
village_585568,585568,PUNUKURU
village_585569,585569,KANNAVARAM
village_585570,585570,NALLABILLI
village_585571,585571,ANNAVARAM
village_585572,585572,GARIMANDA
village_585573,585573,MUKUDUPALLE
village_585574,585574,KINDANGI
village_585575,585575,CHOWDIPALLE
village_585576,585576,BUDARALLA
village_585577,585577,BUDARALLA KOTHURU
village_585578,585578,GUDAPALLE
village_585579,585579,PIDATHAMAMIDI
village_585580,585580,JOGAMPETA
village_585581,585581,SOLABU
village_585582,585582,MARRIWADA
village_585583,585583,PEDDINIPALEM
village_585584,585584,BALABADRAPADU
village_585585,585585,SAKULAPALEM
village_585586,585586,VANTHAMARRI
village_585587,585587,PITTALAPADU
village_585588,585588,PIDUGURAI
village_585589,585589,BALAREVULU
village_585590,585590,LUSAM
village_585591,585591,GOLLIVALASA
village_585592,585592,THALLAPALEM
village_585593,585593,NAKKALAPADU
village_585594,585594,DODDAVARAM
village_585595,585595,SURENDRAPALEM
village_585596,585596,KINCHAVANIPALEM
village_585597,585597,KOYYURU PATHAPADU
village_585598,585598,CHINTUVANIPALEM
village_585599,585599,DIBBALAPALEM
village_585600,585600,GANGAVARAM
village_585601,585601,MAMPA
village_585602,585602,REVALLU
village_585603,585603,NIMMALAPALEM
village_585604,585604,SANTHA KIRLAMPADU
village_585605,585605,KOYYURU
village_585606,585606,SANIVARAPPADU
village_585607,585607,RAJENDRAPALEM
village_585608,585608,CHEEDIPALEM
village_585609,585609,SINGAVARAM
village_585610,585610,POTHAVARAM
village_585611,585611,PANASALAPADU
village_585612,585612,NADIMPALEM
village_585613,585613,GINJARTHI
village_585614,585614,CHINTALAPUDI
village_585615,585615,LUBBARTHI
village_585616,585616,NALLAGONDA
village_585617,585617,NIMMALAGONDI
village_585618,585618,TENKALA PANUKULU
village_585619,585619,KOTHAPALLE
village_585620,585620,DOMALAGONDI
village_585621,585621,YEDDUMAMIDI SINGHADARA
village_585622,585622,KATRAGEDDA
village_585623,585623,GANERLAPALEM
village_585624,585624,GAMAKONDA
village_585625,585625,KAMPAREGULU
village_585626,585626,SURAMANDA
village_585627,585627,BANGARUPALEM
village_585628,585628,MOGALIDODDI
village_585629,585629,BENNAVARAM
village_585630,585630,BANGARAYYAPADU
village_585631,585631,NIMMAGEDDA
village_585632,585632,AGRAHARAM
village_585633,585633,VELAGALAPALEM
village_585634,585634,KOTHAPALEM
village_585635,585635,THADICHETLAPALEM
village_585636,585636,SEEKAYIPALEM
village_585637,585637,RAVIMANUPALEM
village_585638,585638,SARABHANNA PALEM
village_585639,585639,BATTUMETTA
village_585640,585640,TEEGALAMETTA
village_585641,585641,BATTAPANUKULU
village_585642,585642,NADIMPALEM
village_585643,585643,KATHIRALLODDI
village_585644,585644,THOTALURU
village_585645,585645,NALLAGONDA
village_585646,585646,TULABADA
village_585647,585647,DOWNURU
village_585648,585648,SUDDALAPALEM
village_585649,585649,GUMMADIMANUPALEM
village_585650,585650,KONDASANTHA
village_585651,585651,KOTHAGADABAPALEM
village_585652,585652,RAMAPURAM
village_585653,585653,MULAPETA
village_585654,585654,BONKULAPALEM
village_585655,585655,MARRIPALEM
village_585656,585656,RAMANNAPALEM
village_585657,585657,RELLALAPALEM
village_585658,585658,RABBASINGI
village_585659,585659,DHARMAVARAM
village_585660,585660,MALLAVARAM
village_585661,585661,KOTHURU
village_585662,585662,GADABAPALEM
village_585663,585663,CHITTEMPADU
village_585664,585664,RAMANNAPALEM
village_585665,585665,JAMMAVARAM
village_585666,585666,BANDIVALASA
village_585667,585667,GOPAVARAM
village_585668,585668,LINGAPURAM
village_585669,585669,GANUGULA
village_585670,585670,PEDAMAKAVARAM
village_585671,585671,RAMARAJUPALEM
village_585672,585672,VALASAMPETA
village_585673,585673,KINAPARTHI
village_585674,585674,BHEEMAVARAM
village_585675,585675,MULAGALAMETTA
village_585676,585676,RAJUPETA
village_585677,585677,BALUSUKURA PAKALU
village_585678,585678,ANTHADA
village_585679,585679,GUMMALAPALEM
village_585680,585680,BANGARAMMAPETA
village_585681,585681,PARADESIPAKALU
village_585682,585682,YERRINAIDU PAKALU
village_585683,585683,KOPPUKONDA
village_585684,585684,RAVIMANUPAKALU
village_585685,585685,RAVANAPALLE
village_585686,585686,KITHALOVA
village_585687,585687,KOMMIKA
village_585688,585688,ADAKULA
village_585689,585689,KANTHARAM
village_585690,585690,BALARAM
village_585691,585691,PADI
village_585692,585692,RATNAMPETA
village_585693,585693,KONDAGOKIRA
village_585694,585694,VALASARAJUPADU
village_585695,585695,GANTAVARI KOTHAGUDEM
village_585696,585696,CHAPPIDI MAMIDI
village_585697,585697,BOUTHUVALASA
village_585698,585698,GODUGULA MANUBANDA
village_585699,585699,BOINTI
village_585700,585700,DARAGEDDA
village_585701,585701,THATIMANUBANDA
village_585702,585702,KUMBARLUBANDA
village_585703,585703,PUTURUGEDDA
village_585704,585704,PARLUBANDA
village_585705,585705,JONNAMAMIDI
village_585706,585706,DHONIPALEM
village_585707,585707,TAPPLIMAMIDI
village_585708,585708,SITHARAMPADU
village_585709,585709,YERRABILLI
village_585710,585710,DADDUGULA
village_585711,585711,ROLANGI
village_585712,585712,LANKAVEEDHI
village_585713,585713,CHATARAI
village_585714,585714,KURUVADA
village_585715,585715,CHAMMACHINTA
village_585716,585716,VOOTAMALLA
village_585717,585717,VALASAMPETA
village_585718,585718,ADIVIKAMAYYA AGRAHARAM
village_585719,585719,YELLAVARAM DONDAPETA
village_585720,585720,DONKADA AGRAHARAM
village_585721,585721,MULAGAPUDI BENNAVARAM
village_585722,585722,CHERLOPALEM
village_585723,585723,ZILLEDIPUDI
village_585724,585724,KESAVARAM AGRAHARAM
village_585725,585725,NATHAVARAM
village_585726,585726,CHINA JAGGAMPETA
village_585727,585727,POTTINAGANNADORA PALEM
village_585728,585728,KALAVAVODDU SARABHAVARAM
village_585729,585729,BURADAPALLE AGRAHARAM
village_585730,585730,GUMMIDIGONDA
village_585731,585731,KRISHNAPURA AGRAHARAM
village_585732,585732,SARUGUDU
village_585733,585733,VEDURUPALLE
village_585734,585734,GOLUGONDAPETA
village_585735,585735,GUNUPUDI
village_585736,585736,DHARMAVARAM AGRAHARAM
village_585737,585737,PEDAJAGGAMPETA
village_585738,585738,PICHCHIGANTI KOTHAGUDAM
village_585739,585739,SARABHOOPATI AGRAHARAM
village_585740,585740,SARABHOOPALA PATNAM
village_585741,585741,RAMACHANDRARAJU AGRAHARAM
village_585742,585742,KODAVATIPUDI AGRAHARAM
village_585743,585743,RAJUPETA AGRAHARAM
village_585744,585744,MANYAPURATLA
village_585745,585745,ANANTHA PADMANABHAPURAM
village_585746,585746,SRUNGAVARAM
village_585747,585747,MALLUBHUPALA PATNAM
village_585748,585748,CHOLLANGIPALEM
village_585749,585749,YERAKABHOOPATI AGRAHARAM
village_585750,585750,PEDABHAIRAVABHOOPATI AGRAHARAM
village_585751,585751,VEERABHUPATI AGRAHARAM
village_585752,585752,GANNAVARAM
village_585753,585753,CHEEDIKADA
village_585754,585754,KUMARAPURAM
village_585755,585755,KONKASINGI
village_585756,585756,AGENCY LAXMIPURAM
village_585757,585757,KRISHNADEVIPETA
village_585758,585758,THALLACHEEDIKADA
village_585759,585759,CHODYAM
village_585760,585760,KOTHAMALLEMPETA
village_585761,585761,LINGAMDORA PALEM
village_585762,585762,GOLUGONDA
village_585763,585763,KOTHAPALEM
village_585764,585764,DARAPALEM
village_585765,585765,PATHAMALLEMPETA
village_585766,585766,NAGANNADORAPALEM
village_585767,585767,PAPPUSETTIPALEM
village_585768,585768,YARRAVARAM
village_585769,585769,NALLANKI
village_585770,585770,PALLAPU NAGANNADORA PALEM
village_585771,585771,SEETHAKANDI
village_585772,585772,MUNGERLAPALEM
village_585773,585773,KOMIRA
village_585774,585774,PAKALAPADU
village_585775,585775,POLAVARAM
village_585776,585776,CHEEDIGUMMALA
village_585777,585777,YARAKAMPETA
village_585778,585778,GUNDUPALA
village_585779,585779,KOTHA YELLAVARAM
village_585780,585780,KARAKA
village_585781,585781,JAMMADEVIPETA
village_585782,585782,AMMAPETA
village_585783,585783,GADAMPALEM
village_585784,585784,GOPALAPATNAM
village_585785,585785,POGACHETLAPALEM
village_585786,585786,VADAPARTHI
village_585787,585787,JAMMAVARAM
village_585788,585788,KASIMI
village_585789,585789,VEERABHUPALA PATNAM
village_585790,585790,NEELAMPETA
village_585791,585791,GABBADA
village_585792,585792,GURAMDORAPALEM
village_585793,585793,CHETTUPALLE
village_585794,585794,ORDINARY LAXMIPURAM
village_585795,585795,BALIGHATTAM
village_585796,585796,DHARMASAGARAM
village_585797,585797,DUGGADA
village_585798,585798,VEMULAPUDI
village_585799,585799,AMALAPURAM
village_585800,585800,YERAKANNAPALEM
village_585801,585801,NARSIPATNAM (CT)
village_585802,585802,PEDA BODDEPALLE (CT)
village_585803,585803,PEDAPETA
village_585804,585804,KORUPROLU
village_585805,585805,MOKHASA KOTHAPATNAM
village_585806,585806,BENNA BHUPALA PATNAM
village_585807,585807,RATNAMPETA
village_585808,585808,BOTTAVANIGAVIRAM PETA
village_585809,585809,GANGAVARAM
village_585810,585810,PANASALAPADU
village_585811,585811,ARLA
village_585812,585812,CHINTALAPUDI
village_585813,585813,RAJANNAPETA
village_585814,585814,SARABAVARAM
village_585815,585815,YERRABHUPALAPATNAM
village_585816,585816,LOSINGI
village_585817,585817,KONTHALAM
village_585818,585818,ADDASARAM
village_585819,585819,KANCHUGUMMALA
village_585820,585820,GUNDUBADU
village_585821,585821,JAGGAMPETA
village_585822,585822,KOMARAVOLU
village_585823,585823,VEDULLAVALASA
village_585824,585824,KOVVURU
village_585825,585825,VADDIPPA
village_585826,585826,BUTCHAMPETA
village_585827,585827,GURRAMPETA
village_585828,585828,NINDUGONDA
village_585829,585829,ROLUGUNTA
village_585830,585830,KONDAPALEM
village_585831,585831,JANAKIRAMPURAM AGRAHARAM
village_585832,585832,KUSARLAPUDI
village_585833,585833,CHALISINGAM @ DEMUDUKONDA
village_585834,585834,CHEEMALAPADU
village_585835,585835,DHARMAVARAM
village_585836,585836,Z.KOTHAPATNAM
village_585837,585837,Z.BENNAVARAM
village_585838,585838,T.ARJAPURAM
village_585839,585839,KOTNABILLI
village_585840,585840,BADANAPADU
village_585841,585841,KAVAGUNTA
village_585842,585842,BUDDIBANDA
village_585843,585843,KRISHNABHUPALA PURAM AGRAHARAM
village_585844,585844,MATSYAPURAM
village_585845,585845,KOMIRA
village_585846,585846,CHINAPACHILA
village_585847,585847,GUMMALLAPADU
village_585848,585848,PEDAPACHILA
village_585849,585849,GARNIKAM
village_585850,585850,RAVIKAMATHAM
village_585851,585851,GUDIWADA
village_585852,585852,MARUPAKA
village_585853,585853,MEDIVADA
village_585854,585854,KANADA
village_585855,585855,DIDDI
village_585856,585856,GOGAMCHEEDIPALLE
village_585857,585857,MACHCHAVANIPALEM
village_585858,585858,DONDAPUDI
village_585859,585859,KOTHAKOTA
village_585860,585860,MARRIVALASA
village_585861,585861,PULAKANDAM PONAVOLU
village_585862,585862,GUDDIPA
village_585863,585863,GOMPA
village_585864,585864,TATTABANDA
village_585865,585865,TOTAKURAPALEM
village_585868,585868,DEGALAPALEM
village_585869,585869,MADDULAPALEM
village_585870,585870,RAVIPALEM
village_585871,585871,GOPPULAPALEM
village_585872,585872,KAMAKUTAM
village_585873,585873,SANKARAM
village_585874,585874,TATIPARTHI
village_585875,585875,KURMANADHAPURAM
village_585876,585876,CHINA KURMAM
village_585877,585877,MADUGULA KODURU
village_585878,585878,MADUGULA
village_585879,585879,PAPPUSETTISERI
village_585880,585880,KASPA JAGANNADHAPURAM
village_585881,585881,VANTARLAPALEM
village_585882,585882,MUKUNDAPURAM
village_585883,585883,MADUGULAKOTAPADU
village_585884,585884,M.K.VALLAPURAM
village_585885,585885,JAMPENA
village_585886,585886,SATYAVARAM
village_585887,585887,SAGARAM
village_585888,585888,LOVAGAVARA VARAM
village_585889,585889,LOVA KRISHNAPURAM
village_585890,585890,LOVA KOTHAPALLE
village_585891,585891,MEDAVEEDU
village_585892,585892,PITTAGEDDA
village_585893,585893,JALAMPALLE
village_585894,585894,CHINA SARADA
village_585895,585895,KAGITHA
village_585896,585896,PEDA SARADA
village_585897,585897,ANUKURU
village_585898,585898,CHINA GORRIGEDDA
village_585899,585899,PEDA GORRIGEDDA
village_585900,585900,TIRUVADA
village_585901,585901,AVURUVADA
village_585902,585902,SANGHYAM
village_585903,585903,KINTHALI VALLAPURAM
village_585904,585904,LOVA PONNAVOLU
village_585905,585905,JAMMADEVIPETA
village_585906,585906,KINTHALI
village_585907,585907,PONGALIPAKA
village_585908,585908,P.SIVARAM PURAM
village_585909,585909,VOMMALI JAGANNADHAPURAM
village_585910,585910,MOKSHA KRISHNAPURAM
village_585911,585911,VOMMALI
village_585912,585912,GADIRAI
village_585913,585913,VEERANARAYANAM
village_585914,585914,CHINTALURU
village_585915,585915,GOTIVADA AGRAHARAM
village_585916,585916,YERUKUVADA
village_585917,585917,LAKSHMIPURAM
village_585918,585918,VEERAVILLI
village_585919,585919,BHAGAVATHULA AGRAHARAM
village_585920,585920,POTHANAPUDI ARAHARAM
village_585921,585921,VEERABHADRAPETA
village_585922,585922,KONDASOMPURA AGRAHARAM
village_585923,585923,KONAM
village_585924,585924,MANCHALA
village_585925,585925,CHEEDIKADA
village_585926,585926,VEERAPURAJUPETA
village_585927,585927,VELLANKI
village_585928,585928,NEELAMPETA
village_585929,585929,CHEEDIPALLE AGRAHARAM
village_585930,585930,ARJUNAGIRI AGRAHARAM
village_585931,585931,TURUVOLU
village_585932,585932,TANGUDUBILLI
village_585933,585933,G.KOTHAPALLE
village_585934,585934,JAITHAVARAM
village_585935,585935,SIRIJAM
village_585936,585936,KHANDIVARA AGRAHARAM
village_585937,585937,LINGABHUPALA PATNAM
village_585938,585938,APPALARAJUPURAM
village_585939,585939,BYLAPUDI SINGAVARAM
village_585940,585940,BYLAPUDI
village_585941,585941,DIBBAPALEM
village_585942,585942,KATTUVARI AGRAHARAM
village_585943,585943,DANDI SURAVARAM
village_585944,585944,TUNI VALASA
village_585945,585945,VINTIPALEM
village_585946,585946,ADVI AGRAHARAM
village_585947,585947,CHINAGOGADA
village_585948,585948,PEDAGOGADA AGRAHARAM
village_585949,585949,CHETTUPALLE
village_585950,585950,TUNIVALASA BHUPATIPALEM
village_585951,585951,VARAHAPURA AGRAHARAM
village_585952,585952,J.B.PURAM
village_585953,585953,CHUKKAPALLE
village_585954,585954,SEETHARAMPURA AGRAHARAM
village_585955,585955,VALABU
village_585956,585956,CHINAGANGAVARAM
village_585957,585957,SAMBUVANIPALEM
village_585958,585958,DEVARAPALLE
village_585959,585959,BETHAPUDI
village_585960,585960,RAIWADA
village_585961,585961,GORUPALEM
village_585962,585962,LOVARAYAPURAJU PETA
village_585963,585963,LOVAMUKUNDAPURAM
village_585964,585964,BODDAPADU
village_585965,585965,TAMARABBA
village_585966,585966,SAMMEDA
village_585967,585967,CHINTALAPUDI
village_585968,585968,KONDAKODABU
village_585969,585969,PALLAPUKODABU
village_585970,585970,JUTTADAPALEM
village_585971,585971,PEDASOMPURAM
village_585972,585972,CHINASOMPURAM
village_585973,585973,NAGAYYAPETA
village_585974,585974,SEETAMPETA
village_585975,585975,KASIPURAM
village_585976,585976,CHINANANDIPALLE
village_585977,585977,KASIPATHIRAJUPURAM
village_585978,585978,MUSHIDIPALLE
village_585979,585979,ALAMANDAKOTHAPALLE
village_585980,585980,PEDANANDIPALLE AGRAHARAM
village_585981,585981,SIVARAMACHAINULAPALEM
village_585982,585982,CHAINULAPALEM
village_585983,585983,MAREPALLE
village_585984,585984,TENUGUPUDI
village_585985,585985,GARISINGI
village_585986,585986,VENKATARAJUPURAM
village_585987,585987,VAKAPALLE
village_585988,585988,TARUVA
village_585989,585989,ALAMANDA
village_585990,585990,NARASIMHA GAJAPATHINAGARAM
village_585991,585991,VECHALAM
village_585992,585992,MAMIDIPALLE
village_585993,585993,THIMIRAM
village_585994,585994,KALIGOTLA
village_585995,585995,BOILAKINTADA
village_585996,585996,MULAKALAPALLE
village_585997,585997,KOTHAPENTA
village_585998,585998,ALAMANDA BHEEMAVARAM
village_585999,585999,ALAMANDAKODURU
village_586000,586000,VARADA
village_586001,586001,POTHANAVALASA AGRAHARAM
village_586002,586002,UGGINAVALASA
village_586003,586003,RAMAYOGI AGRAHARAM
village_586004,586004,KORUVADA JAGANNADHAPURAM
village_586005,586005,KORUVADA
village_586006,586006,GAVARAPALEM
village_586007,586007,DEEKSHITULA AGRAHARAM
village_586008,586008,PINDRANGI
village_586009,586009,SRUNGAVARAM
village_586010,586010,MARRIVALASA
village_586011,586011,DALIVALASA
village_586012,586012,SINGANNADORAPALEM
village_586013,586013,SURIDDIPALEM
village_586014,586014,MEDICHERLA
village_586015,586015,RONGALINAIDUPALLE
village_586016,586016,PAIDAMPETA
village_586017,586017,CHOWDUVADA
village_586018,586018,GARUGUBILLI
village_586019,586019,GULLEPALLE
village_586020,586020,GONDUPALEM
village_586021,586021,KINTADAKOTAPADU
village_586022,586022,KINTADA
village_586023,586023,ARLE
village_586024,586024,SANTHAPALEM
village_586025,586025,KAVI KONDA AGRAHARAM
village_586026,586026,PATHAVALASA
village_586027,586027,GOTLAM
village_586028,586028,SUDIVALASA
village_586029,586029,CHANDRAYYAPETA
village_586030,586030,BANGARAMMAPALEM
village_586031,586031,SIRASAPALLEADDURU
village_586032,586032,RAYAPURAM AGRAHARAM
village_586033,586033,TEKKALIPALEM
village_586034,586034,VANGALI
village_586035,586035,ANTAKAPALLE
village_586036,586036,AYYANNAPALEM
village_586037,586037,ELLUPPI
village_586038,586038,BODUVALASA
village_586039,586039,GULLIPALLE
village_586040,586040,MOGALIPURAM
village_586041,586041,SABBAVARAM AGRAHARAM
village_586042,586042,SABBAVARAM
village_586043,586043,GOTIVADA
village_586044,586044,GALI BHIMAVARAM
village_586045,586045,LAGISETTIPALEM
village_586046,586046,ARIPAKA
village_586047,586047,NALLAREGULAPALEM
village_586048,586048,NARAPADU
village_586049,586049,DONGALAMARRI SITARAMPURAM
village_586050,586050,BATAJANGALAPALEM
village_586051,586051,PYDIVADA AGRAHARAM
village_586052,586052,PYDIVADA
village_586053,586053,YERUKUNAIDUPALEM
village_586054,586054,ASAKAPALLE
village_586055,586055,IRUVADA
village_586056,586056,AMRUTAPURAM
village_586057,586057,CHINTAGATLA AGRAHARAM
village_586058,586058,VIPPAKAAGRAHARAM
village_586059,586059,GOLLALAPALEM
village_586060,586060,GORAPALLE
village_586061,586061,SARIPALLE
village_586062,586062,MUDAPAKA
village_586063,586063,GURRAMPALEM
village_586064,586064,RAJAYYAPETA
village_586065,586065,JUTHADA
village_586066,586066,VALIMERAKA
village_586067,586067,SOWBHAGYA RAYAPURAM
village_586068,586068,RAMPURAM
village_586069,586069,PINAGADI
village_586070,586070,PEDDAGADI
village_586071,586071,CHINTAGATLA
village_586072,586072,JERRIPOTHULAPALEM
village_586073,586073,CHEEMALAPALLE (R)
village_586074,586074,LAKSHMI PURAM (R)
village_586075,586075,PEKERU
village_586076,586076,SIRLAPALEM
village_586077,586077,MUKUNDAPURAM
village_586078,586078,BONI
village_586079,586079,KUSULUVADA
village_586080,586080,GOTTIPALLE
village_586081,586081,JAGANNADHAPURAM
village_586082,586082,BAKURUPALEM
village_586083,586083,MUTCHERLA
village_586084,586084,TANGUDUBILLI
village_586085,586085,KOLAVANIPALEM
village_586086,586086,BHEEMANNADORAPALEM
village_586087,586087,RAMAVARAM
village_586088,586088,GANDIGUNDAM
village_586089,586089,DABBANDA
village_586090,586090,MAMIDILOVA
village_586091,586091,GANGASANI AGRAHARAM
village_586092,586092,NARAYANA GAJAPATHIRAJUPURAM
village_586093,586093,KANAMAM
village_586094,586094,GORINTA
village_586095,586095,GIDIJALA
village_586096,586096,SONTYAM
village_586097,586097,GUDILOVA
village_586098,586098,TARLUVADA
village_586099,586099,PALAVALASA
village_586100,586100,PANDALAPAKA
village_586101,586101,CHANDAKA
village_586102,586102,ANANDAPURAM
village_586103,586103,VEMULAVALASA
village_586104,586104,PEDDIPALEM
village_586105,586105,VELLANKI
village_586106,586106,GAMBHEERAM
village_586107,586107,TUNIVALASA
village_586108,586108,NERELLAVALASA
village_586109,586109,CHINNAPURAM
village_586110,586110,AYINADA
village_586111,586111,BAPIRAJUTALLAVALASA
village_586112,586112,KORADA
village_586113,586113,JANAKIDEVIPURAM
village_586114,586114,BUDDIVALASA
village_586115,586115,BUDDIVALASA AGRAHARAM
village_586116,586116,NARASAPURAM
village_586117,586117,REDDIPALLE AGRAHRAM
village_586118,586118,POTNURU
village_586119,586119,BHANDEVUPURAM
village_586120,586120,VIJAYARAMPURAM
village_586121,586121,THIMMAPURAM
village_586122,586122,GANDHAVARAM
village_586123,586123,KOVVADA
village_586124,586124,PENTA
village_586125,586125,ANANTHAVARAM
village_586126,586126,MADDI
village_586127,586127,PADMANABHAM
village_586128,586128,KRISHNAPURAM
village_586129,586129,PANDRANGI
village_586130,586130,VENKATAPURAM
village_586131,586131,REVIDI
village_586132,586132,BODAMETLAPALEM
village_586133,586133,DAKAMARRI
village_586134,586134,NARAYANARAJUPETA
village_586135,586135,SINGANABANDA
village_586136,586136,MAJJIVALASA
village_586137,586137,TATITURU
village_586138,586138,NAGARAPALEM
village_586139,586139,CHIPPADA
village_586140,586140,AMANAM
village_586141,586141,ANNAVARAM
village_586142,586142,TALLAVALASA (PART)
village_586143,586143,KOTHAVALASA
village_586144,586144,JAYANTHIVANI AGRAHARAM
village_586145,586145,RAMAYOGI AGRAHARAM
village_586146,586146,NIDIGATTU
village_586147,586147,KAPULUPPADA
village_586148,586148,CHEPALAPPADA
village_586149,586149,NERELLAVALASA (PART)
village_586150,586150,MULAKUDDU (CT)
village_586151,586151,KANNURU
village_586152,586152,PEDAMUSIDIVADA
village_586153,586153,THADI
village_586154,586154,DONKADA
village_586155,586155,PEDAMADAKA
village_586156,586156,PINAMADAKA
village_586157,586157,JAGANNADHAPURAM AGRAHARAM
village_586158,586158,LEMARTHI AGRAHARAM
village_586159,586159,PONNURUAGRAHARAM
village_586160,586160,THANAM
village_586161,586161,EDULAPAKA BONANGI
village_586162,586162,PENTASEEMA BONANGI
village_586163,586163,PAYAKARAO BONANGI
village_586164,586164,PARAVADA
village_586165,586165,BHARINIKAM
village_586166,586166,RAVADA
village_586167,586167,SWAYAMBUVARAM
village_586168,586168,KALAPAKA
village_586169,586169,CHEEPURUPALLE (WEST)
village_586170,586170,CHEEPURUPALLE (EAST )
village_586171,586171,METTAPALEM
village_586172,586172,JAGANNADHAPURAM
village_586173,586173,TAGARAMPUDI
village_586174,586174,VOODERU
village_586175,586175,ALLIKHANUDUPALEM
village_586176,586176,MAMIDIPALEM
village_586177,586177,PAPAYYA SANTHA PALEM
village_586178,586178,PAPAYYA PALEM
village_586179,586179,KONDUPALEM
village_586180,586180,CHINTANIPPULA AGRAHARAM
village_586181,586181,MAKAVARAM
village_586182,586182,MARTURU
village_586183,586183,SEETHANAGARAM
village_586184,586184,KUNCHANGI
village_586185,586185,KUNDRAM
village_586186,586186,VENKUPALEM
village_586187,586187,VETAJANGALAPALEM
village_586188,586188,SAMPATHIPURAM
village_586189,586189,PISINIKADA
village_586190,586190,THUMMAPALA
village_586191,586191,REBAKA
village_586192,586192,KODURU
village_586193,586193,GOPALAPURAM
village_586194,586194,MAREDUPUDI
village_586195,586195,MAREDUPUDI AGRAHARAM
village_586196,586196,KOPPAKA
village_586197,586197,BHATLAPUDI
village_586198,586198,GOLAGAM
village_586199,586199,SANKARAM
village_586200,586200,VALLURU
village_586201,586201,RAJUPALEM
village_586202,586202,BOWLUVADA (CT)
village_586203,586203,LAXMIPURAM
village_586204,586204,DAMUNAPALLE
village_586205,586205,MYCHERLAPALEM
village_586206,586206,KHANDIPALLE
village_586207,586207,GAVARAVARAM
village_586208,586208,LAKKAVARAM
village_586209,586209,ADDURU
village_586210,586210,SEEMUNAPALLE
village_586211,586211,JUTTADA
village_586212,586212,ANNAVARAM
village_586213,586213,VENKAYYAGARIPETA
village_586214,586214,NARASAYYAPETA
village_586215,586215,GOWRIPATNAM
village_586216,586216,SREERAMPATNAM
village_586217,586217,ANKUPALEM
village_586218,586218,GAJAPATHINAGARAM
village_586219,586219,AMBERUPURAM
village_586220,586220,RAYAPURAJUPETA
village_586221,586221,DUDDUPALEM
village_586222,586222,VENKANNAPALEM
village_586223,586223,GOVADA
village_586224,586224,PAKIRSAHEBPETA
village_586225,586225,BENNAVOLU
village_586226,586226,JANNAVARAM
village_586227,586227,THIMMANNAPALEM
village_586228,586228,CHAKIPALLE
village_586229,586229,BHOGAPURAM
village_586230,586230,MUDDURTHI
village_586231,586231,M.KOTHAPALLE
village_586232,586232,GANDHAVARAM
village_586233,586233,CHODAVARAM (CT)
village_586234,586234,LALURU
village_586235,586235,LOPUDI
village_586236,586236,LINGABHUPALA PURAM AGRAHARAM
village_586237,586237,MANGALAPURAM
village_586238,586238,VIJAYARAMARAJUPETA
village_586239,586239,VADDADI
village_586240,586240,CHINAPPANNAPALEM
village_586241,586241,POLEPALLE
village_586242,586242,DIBBIDI
village_586243,586243,P. BHEEMAVARAM
village_586244,586244,L.SINGAVARAM
village_586245,586245,POTTIDORAPALEM
village_586246,586246,NIMMALOVA
village_586247,586247,BHATLOVA
village_586248,586248,GANTIKORLAM
village_586249,586249,KOMALLAPUDI
village_586250,586250,KONDEMPUDI
village_586251,586251,KONDAPALEM AGRAHARAM
village_586252,586252,GUNNEMPUDI
village_586253,586253,KONDAPALEM
village_586254,586254,AITHAMPUDI
village_586255,586255,BUTCHAYYAPETA
village_586256,586256,KANDIPUDI
village_586257,586257,NEELAKANTAPURAM
village_586258,586258,RAJAM
village_586259,586259,TYPURAM
village_586260,586260,CHITTIYYAPALEM
village_586261,586261,CHINA MADINA
village_586262,586262,PEDA MADINA
village_586263,586263,CHINTAPAKA
village_586264,586264,PEDAPUDI AGRAHARAM
village_586265,586265,PANGIDI
village_586266,586266,PEDAPUDI
village_586267,586267,KARAKA
village_586268,586268,TURAKALAPUDI
village_586269,586269,R. SIVARAMPURAM
village_586270,586270,R. BHEEMAVARAM
village_586271,586271,APPAMPALEM
village_586272,586272,MALLAM BHUPATHIPALEM
village_586273,586273,MALLAM
village_586274,586274,PAMULAVAKA
village_586275,586275,BAPIRAJU KOTHAPALLE
village_586276,586276,ANNAVARAM
village_586277,586277,YENDAPALLE
village_586278,586278,JALLURU
village_586279,586279,SUNKAPURU
village_586280,586280,THANGEDU
village_586281,586281,RAMANNAPALEM
village_586282,586282,RAJUPETA
village_586283,586283,KOTAURATLA
village_586284,586284,LINGAPURAM
village_586285,586285,BODAPALEM
village_586286,586286,PIPPALLA KOTHAPALLE
village_586287,586287,CHINABODDEPALLE
village_586288,586288,KODAVATIPUDI
village_586289,586289,KRISHNAMBHOTLA AGRAHARAM
village_586290,586290,KAILASAPATNAM
village_586291,586291,CHOWDUVADA
village_586292,586292,TADAPARTHI JANGAMPETA
village_586293,586293,GOTTIVADA
village_586294,586294,PANDURU
village_586295,586295,HARAPPA AGRAHARAM
village_586296,586296,GANGAVARAM
village_586297,586297,SEETHANNA AGRAHARAM
village_586298,586298,KONDALA AGRAHARAM
village_586299,586299,PYDIPALA
village_586300,586300,BURUGUPALEM
village_586301,586301,TADAPALA
village_586302,586302,TOOTIPALA
village_586303,586303,APPANDORAPALEM
village_586304,586304,PEDDIPALEM
village_586305,586305,VENKANNAPALEM
village_586306,586306,SETTIPALEM
village_586307,586307,ZAMINDARI GANGAVARAM
village_586308,586308,BHEEMABOINA PALEM
village_586309,586309,MAKAVARAPALEM
village_586310,586310,NARAYANA GAJAPATHIRAJAPURAM AGRAHARAM
village_586311,586311,VAJRAGADA
village_586312,586312,MALLAVARAM
village_586313,586313,GIDUTHURU
village_586314,586314,BAYYAVARAM
village_586315,586315,TAMARAM
village_586316,586316,RACHAPALLE
village_586317,586317,POCHINAPEDDI AGRAHARAM
village_586318,586318,JANGALAPALLE
village_586319,586319,KODURU
village_586320,586320,THEEDA
village_586321,586321,CHARAKAM
village_586322,586322,ADDAM
village_586323,586323,ATCHERLA
village_586324,586324,SINGAVARAM
village_586325,586325,UGGINAPALEM
village_586326,586326,BAYYAVARAM
village_586327,586327,KASIMKOTA
village_586328,586328,VEDURUPARTHI
village_586329,586329,TEGADA
village_586330,586330,KOTHAPALLE
village_586331,586331,PERANTALAPALEM
village_586332,586332,NARASAPURAM
village_586333,586333,AMMEENSAHABPETA
village_586334,586334,GOBBURUPALEM
village_586335,586335,GOBBURU
village_586336,586336,GYTULAPALEM
village_586337,586337,TALLAPALEM
village_586338,586338,GURUGU BHEEMAVARAM
village_586339,586339,SUNDARAYYAPETA
village_586340,586340,ESWARAPALLE CHOWDUVADA
village_586341,586341,KOMARALOVA
village_586342,586342,NARASINGIBILLY
village_586343,586343,NUTULAGUNTLA PALEM
village_586344,586344,ZATTAPUREDDITUNI
village_586345,586345,CHINTALAPALEM
village_586346,586346,SOMAVARAM
village_586347,586347,YENUGUTUNI
village_586348,586348,GANTAVANIPALEM
village_586349,586349,KUMARAPURAM
village_586350,586350,CHUCHIKONDA
village_586351,586351,GANAPARTHI
village_586352,586352,CHALLAMALLA
village_586353,586353,NELUPAKA
village_586354,586354,MADAKAPALEM
village_586355,586355,CHERLOPALEM
village_586356,586356,NARENDRAPURAM
village_586357,586357,RAMABHADRAPURAM AGRAHARAM
village_586358,586358,PALLAPU ANANDAPURAM
village_586359,586359,PURUSHOTTAMPURAM
village_586360,586360,ARABUPALEM
village_586361,586361,VOMPOLU
village_586362,586362,NAGULAPALLE
village_586363,586363,UMMALADA
village_586364,586364,JAGGAYYAPETA AGRAHARAM
village_586365,586365,THOTADA
village_586366,586366,T.SIRASAPALLE
village_586367,586367,VENKATAPURAM
village_586368,586368,PATIPALLE
village_586369,586369,MUNAGAPAKA
village_586370,586370,THIMMARAJUPETA
village_586371,586371,VADRAPALLE
village_586372,586372,MALLAVARAM
village_586373,586373,KAKARAPALLE
village_586374,586374,RAJUPETA AGRAHARAM
village_586375,586375,NAGAVARAM
village_586376,586376,MELUPAKA JAGANNADHAPURAM
village_586377,586377,UPPAVARAM
village_586378,586378,YERRAVARAM
village_586379,586379,JAGGANNAPETA
village_586380,586380,KHAJIPALEM
village_586381,586381,PEDAPADU
village_586382,586382,THIMMARAJUPETA
village_586383,586383,HARIPALEM
village_586384,586384,KONDAKARLA
village_586385,586385,ANDALAPALLE
village_586386,586386,CHEEMALAPALLE
village_586387,586387,SOMAVARAM
village_586388,586388,JAGANNADHAPURA AGRAHARAM
village_586389,586389,DOPPERLA
village_586390,586390,IRAVADA
village_586391,586391,GANGAMAMBAPURA AGRAHARAM
village_586392,586392,NUNAPARTHI
village_586393,586393,NADIMPALLE
village_586394,586394,RAVIPALEM
village_586395,586395,DOSURU
village_586396,586396,MADUTHURU
village_586397,586397,JANGULURU
village_586398,586398,BHOGAPURAM
village_586399,586399,CHODAPALLE
village_586400,586400,VEDURUVADA
village_586401,586401,DIBBAPALEM
village_586402,586402,MARUTURU
village_586403,586403,DUPPITURU
village_586404,586404,UDDLAPALEM
village_586405,586405,PUDIMADAKA
village_586406,586406,THALLAPALEM
village_586407,586407,CHIPPADA
village_586408,586408,JOGANNAPALEM
village_586409,586409,TANTADI
village_586410,586410,KOKKIRAPALLE
village_586411,586411,THURANGALAPALEM
village_586412,586412,JAMPAPALEM
village_586413,586413,SOMILINGAPALEM
village_586415,586415,KATTUPALEM
village_586416,586416,YERRAVARAM
village_586417,586417,REGUPALEM
village_586418,586418,BAYYAVARAM
village_586419,586419,ETI KOPPAKA
village_586420,586420,PADMANABHARAJU PETA
village_586421,586421,PULAPARTHI
village_586422,586422,KRISHNAPURAM
village_586423,586423,TERUVUPALLE
village_586424,586424,YELAMANCHILI (CT)
village_586425,586425,DONKADA
village_586426,586426,G.JAGANNADHAPURAM
village_586427,586427,MUKUNDARAJUPETA
village_586428,586428,CHEEDIKA
village_586429,586429,DOSALAPADU
village_586430,586430,REBAKA
village_586431,586431,PEDADODDIGALLU
village_586432,586432,BODUGALLAM
village_586433,586433,CHITTIBATLA AGRAHARAM
village_586434,586434,NAYAMPUDI
village_586435,586435,CHINADODDIGALLU
village_586436,586436,RAMANAYYAPETA
village_586437,586437,GULLIPADU
village_586438,586438,GODICHERLA
village_586439,586439,CHINARAMBHADRAPURAM
village_586440,586440,DEVAVARAM
village_586441,586441,UDDANDAPURAM
village_586442,586442,NELLIPUDI
village_586443,586443,GUNUPUDI
village_586444,586444,DONIVANILAKSHMIPURAM
village_586445,586445,VEMPADU
village_586446,586446,KAGITHA
village_586447,586447,UPMAKA AGRAHARAM
village_586448,586448,CHUKALAVARI LAKSHMIPURAM
village_586449,586449,N.NARASAPURAM
village_586450,586450,CHANDANADA
village_586451,586451,NALLAMATTIPALEM
village_586452,586452,BUCHIRAJUPETA
village_586453,586453,RAJAYYAPETA
village_586454,586454,PEDATEENARLA
village_586455,586455,NAKKAPALLE (CT)
village_586456,586456,PADALAVANI LAXMIPURAM
village_586457,586457,NAMAVARAM
village_586458,586458,GUNTAPALLE
village_586459,586459,GOPALAPATNAM
village_586460,586460,SATYAVARAM
village_586461,586461,MANGAVARAM
village_586462,586462,ARATLA KOTA
village_586463,586463,PEDARAMABHADRAPURAM
village_586464,586464,PALTERU
village_586465,586465,KANDIPUDI
village_586466,586466,EDATAM
village_586467,586467,KUMARAPURAM
village_586468,586468,S.NARASAPURAM
village_586469,586469,SRIRAMPURAM
village_586470,586470,KESAVARAM
village_586471,586471,MASAHEBPETA
village_586472,586472,RAJAVARAM
village_586473,586473,PENTAKOTA
village_586474,586474,PAYAKARAOPETA (CT)
village_586475,586475,PETTUGOLLAPALLE
village_586476,586476,CHINAGUMMULURU
village_586477,586477,DARLAPUDI
village_586478,586478,BHEEMAVARAM
village_586479,586479,PENUGOLLU
village_586480,586480,DHARMAVARAM AGRAHARAM
village_586481,586481,S.RAYAVARAM
village_586482,586482,PETASUDIPURAM
village_586483,586483,VEMAGIRI
village_586484,586484,JANGULURUVELAMPALEM
village_586485,586485,SARVASIDDI
village_586486,586486,VAKAPADU
village_586487,586487,UPPARAPALLE
village_586488,586488,KARRIVANIPALEM
village_586489,586489,LINGARAJUPALEM
village_586490,586490,VOMMAVARAM
village_586491,586491,PEDAGUMMULURU
village_586492,586492,THIMMAPURAM
village_586493,586493,KORUPROLU
village_586494,586494,GUDIVADA
village_586495,586495,PEDA UPPALAM
village_586496,586496,CHINA UPPALAM
village_586497,586497,MAMIDIVADA
village_586498,586498,KOTHURU
village_586499,586499,MULAJAMPA
village_586500,586500,GOKIVADA
village_586501,586501,HARIPURAM
village_586502,586502,PANCHADARLA
village_586503,586503,RAJAKODURU
village_586504,586504,KRISHNAMPALEM
village_586505,586505,ANANDAPURAM
village_586506,586506,GURJAPALEM
village_586507,586507,MOTURUPALEM
village_586508,586508,PUDI
village_586509,586509,CHEBROLU VEERAPPA KONDA
village_586510,586510,CHATAMETTA
village_586511,586511,NAKKAPALEM
village_586512,586512,LALAM KODURU
village_586513,586513,GORAPUDI
village_586514,586514,VIJAYARAMPURAM AGRAHARAM
village_586515,586515,VELCHURU
village_586516,586516,RAJALA
village_586517,586517,KUMARAPALLE
village_586518,586518,DIMILI
village_586519,586519,KATTABOLU
village_586520,586520,MURAKADA
village_586521,586521,MARRIPALEM
village_586522,586522,RAJALA AGRAHARAM
village_586523,586523,KALAVALAPALLE
village_586524,586524,RAMBILLI
village_586525,586525,MANYAPUCHINTUVA
village_586526,586526,ZIRAYATI CHINTUVA
village_586527,586527,SITAPALEM
village_586528,586528,CHATLAVADA
village_586529,586529,POTLAVADA
village_586530,586530,KATCHALAVADA
village_586531,586531,EGAVALASA
village_586532,586532,PEDDAMARRI
village_586533,586533,GUDISA
village_586534,586534,PAMULAMAMIDI
village_586535,586535,BUSIGANDI
village_586536,586536,BANDA
village_586537,586537,GUMPENAGANDI
village_586538,586538,GUNDRATHI
village_586539,586539,PULLANGI
village_586540,586540,SIRIPANLOVA
village_586541,586541,CHAKKAVADA
village_586542,586542,MUNTHAMAMIDI
village_586543,586543,CHAVIDIKOTA
village_586544,586544,BODLANKA
village_586545,586545,ADDARIVALASA
village_586546,586546,PUSIWADA
village_586547,586547,MUCHILIVADA
village_586548,586548,AKUMAMIDIKOTA
village_586549,586549,VAKKULURU
village_586550,586550,ELIVADA
village_586551,586551,NUKALETIVADA
village_586552,586552,BODULURU
village_586553,586553,GONDIVADA
village_586554,586554,NELLORE
village_586555,586555,IJJALURU
village_586556,586556,MADDULURU
village_586557,586557,VALAMURU
village_586558,586558,VUTHALURU
village_586559,586559,KONDAVADA
village_586560,586560,PAMULERU
village_586561,586561,GOGUVALASA
village_586562,586562,KUTRAVADA
village_586563,586563,KAKURU
village_586564,586564,ARJUNALOVA
village_586565,586565,BHIMAVARAM
village_586566,586566,IVAMPALLE
village_586567,586567,PANDIRIMAMIDIKOTA
village_586568,586568,KUDURU
village_586569,586569,VETUKURU
village_586570,586570,PUJARIPAKALU
village_586571,586571,MADDULURU
village_586572,586572,MAREDUMILLI
village_586573,586573,MUSURU
village_586574,586574,GUJJUMAMIDIVALASA
village_586575,586575,KUNDADA
village_586576,586576,MUNJAMAMIDI
village_586577,586577,THURUMAMIDI
village_586578,586578,KADUMURU
village_586579,586579,THURRURU
village_586580,586580,RAMANNAVALASA
village_586581,586581,PEDAMALLUPADU
village_586582,586582,SUNNAMPADU
village_586583,586583,DEVARAPALLE
village_586584,586584,NURUPUDI
village_586585,586585,DENDULURU
village_586586,586586,GORAMAMIDI
village_586587,586587,DORAMAMIDI
village_586588,586588,MALLAVARAM
village_586589,586589,MADDIVEEDU
village_586590,586590,THADEPALLE
village_586591,586591,D. VELAMALAKOTA
village_586592,586592,VYADAPUDI
village_586593,586593,DARAVADA
village_586594,586594,PEDDURU
village_586595,586595,DORACHINTALAPALEM
village_586596,586596,SRIPURAM
village_586597,586597,NARSAPURAM
village_586598,586598,PUTTAGONDILANKA
village_586599,586599,KONDAMODALU
village_586600,586600,CHINTALAGUDEM
village_586601,586601,MAMIDIVALASA
village_586602,586602,THUMMURU
village_586603,586603,GONDURU
village_586604,586604,KATCHULURU
village_586605,586605,KOTHAPALLE
village_586606,586606,PEDDANUTHULU
village_586607,586607,GANGAVARAM
village_586608,586608,MULAGALAGUDEM
village_586609,586609,KOTHAGUDEM
village_586610,586610,THATIWADA
village_586611,586611,PEDDURU
village_586612,586612,PAMUGANDI
village_586613,586613,PALURU
village_586614,586614,DONALANKA
village_586615,586615,MADDIRATHIGUDEM
village_586616,586616,CHOPPAKONDA
village_586617,586617,YERRAMETLA
village_586618,586618,MANTURU
village_586619,586619,KUDAKARAYI
village_586620,586620,DAMANAPALLE
village_586621,586621,VELAGAPALLE
village_586622,586622,RAYAVARAM
village_586623,586623,V. RAMANNAPALEM
village_586624,586624,LAKSHMIPURAM
village_586625,586625,GUMPANAPALLE
village_586626,586626,NEREDUVALASA
village_586627,586627,LINGAVARAM
village_586628,586628,THOYYERU
village_586629,586629,DEVIPATNAM
village_586630,586630,GANUGULAGONDI
village_586631,586631,A. VEERAVARAM
village_586632,586632,CHINA RAMANAYYAPETA
village_586633,586633,DANDANGI
village_586634,586634,POTHAVARAM
village_586635,586635,PUDIPALLE
village_586636,586636,ANGULURU
village_586637,586637,NELAKOTA
village_586638,586638,DEVARAM
village_586639,586639,SARABHAVARAM
village_586640,586640,INDUKURUPETA
village_586641,586641,RAVILANKA
village_586642,586642,LOTHUPALEM
village_586643,586643,INDUKURU
village_586644,586644,PEDA BHEEMPALLE
village_586645,586645,DONKARAI
village_586646,586646,BODDUMAMIDI
village_586647,586647,VILLARTI
village_586648,586648,MANGAMPADU
village_586649,586649,MARRIGUDA
village_586650,586650,BACHALURU
village_586651,586651,THANGEDUKOTA
village_586652,586652,SINGANAKOTA
village_586653,586653,DORAGONDI
village_586654,586654,TULUSURU
village_586655,586655,ANTILOVA
village_586656,586656,NAGALOVA
village_586657,586657,KALLEPUGONDA
village_586658,586658,PALAGONDI
village_586659,586659,KOPPULAKOTA
village_586660,586660,GANGANURU
village_586661,586661,CHANAGANURU
village_586662,586662,PULIMETALA
village_586663,586663,PATHAKOTA
village_586664,586664,KOTHAPAKALU
village_586665,586665,KARNIKOTA
village_586666,586666,REVADIKOTA
village_586667,586667,ADUPULAMETTA
village_586668,586668,KAKKONDA
village_586669,586669,DUBELA
village_586670,586670,VADISALOVA
village_586671,586671,BODDAGONDI
village_586672,586672,RAKOTA
village_586673,586673,YERRAGOPPULA
village_586674,586674,D. MAMIDIVADA
village_586675,586675,GELLAVADA
village_586676,586676,VEJUVADA
village_586677,586677,PANASALOVA
village_586678,586678,GOPPULATHOTAMAMIDI
village_586679,586679,CHAPARAI
village_586680,586680,GONDIKOTA
village_586681,586681,ALLURIGEDDA
village_586682,586682,KOTHAKOTA
village_586683,586683,GURTEDU
village_586684,586684,VEERAMPALEM
village_586685,586685,CHILAKAVEEDHILANKA
village_586686,586686,G.VATTIGEDDA
village_586687,586687,EDLAKONDA
village_586688,586688,KADARIKOTA
village_586689,586689,DARAGEDDA
village_586690,586690,LINGAVARAM
village_586691,586691,BABBILOVA
village_586692,586692,POOLOVA
village_586693,586693,VOOTLABANDA
village_586694,586694,JALAGALOVA
village_586695,586695,JAJIVALASA
village_586696,586696,KANIVADA
village_586697,586697,POLAMANUGONDI
village_586698,586698,KORAMATIGONDI
village_586699,586699,BURADAVALASA
village_586700,586700,NEELAPALEM
village_586701,586701,IRLAVADA
village_586702,586702,BUSIKOTA
village_586703,586703,DUMPAVALASA
village_586704,586704,PERIKIVALASA
village_586705,586705,KATHIRALA
village_586706,586706,PUTTAGANDI
village_586707,586707,PANCHADARALANKA
village_586708,586708,KUNKUMAMIDI
village_586709,586709,RATSAVALASA
village_586710,586710,RAVVAGADDA
village_586711,586711,DORAWADA
village_586712,586712,DARALOVA
village_586713,586713,NULAKAMAMIDI
village_586714,586714,GANNAVARAM
village_586715,586715,GORAMANDA
village_586716,586716,SESHARAI
village_586717,586717,KOMARAVARAM
village_586718,586718,YARLAGADDA
village_586719,586719,JAJIGEDDA
village_586720,586720,SINGAVARAM
village_586721,586721,NELLIKOTA
village_586722,586722,BURADAKOTA
village_586723,586723,JANGALATHOTA
village_586724,586724,DADALIKAVADA
village_586725,586725,RAMULAKONDA
village_586726,586726,KAPPALABANDA
village_586727,586727,NAKKARATHIPALEM
village_586728,586728,CHAMAGEDDA
village_586729,586729,CHINTHAKARRAPALEM
village_586730,586730,Y. RAMAVARAM
village_586731,586731,PAIDIPUTTA
village_586732,586732,PASARUGINNE
village_586733,586733,P. YERRAGONDA
village_586734,586734,VATTIGEDDA
village_586735,586735,BANDIGEDDA
village_586736,586736,RACHAPALEM
village_586737,586737,DABBAMAMIDI
village_586738,586738,KANATALABANDA
village_586739,586739,BURUGUWADA
village_586740,586740,MUVVALAVADA
village_586741,586741,PANASALAPALEM
village_586742,586742,KOKITAGONDI
village_586743,586743,VANAMAMIDIGONDI
village_586744,586744,PULUSUMAMIDI
village_586745,586745,BONANGIPALEM
village_586746,586746,MUNAGALAPUDI
village_586747,586747,THADIKOTA
village_586748,586748,DONARAI
village_586749,586749,BHEEMUDUGADDA
village_586750,586750,CHINTHALAPUDI
village_586751,586751,BODDAGUNTA
village_586752,586752,CHINTA KOYYA
village_586753,586753,VEDULLAPALLE
village_586754,586754,SIRIMETLA
village_586755,586755,ANNAMPALEM
village_586756,586756,GUMMARAPALEM
village_586757,586757,TOTAKURAPALEM
village_586758,586758,GOBBILAPANUKULU
village_586759,586759,CHAVITIDIBBALU
village_586760,586760,PUTIKUNTA
village_586761,586761,DEVARAMADUGULA
village_586762,586762,GODUGURAYI
village_586763,586763,DALIPADU
village_586764,586764,AMMAPETA
village_586765,586765,PEDAVULEMPADU
village_586766,586766,CHENDURTHI
village_586767,586767,KOTA
village_586768,586768,BULLOJUPALEM
village_586769,586769,PUTTAPALLE
village_586770,586770,NUVVUGANTIPALEM
village_586771,586771,YERRAMREDDIPALEM
village_586772,586772,MULASALAPALEM
village_586773,586773,GANDEMPALLE
village_586774,586774,BODDAPALLE
village_586775,586775,SIMHADRIPALEM
village_586776,586776,K. YERRAGONDA
village_586777,586777,KOTABANDICHIPPALAMAMIDI
village_586778,586778,NAKKALAPADU
village_586779,586779,CHINAVULEMPADU
village_586780,586780,REGADIPALEM
village_586781,586781,TUMIKELAPADU
village_586782,586782,CHIKKAPUGEDDA
village_586783,586783,SEETHARAM
village_586784,586784,ROLLAGEDDA
village_586785,586785,BANDAMAMILLU
village_586786,586786,DABBAPALEM
village_586787,586787,CHAKIREVULA
village_586788,586788,MAKARAM
village_586789,586789,VEERAVARAM
village_586790,586790,NADIMPALEM
village_586791,586791,DAKODU
village_586792,586792,GOTTILAPADU
village_586793,586793,MULAKAYALA BHIMAVARAM
village_586794,586794,POTHULURU
village_586795,586795,CHODAVARAM
village_586796,586796,PEDDAVADISAKARRA
village_586797,586797,PENIKELAPADU
village_586798,586798,VANGALAMADUGU
village_586799,586799,CHINNAMPADU
village_586800,586800,CHINAVADISAKARRA
village_586801,586801,DUCHERTHI
village_586802,586802,TIRUMALAWADA
village_586803,586803,JAJIPALEM
village_586804,586804,ULIGOGULA
village_586805,586805,CHOPPANAGADDA
village_586806,586806,D. KOTHURU
village_586807,586807,D. RAMAVARAM
village_586808,586808,RAYAPALLE
village_586809,586809,VEDULLAKONDA
village_586810,586810,ANNAMPALEM
village_586811,586811,VUTLAPALEM
village_586812,586812,D. AMMAPETA
village_586813,586813,KALIMAMIDI
village_586814,586814,YELLAPURAM
village_586815,586815,SOMANNAPALEM
village_586816,586816,ANUKULAPALEM
village_586817,586817,RAVULAPALEM
village_586818,586818,RAVIGUDEM
village_586819,586819,SETTIPALLE
village_586820,586820,CHAPARATIPALEM
village_586821,586821,JALLURU
village_586822,586822,THUNGAMADUGULA
village_586823,586823,RATNAMPALEM
village_586824,586824,MAMIDIPALEM
village_586825,586825,NUKARAI
village_586826,586826,DUPPALAPALEM
village_586827,586827,TIYYAMAMIDI
village_586828,586828,DHANAYAMPALEM
village_586829,586829,PEDAMUNAKANAGEDDA
village_586830,586830,PANASALODDI
village_586831,586831,DARSINUTHULA @ REGULAPADU
village_586832,586832,DORAMAMIDI
village_586833,586833,BHIMAVARAM
village_586834,586834,NIMMALAPALEM
village_586835,586835,MALLAVARAM MAMILLU
village_586836,586836,PAIDIPUTTAPADU
village_586837,586837,CHINAMUNAKANAGEDDA
village_586838,586838,MITLAPALEM
village_586839,586839,PANUKURATIPALEM
village_586840,586840,BANDAKONDA
village_586841,586841,ANIGERU
village_586842,586842,ADDATEEGALA
village_586843,586843,KOVELAPALEM
village_586844,586844,LANGUPARTI
village_586845,586845,DOKKAPALEM
village_586846,586846,LATCHIREDDIPALEM
village_586847,586847,VETAMAMIDI
village_586848,586848,BHIMUDUPAKALU
village_586849,586849,KINAPARTI
village_586850,586850,GAVARAYYAPETA
village_586851,586851,KOTTAMPALEM
village_586852,586852,BODLANKA
village_586853,586853,VENKATANAGARAM
village_586854,586854,PAPAMPETA
village_586855,586855,CHINNA ADDATEEGALA
village_586856,586856,D. PINJARIKONDA
village_586857,586857,GONDOLU
village_586858,586858,ATCHIYYAPETA
village_586859,586859,KONALOVA
village_586860,586860,VEERABHADRAPURAM
village_586861,586861,RAJANAGARAM
village_586862,586862,SARAMPETA
village_586863,586863,RAJAVARAM
village_586864,586864,KOTTAMPALEM
village_586865,586865,JAYACHINTALAPALEM
village_586866,586866,BADADAM
village_586867,586867,YELLAVARAM
village_586868,586868,GANGAMPALEM
village_586869,586869,MATLAPADU
village_586870,586870,KOTHURUPADU
village_586871,586871,THIMMAPURAM
village_586872,586872,UPPALAPADU
village_586873,586873,GADICHINNAMPALEM
village_586874,586874,D. KRISHNAVARAM
village_586875,586875,GONTUVANIPALEM
village_586876,586876,KIMMURU
village_586877,586877,DODDIVAKA
village_586878,586878,SARAMPETAPADU
village_586879,586879,KOTHURUPADU
village_586880,586880,PULIGOGULAPADU
village_586881,586881,KIRRABU
village_586882,586882,TALLAPALEM
village_586883,586883,BODLAGONDI
village_586884,586884,BOYAPADU
village_586885,586885,VANAKARAYI
village_586886,586886,SARABHAVARAM
village_586887,586887,APPANNAPALEM
village_586888,586888,DAMANAPALEM
village_586889,586889,JEELUGULAPADU
village_586890,586890,KINDRA
village_586891,586891,LAGARAYI
village_586892,586892,KONDAPALLE
village_586893,586893,DAKARAYI
village_586894,586894,BADADANAMPALLE
village_586895,586895,CHINARELLANGIPADU
village_586896,586896,AMMIREKALA
village_586897,586897,KIMILIGEDDA
village_586898,586898,SURAMPALEM
village_586899,586899,LABBARTHI
village_586900,586900,MUNJAVARAPPADU
village_586901,586901,ANANTHAGIRI
village_586902,586902,GADUVAKURTHI
village_586903,586903,DONGALA MALLAVARAM
village_586904,586904,NELLIMETLA
village_586905,586905,DUSARIPAMU
village_586906,586906,RAJAVOMMANGI
village_586907,586907,PAKAVELTHI
village_586908,586908,KESAVARAM
village_586909,586909,PUDEDU
village_586910,586910,LODODDI
village_586911,586911,VOYYEDU
village_586912,586912,MURLAVANIPALEM
village_586913,586913,SUBBAMPADU
village_586914,586914,GINJERTHI
village_586915,586915,THANTIKONDA
village_586916,586916,YERRAMPADU
village_586917,586917,SINGAMPALLE
village_586918,586918,GOBBILAMADUGU
village_586919,586919,BONANGIPALEM
village_586920,586920,DONELAPALEM
village_586921,586921,REVATIPALEM
village_586922,586922,VELAGALAPALEM
village_586923,586923,JADDANGI
village_586924,586924,AMINABADA
village_586925,586925,KOMARAPURAM
village_586926,586926,VOKURTHI
village_586927,586927,VOGIPALEM
village_586928,586928,VATANGI
village_586929,586929,PEDARELLANGIPADU
village_586930,586930,PEDAGARRANGI
village_586931,586931,CHIKILINTA
village_586932,586932,KARUDEVIPALEM
village_586933,586933,CHERVUKOMMUPALEM
village_586934,586934,MARRIPALEM
village_586935,586935,BORNAGUDEM
village_586936,586936,URLAKULAPADU
village_586937,586937,G. SARABHAVARAM
village_586938,586938,KONDALINGAMPARTHI
village_586939,586939,KOTHAPALLE
village_586940,586940,VANCHANGI
village_586941,586941,BALIJAPADU
village_586942,586942,MAREDUBAKA
village_586943,586943,K. E. CHINNAYYAPALEM
village_586944,586944,LAKSHMIDEVIPETA
village_586945,586945,ALLIPUDI
village_586946,586946,KOTANANDURU
village_586947,586947,KAKARAPALLE
village_586948,586948,BHIMAVARAPUKOTA
village_586949,586949,SURAPURAJUPETA
village_586950,586950,BILLANANDURU
village_586951,586951,INDUGAPALLE
village_586952,586952,THATIPAKA JAGAN NADHA NAGARAM
village_586953,586953,BODDAVARAM
village_586954,586954,KAMATAM MALLAVARAM
village_586955,586955,ARTHAMURU
village_586956,586956,KOPPAKA AGRAHARAM
village_586957,586957,KOTTAM
village_586958,586958,DARAKONDA
village_586959,586959,N. SURAVARAM
village_586960,586960,D. POLAVARAM
village_586961,586961,DONDAVAKA
village_586962,586962,K.O. MALLAVARAM
village_586963,586963,RAPAKA
village_586964,586964,KOTHAKONDA
village_586965,586965,CH. AGRAHARAM
village_586966,586966,ATIKIVARIPALEM
village_586967,586967,KOLIMERU
village_586968,586968,NANDIVAMPU
village_586969,586969,MARUVADA
village_586970,586970,REKHAVANIPALEM
village_586971,586971,TALLURU
village_586972,586972,KOTHURU
village_586973,586973,TETAGUNTA
village_586974,586974,S. ANNAVARAM (R)
village_586975,586975,CHEPURU
village_586976,586976,HAMSAVARAM
village_586977,586977,CHAMAVARAM
village_586978,586978,VALLURU
village_586979,586979,KAVALAPADU
village_586980,586980,DABBADI
village_586981,586981,SARLANKA
village_586982,586982,SATYAVARAM
village_586983,586983,RAGHAVAPATNAM
village_586984,586984,GINNELARAM
village_586985,586985,PEDDURU
village_586986,586986,D. PYDIPALA
village_586987,586987,JALDAM
village_586988,586988,CHALLERU
village_586989,586989,YEGUVADARAPALLE
village_586990,586990,DIGUVADARAPALLE
village_586991,586991,RAMAKRISHNAPURAM
village_586992,586992,GANGAVARAM
village_586993,586993,YEGUVASIVADA
village_586994,586994,R. VENKATAPURAM
village_586995,586995,DIGUVA SIVADA
village_586996,586996,SURAMPETA
village_586997,586997,VENKATANAGARAM
village_586998,586998,RAJAVARAM
village_586999,586999,KOTHURU
village_587000,587000,MULAGAPUDI
village_587001,587001,CHAKIREVULAPALEM
village_587002,587002,TIRUPATAMMAPETA
village_587003,587003,SANTHA PYDIPALA
village_587004,587004,UPPAMPALEM
village_587005,587005,GUMMAREGULA
village_587006,587006,BALARAMPURAM
village_587007,587007,A. MALLAVARAM
village_587008,587008,KONDAPALEM
village_587009,587009,BAPABHUPALAPATNAM
village_587010,587010,LATCHIREDDIPALEM
village_587011,587011,NAMAGIRI NARENDRAPATNAM
village_587012,587012,ANANTHARAM
village_587013,587013,CHINA MALLAPURAM
village_587014,587014,ROWTHULAPUDI
village_587015,587015,GIDAJAM
village_587016,587016,SRUNGADHARA AGRAHARAM
village_587017,587017,DHARA JAGANNADHAPURAM
village_587018,587018,BILLAVAKA
village_587019,587019,KODURU
village_587020,587020,PARUPAKA
village_587021,587021,PALLAPU CHAMAVARAM
village_587022,587022,MERAKA CHAMAVARAM
village_587023,587023,SRUNGAVARAM
village_587024,587024,SRUNGADHARA
village_587025,587025,PEDAMALLAPURAM
village_587026,587026,VELANGI
village_587027,587027,AMMIREKHALA
village_587028,587028,ONDREGULA
village_587029,587029,AVETHI
village_587030,587030,ANUMARTHI
village_587031,587031,POLAVARAM
village_587032,587032,DHARA MALLAPURAM
village_587033,587033,ANKAMPALEM
village_587034,587034,YARAKAPURAM
village_587035,587035,SIDDIVARIPALEM
village_587036,587036,GOWRAMPETA
village_587037,587037,JAGANNADHAPURAM
village_587038,587038,MASAMPALLE
village_587039,587039,GONDHI KOTHAPALLE
village_587040,587040,VADREVU VENKATAPURAM
village_587041,587041,MANDAPAM
village_587042,587042,SANKHAVARAM
village_587043,587043,KONDEMPUDI
village_587044,587044,ATCHAMPETA
village_587045,587045,RAJARAM
village_587046,587046,GONDHI
village_587047,587047,JAGGAMPETA
village_587048,587048,KONTHANGI
village_587049,587049,VAZRAKUTAM
village_587050,587050,RAMANNAPALEM
village_587051,587051,KATHIPUDI
village_587052,587052,NELLIPUDI
village_587053,587053,SEETHAYAMPETA
village_587054,587054,ANNAVARAM
village_587055,587055,AREMPUDI (CT)
village_587056,587056,MARRIVEEDU
village_587057,587057,J. ANNAVARAM
village_587059,587059,RAMANAYYAPETA
village_587060,587060,EAST LAKSHMIPURAM
village_587061,587061,LINGAMPARTHI
village_587062,587062,YELESWARAM
village_587063,587063,TIRUMALI
village_587064,587064,PERAVARAM
village_587065,587065,BHADRAVARAM
village_587066,587066,YERRAVARAM
village_587067,587067,PEDDANAPALLE
village_587068,587068,SIRIPURAM
village_587069,587069,NEELAVARAM
village_587070,587070,LAKSHMIPURAM
village_587071,587071,SEETHARAMPADU
village_587072,587072,NUVVUMAMIDI
village_587073,587073,MOHANAPURAM
village_587074,587074,PANDRAPROLU
village_587075,587075,BARRIMAMIDI
village_587076,587076,KARAKAPADU
village_587077,587077,POTHANDORAPALEM
village_587078,587078,YELLAPURAM
village_587079,587079,MARRIPALEM
village_587080,587080,YENDAPALLE
village_587081,587081,ZADERU
village_587082,587082,KURAMGONDI
village_587083,587083,YETIPALLE
village_587084,587084,PEDA ADDAPALLE
village_587085,587085,E. RAMAVARAM
village_587086,587086,KOMARAVARAM
village_587087,587087,CHINA ADDAPALLE
village_587088,587088,SARABHAVARAM
village_587089,587089,CHEEDIPALEM
village_587090,587090,PANDRAPOTTIPALEM
village_587091,587091,KUSUMARAI
village_587092,587092,RAJAMPALEM
village_587093,587093,GANGAVARAM
village_587094,587094,LAKKONDA
village_587095,587095,GORAGOMMI
village_587096,587096,VUYYALAMADUGU
village_587097,587097,PADAGARLAPADU
village_587098,587098,DORAMAMIDI
village_587099,587099,AMUDALABANDA
village_587100,587100,YERRAMPALEM
village_587101,587101,KOTHADA
village_587102,587102,CHINAGARLAPADU
village_587103,587103,VEMULOVA
village_587104,587104,PIDATHAMAMIDI
village_587105,587105,NELLIPUDI
village_587106,587106,SURAMPALEM
village_587107,587107,DONELAPALLE
village_587108,587108,KAMAVARAPPADU
village_587109,587109,KONDALAMPALEM
village_587110,587110,POTHANDORAPALEM
village_587111,587111,OJUBANDA
village_587112,587112,JAGGAMPALEM
village_587113,587113,JIYYAMPALEM
village_587114,587114,RAJAVARAM
village_587115,587115,NEELADONELAPADU
village_587116,587116,RAJUPETALODDI
village_587117,587117,YAMANAPALLE
village_587118,587118,PATHARAMAVARAM
village_587119,587119,BAYYANAPALLE
village_587120,587120,KOTHARAMAVARAM
village_587121,587121,CHODAVARAM
village_587122,587122,UMMETHA
village_587123,587123,LODDIPALEM
village_587124,587124,MOLLERU
village_587125,587125,B.SIVARAMAPATNAM
village_587126,587126,RAMULDEVAPURAM
village_587127,587127,LINGAVARAM
village_587128,587128,KATTUMILLI
village_587129,587129,KINTUKURU
village_587130,587130,EETHAPALLE
village_587131,587131,KOYYALAGUDEM
village_587132,587132,LANKAPAKALU
village_587133,587133,VEERLAMAMIDI
village_587134,587134,KAKAVADA
village_587135,587135,PEDAGEDDADA
village_587136,587136,CHERUVUPALEM
village_587137,587137,DOKULAPADU
village_587138,587138,CHILAKAMAMIDI
village_587139,587139,BUSIGUDEM
village_587140,587140,MADICHERLA
village_587141,587141,IMMIDIVARAM
village_587142,587142,GUNJUGUDEM
village_587143,587143,ISUKAPATLA
village_587144,587144,VADAPALLE
village_587145,587145,NIMMALAPALEM
village_587146,587146,CHERUVURU
village_587147,587147,BOLAGONDA
village_587148,587148,PEDDAKONDA
village_587149,587149,KOTHAPAKALU
village_587150,587150,PEDDAPADU
village_587151,587151,CHINAGEDDADA
village_587152,587152,DARAGUDEM
village_587153,587153,CHELAKAVEEDHI
village_587154,587154,VEMULAKONDA
village_587155,587155,TIRUGATIRALLU
village_587156,587156,AKURU
village_587157,587157,SUVARLAVADA
village_587158,587158,VATTICHELAKAKU
village_587159,587159,DABBAVALASA
village_587160,587160,SOKULAGUDEM
village_587161,587161,GANDHINAGARAM
village_587162,587162,BHUPATHIPALEM
village_587163,587163,RAMPA
village_587164,587164,MARRIVADA
village_587165,587165,BHEEMAVARAM
village_587166,587166,CHUPPARIPALEM
village_587167,587167,NALLAGONDA
village_587168,587168,KORUMILLI
village_587169,587169,BANDAPALLE
village_587170,587170,KUNJAMVEEDHI
village_587171,587171,SIRIGINDALAPADU
village_587172,587172,PANDIRIMAMIDI
village_587173,587173,GOGUMILLI
village_587174,587174,T.BURUGUBANDA
village_587175,587175,JAGAMETLAPALEM
village_587176,587176,B. VELAMALAKOTA
village_587177,587177,USIRIKAJONALU
village_587178,587178,DARAMADUGULA
village_587179,587179,PENIKALAPADU
village_587180,587180,THATIVADA
village_587181,587181,BORNAGUDEM
village_587182,587182,GINNEPALLE
village_587183,587183,IRLAPALLE
village_587184,587184,I. POLAVARAM
village_587185,587185,BEERAMPALLE
village_587186,587186,UTLA
village_587187,587187,SEETHAPALLE
village_587188,587188,JAGARAMPALLE
village_587189,587189,CHINA BARANGI
village_587190,587190,PEDA BARANGI
village_587191,587191,MUSURUMILLI
village_587192,587192,KOMARAVARAM
village_587193,587193,TAMARAPALLE
village_587194,587194,GOPAVARAM
village_587195,587195,GOTLAGUDEM
village_587196,587196,DIRISINAPALLE
village_587197,587197,NEENEPALLE
village_587198,587198,M. BURUGUBANDA
village_587199,587199,KANNAVARAM
village_587200,587200,NARASAPURAM
village_587201,587201,DEVARATHIGUDEM
village_587202,587202,FOULKSPETA
village_587203,587203,K.YERRAMPALEM
village_587204,587204,B.RAMANNAPALEM
village_587205,587205,RAMPACHODAVARAM (CT)
village_587206,587206,PURUSHOTHAPATNAM
village_587207,587207,VANGALAPUDI
village_587208,587208,SINGAVARAM
village_587209,587209,SEETHANAGARAM
village_587210,587210,CHINAKONDEPUDI
village_587211,587211,NAGAMPALLE
village_587212,587212,NALLAGONDA
village_587213,587213,RAGHUDEVAPURAM
village_587214,587214,MUGGAULLA
village_587215,587215,KUNAVARAM
village_587216,587216,MUNIKUDALI
village_587217,587217,KATAVARAM
village_587218,587218,JALIMUDI
village_587219,587219,BOBBILLANKA
village_587220,587220,MULAKALLANKA
village_587221,587221,MIRTHIPADU
village_587222,587222,HUNDESWARAPURAM
village_587223,587223,KRISHNUNIPALEM
village_587224,587224,KOTHAPALLE
village_587225,587225,GOKAVARAM
village_587226,587226,THANTIKONDA
village_587227,587227,GADELAPALEM
village_587228,587228,ATCHUTAPURAM
village_587229,587229,GUMMALLADUDDI
village_587230,587230,RAMPA YERRAMPALEM
village_587231,587231,TAKURUPALEM
village_587232,587232,SUDIKONDA
village_587233,587233,SIVARAMAPATNAM
village_587234,587234,MALLAVARAM
village_587235,587235,KALIJOLLA
village_587236,587236,BHUPATIPALEM
village_587237,587237,TIRUMALAYAPALEM
village_587238,587238,NARENDRAPATNAM
village_587239,587239,MAMIDADA
village_587240,587240,IRRIPAKA
village_587241,587241,SEETHAMPETA
village_587242,587242,KANDREGULA
village_587243,587243,MANYANVARIPALEM
village_587244,587244,GOVINDAPURAM
village_587245,587245,MALLISALA
village_587246,587246,RAJAPUDI
village_587247,587247,BALABHADRAPURAM
village_587248,587248,GOLLALAGUNTA
village_587249,587249,MARRIPAKA
village_587250,587250,GURRAPPALEM
village_587251,587251,TIRUPATIRAJUPETA
village_587252,587252,J. KOTHURU
village_587253,587253,JAGGAMPETA
village_587254,587254,SEETHANAGARAM
village_587255,587255,KATRAVULAPALLE
village_587256,587256,RAMAVARAM
village_587257,587257,SOMAVARAM
village_587258,587258,KRISHNAVARAM
village_587259,587259,SUNGARAYUNIPALEM
village_587260,587260,GEDDANAPALLE
village_587261,587261,VELANKA
village_587262,587262,JAGAPATHINAGARAM
village_587263,587263,CHILLANGI
village_587264,587264,BHUPALAPATNAM
village_587265,587265,S. THIMMAPURAM
village_587266,587266,BURUGUPUDI
village_587267,587267,GONEDA
village_587268,587268,THAMARADA
village_587269,587269,VEERAVARAM
village_587270,587270,RAJUPALEM
village_587271,587271,RAMAKRISHNAPURAM
village_587272,587272,KIRLAMPUDI
village_587273,587273,MUKKOLLU
village_587274,587274,ULIGOGILA
village_587275,587275,BAPANNADHARA
village_587276,587276,K. MIRTHIVADA
village_587277,587277,BURADAKOTA
village_587278,587278,KONDAPALLE
village_587279,587279,DOPARTHI
village_587280,587280,THADUVAI
village_587281,587281,GIRIJANAPURAM
village_587282,587282,THOTAKURAPALEM
village_587283,587283,SEEMUSURU
village_587284,587284,YERAKAMPALEM
village_587285,587285,METTU CHINTHA
village_587286,587286,BAVURUVAKA
village_587287,587287,KOTHURU
village_587288,587288,PANDAVULAPALEM
village_587289,587289,PODURUPAKA
village_587290,587290,PEDDIPALEM
village_587291,587291,VEMULAPALEM
village_587292,587292,GOKAVARAM
village_587293,587293,ARILLA DHARA
village_587294,587294,VANTHADA
village_587295,587295,UTTARAKANCHI
village_587296,587296,PEDA SANKARLAPUDI
village_587297,587297,LAMPAKALOVA
village_587298,587298,SARABHAVARAM
village_587299,587299,K. KOTHAPALLE
village_587300,587300,GAJJANAPUDI
village_587301,587301,CHINTALURU
village_587302,587302,THOTAPALLE
village_587303,587303,U. JAGANNADHAPURAM
village_587304,587304,VENKATANAGARAM
village_587305,587305,VAKAPALLE
village_587306,587306,P. JAGANNADHAPURAM
village_587307,587307,CHINA SANKARLAPUDI
village_587308,587308,YELURU
village_587309,587309,PRATHIPADU
village_587310,587310,VOMMANGI
village_587311,587311,POTHULURU
village_587312,587312,RACHAPALLE
village_587313,587313,DHARMAVARAM
village_587314,587314,BENDAPUDI
village_587315,587315,GOPALAPATNAM
village_587316,587316,P. AGRAHARAM
village_587317,587317,THONDANGI
village_587318,587318,KRISHNAPURAM
village_587319,587319,PYDIKONDA
village_587320,587320,ANURU
village_587321,587321,VEMAVARAM
village_587322,587322,KONA FOREST
village_587323,587323,SRUNGAVRUKSHAM
village_587324,587324,A. KOTHAPALLE
village_587325,587325,P.E.CHINNAYAPALEM
village_587326,587326,RAVIKAMPADU
village_587327,587327,KOMMANAPALLE
village_587328,587328,A.V.NAGARAM
village_587329,587329,KODAVALI
village_587330,587330,CHENDURTHI
village_587331,587331,DURGADA
village_587332,587332,VIJAYANAGARAM
village_587333,587333,CHEBROLU
village_587334,587334,VANNEPUDI
village_587335,587335,CHINA JAGGAMPETA
village_587336,587336,TATIPARTHI
village_587337,587337,GOLLAPROLU
village_587338,587338,SEETHANAGARAM
village_587339,587339,LAXMIPURAM
village_587340,587340,MALLAVARAM
village_587341,587341,J. THIMMAPURAM
village_587342,587342,KATTAMURU
village_587343,587343,KANDRAKOTA
village_587344,587344,MARLAVA
village_587345,587345,TIRUPATI
village_587346,587346,CHANDRAMAMPALLE
village_587347,587347,TATIPARTHI
village_587348,587348,DIVILI
village_587349,587349,CHADALADA
village_587350,587350,ULIMESWARAM
village_587351,587351,GUDIVADA
village_587352,587352,PULIMERU
village_587353,587353,GORINTA
village_587354,587354,SIRIVADA
village_587355,587355,RAMESWARAM
village_587356,587356,ANURU
village_587357,587357,VALUTHIMMAPURAM
village_587358,587358,RAYABHUPALAPATNAM
village_587359,587359,CHINABRAHMADEVAM
village_587360,587360,G. RAGAMPETA
village_587361,587361,VADLAMURU
village_587362,587362,SINGARAMPALEM
village_587363,587363,MURARI
village_587364,587364,GANDEPALLE
village_587365,587365,NORTH TIRUPATHI RAJAPURAM
village_587366,587366,MALLEPALLE
village_587367,587367,UPPALAPADU
village_587368,587368,TALLURU
village_587369,587369,PRO. RAGAMPETA
village_587370,587370,BORRAMPALEM
village_587371,587371,YELLAMILLI
village_587372,587372,P.NAYAKAMPALLE
village_587373,587373,YERRAMPALEM
village_587374,587374,SURAMPALEM
village_587375,587375,KOTI
village_587376,587376,BODLEDDUPALEM
village_587377,587377,KOTIKESAVARAM
village_587378,587378,RAGHAVAPURAM
village_587379,587379,SRIRANGAPATNAM
village_587380,587380,KORUKONDA
village_587381,587381,JAMBUPATNAM
village_587382,587382,NARASAPURAM
village_587383,587383,KANUPURU
village_587384,587384,GADARADA
village_587385,587385,NARASIMHAPURA AGRAHARAM
village_587386,587386,DOSAKAYALAPALLE
village_587387,587387,BURUGUPUDI
village_587388,587388,KAPAVARAM
village_587389,587389,MUNAGALA
village_587390,587390,BUTCHEMPETA
village_587391,587391,MADHURAPUDI
village_587392,587392,GADALA
village_587393,587393,NIDIGATLA
village_587394,587394,TORREDU
village_587395,587395,KOLAMURU
village_587396,587396,RAJAVOLU
village_587397,587397,KATHERU (CT)
village_587398,587398,MORAMPUDI (CT)
village_587399,587399,HUKUMPETA (CT)
village_587400,587400,DOWLESWARAM (CT)
village_587401,587401,BOMMURU (OG)
village_587402,587402,RAJAHMUNDRY NMA (OG)
village_587403,587403,NANDARADA
village_587404,587404,KALAVACHERLA
village_587405,587405,RAJANAGARAM
village_587406,587406,NARENDRAPURAM
village_587407,587407,VELUGUBANDA
village_587408,587408,VENKATAPURAM
village_587409,587409,JAGANNADHAPURAM AGRAHARAM
village_587410,587410,KANAVARAM
village_587411,587411,SRIKRISHNAPATNAM
village_587412,587412,PALACHARLA
village_587413,587413,BHUPALAPATNAM
village_587414,587414,NAMAVARAM
village_587415,587415,KONDA GUNTURU
village_587416,587416,G. YERRAMPALEM
village_587417,587417,PATHA THUNGAPADU
village_587418,587418,THOKADA
village_587419,587419,MUKKINADA
village_587420,587420,SOUTH THIRUPATHI RAJAPURAM
village_587421,587421,VADISALERU
village_587422,587422,RANGAMPETA
village_587423,587423,PEDARAYAVARAM
village_587424,587424,KOTAPADU
village_587425,587425,VENKATAPURAM
village_587426,587426,SUBHADRAMPETA
village_587427,587427,MUKUNDAVARAM
village_587428,587428,ELAKOLANU
village_587429,587429,VEERAMPALEM
village_587430,587430,G. DONTHAMURU
village_587431,587431,DODDIGUNTA
village_587432,587432,MARRIPUDI
village_587433,587433,SINGAMPALLE
village_587434,587434,NALLAMILLI
village_587435,587435,PEDABRAHMADEVAM
village_587436,587436,G. MEDAPADU
village_587437,587437,VETLAPALEM
village_587438,587438,JAGGAMMAGARIPETA (R)
village_587439,587439,KAPAVARAM
village_587440,587440,PAVARA
village_587441,587441,PANDRAVADA
village_587442,587442,NAVARA
village_587443,587443,P. VEMAVARAM
village_587444,587444,UNDURU
village_587445,587445,VALLURU
village_587446,587446,PANASAPADU
village_587447,587447,KOPPAVARAM
village_587448,587448,MAMILLADODDI
village_587449,587449,VENKATA KRISHNARAYAPURAM
village_587450,587450,BOYANAPUDI
village_587451,587451,MADHAVAPATNAM
village_587452,587452,B. KOTHURU
village_587453,587453,JAGAPATHIRAJAPURAM
village_587454,587454,VELDURTHI
village_587455,587455,PRO. DONTHAMURU
village_587456,587456,PRO. RAYAVARAM
village_587457,587457,BHOGAPURAM
village_587458,587458,RAPARTHI
village_587459,587459,JAMULAPALLE
village_587460,587460,GOKIVADA
village_587461,587461,MANGITURTHI
village_587462,587462,VIRAVA
village_587463,587463,KOLANKA
village_587464,587464,VEERARAGHAVAPURAM
village_587465,587465,ILLINDRADA
village_587466,587466,MADHAVAPURAM
village_587467,587467,AGRAHARAM (R)
village_587468,587468,VIRAVADA
village_587469,587469,MALLAM
village_587470,587470,FAKRUDDINPALEM
village_587471,587471,JALLURU
village_587472,587472,GOVINDARAJUPALEM
village_587473,587473,SOMAVARAM
village_587474,587474,KANDARADA
village_587475,587475,CHITRADA
village_587476,587476,NAVAKANDRAVADA
village_587477,587477,KUMARAPURAM (OG)
village_587478,587478,P. ISUKAPALLE
village_587479,587479,NAGULAPALLE
village_587480,587480,RAMANAKKAPETA
village_587481,587481,PONNADA
village_587482,587482,MULAPETA
village_587483,587483,AMARAVALLI
village_587484,587484,YENDAPALLE
village_587485,587485,VAKATIPPA
village_587486,587486,KONDEVARAM
village_587487,587487,GORSA
village_587488,587488,KOMARAGIRI
village_587489,587489,KUTUKUDUMILLI
village_587490,587490,KOTHAPALLE
village_587491,587491,AMINABADA
village_587492,587492,UPPADA
village_587493,587493,SUBBAMPETA
village_587494,587494,THIMMAPURAM
village_587495,587495,PANDURU
village_587496,587496,NEMAM
village_587497,587497,THAMMAVARAM
village_587498,587498,PENUMARTHI
village_587499,587499,KOVVADA
village_587500,587500,REPURU
village_587501,587501,KOVVURU
village_587502,587502,RAMANAYYAPETA (CT)
village_587503,587503,SURYARAOPETA (CT)
village_587504,587504,CHIDIGA (CT)
village_587505,587505,SARPAVARAM (OG)
village_587506,587506,GANGANAPALLI (OG)
village_587507,587507,TURANGI (OG)
village_587508,587508,VAKALAPUDI (OG)
village_587509,587509,G. MAMIDADA
village_587510,587510,PEDDADA
village_587511,587511,PEDAPUDI
village_587512,587512,DOMADA
village_587513,587513,ATCHUTAPURATRAYAM
village_587514,587514,KARAKUDURU
village_587515,587515,KAIKAVOLU
village_587516,587516,KUMARAPRIYAM
village_587517,587517,PUTTAKONDA
village_587518,587518,GANDREDU
village_587519,587519,RAJUPALEM
village_587520,587520,PYNA
village_587521,587521,VENDRA
village_587522,587522,CHINTAPALLE
village_587523,587523,SAMPARA
village_587524,587524,KANDREGULA
village_587525,587525,SAHAPURAM
village_587526,587526,RANGAPURAM
village_587527,587527,ILLAPALLE
village_587528,587528,THUMMALAPALLE
village_587529,587529,RALLAKHANDRIKA
village_587530,587530,BICCAVOLU
village_587531,587531,BALABHADRAPURAM
village_587532,587532,KAPAVARAM
village_587533,587533,KOMARIPALEM
village_587534,587534,TOSSIPUDI
village_587535,587535,PANDALAPAKA
village_587536,587536,VOOLAPALLE
village_587537,587537,KONKUDURU
village_587538,587538,ARIKAREVULA
village_587539,587539,MELLURU
village_587540,587540,DUPPALAPUDI
village_587541,587541,ANAPARTHY
village_587542,587542,KOPPAVARAM
village_587543,587543,MAHENDRAWADA
village_587544,587544,POLAMURU
village_587545,587545,RAMAVARAM
village_587546,587546,KUTUKULURU
village_587547,587547,PEDAPARTHI
village_587548,587548,PULAGURTHA
village_587549,587549,VEMAGIRI
village_587550,587550,KADIAM
village_587551,587551,JEGURUPADU
village_587552,587552,DAMIREDDIPALLE
village_587553,587553,VEERAVARAM
village_587554,587554,MURAMANDA
village_587555,587555,DULLA
village_587556,587556,PERAVARAM
village_587557,587557,RAJAVARAM
village_587558,587558,VALICHERU
village_587559,587559,VADDIPARRU
village_587560,587560,PULIDINDI
village_587561,587561,VASANTHAWADA
village_587562,587562,UTCHILI
village_587563,587563,ATREYAPURAM
village_587564,587564,KATTUNGA
village_587565,587565,LOLLA
village_587566,587566,VADAPALLE
village_587567,587567,NARKEDIMILLI
village_587568,587568,ANKAMPALEM
village_587569,587569,RYALI
village_587570,587570,MERLAPALEM
village_587571,587571,KESAVARAM
village_587572,587572,VEMULAPALLE @ SEETAYYAPALEM
village_587573,587573,DWARAPUDI
village_587574,587574,CHINADEVARAPUDI
village_587575,587575,Z.MEDAPADU
village_587576,587576,MERUIPADU
village_587577,587577,VELAGATHODU
village_587578,587578,PALATHODU
village_587579,587579,IPPANAPADU
village_587580,587580,TAPESWARAM
village_587581,587581,YEDITHA
village_587582,587582,ARTHAMURU
village_587583,587583,MAREDUBAKA (PART)
village_587584,587584,LOLLA
village_587585,587585,VEDURUPAKA
village_587586,587586,NADURUBADA
village_587587,587587,PASALAPUDI
village_587588,587588,SOMESWARAM
village_587589,587589,MACHAVARAM
village_587590,587590,CHELLURU
village_587591,587591,VENTURU
village_587592,587592,KURMAPURAM
village_587593,587593,KURAKALLAPALLE
village_587594,587594,ARATLAKATTA
village_587595,587595,Z. BHAVARAM
village_587596,587596,NADAKUDURU
village_587597,587597,GURAJANAPALLE
village_587598,587598,PENUGUDURU
village_587599,587599,KORIPALLE
village_587600,587600,KARAPA
village_587601,587601,PATHARLAGADDA
village_587602,587602,GORRIPUDI
village_587603,587603,KONGODU
village_587604,587604,VEMULAVADA
village_587605,587605,VAKADA
village_587606,587606,KURADA
village_587607,587607,CHINA MAMIDADA
village_587608,587608,VELANGI
village_587609,587609,SIRIPURAM
village_587610,587610,G. BHAVARAM
village_587611,587611,YANDAMURU
village_587612,587612,PEDDAPURAPADU
village_587613,587613,JAGANNATHAGIRI
village_587614,587614,TARLAMPUDI
village_587615,587615,MATHUKUMILLI
village_587616,587616,BANDANAPUDI
village_587617,587617,ARYAVATAM
village_587618,587618,GOLLAPALEM
village_587619,587619,SELAPAKA
village_587620,587620,MANJERU
village_587621,587621,SEELA
village_587622,587622,KAJULURU
village_587623,587623,CHEDUVADA
village_587624,587624,ITHAPUDI
village_587625,587625,TANUMALLA
village_587626,587626,PENUMALLA
village_587627,587627,ANDRANGI
village_587628,587628,KUYYERU
village_587629,587629,DUGGUDURRU
village_587630,587630,UPPUMILLI
village_587631,587631,KOLANKA
village_587632,587632,PALLIPALEM
village_587633,587633,CHODAVARAM
village_587634,587634,AMBIKAPALLE AGRAHARAM
village_587635,587635,NARASAPURAPUPETA
village_587636,587636,ODURU
village_587637,587637,YANAMADALA
village_587638,587638,TADIPALLE
village_587639,587639,KAPAVARAM
village_587640,587640,KANDULAPALEM
village_587641,587641,VELLA
village_587642,587642,YERUPALLE
village_587643,587643,UTRUMILLI
village_587644,587644,VELAMPALEM
village_587645,587645,JAGANNAIKULAPALEM
village_587646,587646,DRAKSHARAMA
village_587647,587647,VENKATAYAPALEM
village_587648,587648,VEGAYAMMAPETA
village_587649,587649,THOTAPETA
village_587650,587650,HASANBADA
village_587651,587651,UNDURU
village_587652,587652,BHEEMAKROSUPALEM
village_587653,587653,BADUGUVANILANKA
village_587654,587654,MADIKI
village_587655,587655,CHOPPELA
village_587656,587656,NARSIPUDI
village_587657,587657,MODUKURU
village_587658,587658,GUMMILERU
village_587659,587659,PINAPALLE
village_587660,587660,PEDAPALLE
village_587661,587661,KALAVACHERLA
village_587662,587662,PENIKERU
village_587663,587663,NAVABPETA
village_587664,587664,JONNADA
village_587665,587665,ALAMURU
village_587666,587666,CHINTALURU
village_587667,587667,SANDHIPUDI
village_587668,587668,UBALANKA
village_587669,587669,RAVULAPALEM
village_587670,587670,KOMARAJU LANKA
village_587671,587671,VEDIRESWARAM
village_587672,587672,LAKSHMIPOLAVARAM
village_587673,587673,JUTHIGAPADU
village_587674,587674,PODAGATLAPALLE
village_587675,587675,GOPALAPURAM
village_587676,587676,ITHAKOTA
village_587677,587677,DEVARAPALLE
village_587678,587678,MUMMIDIVARAPPADU
village_587679,587679,MANDAPALLE
village_587680,587680,KOTHAPETA
village_587681,587681,VADAPALEM
village_587682,587682,PALIVELA
village_587683,587683,GANTI
village_587684,587684,AVIDI
village_587685,587685,BILLA KURRU
village_587686,587686,KHANDRIKA
village_587687,587687,VANAPALLE
village_587688,587688,MODEKURRU
village_587689,587689,NELATURU
village_587690,587690,VALLURU
village_587691,587691,NIDASANAMETTA
village_587692,587692,VADLAMURU
village_587693,587693,KALERU
village_587694,587694,NALLURU
village_587695,587695,VEDURUMUDI
village_587696,587696,ANGARA
village_587697,587697,PADAMATI KHANDRIKA
village_587698,587698,TEKI
village_587699,587699,VAKATIPPA
village_587700,587700,MACHARA
village_587701,587701,KORUMILLI
village_587702,587702,KAPILESWARAPURAM
village_587703,587703,THATAPUDI
village_587704,587704,YENDAGANDI
village_587705,587705,PAMARRU
village_587706,587706,AMJURU
village_587707,587707,PANINGAPALLE
village_587708,587708,KUNDURU
village_587709,587709,SIVALA
village_587710,587710,YERRAA POTHAVARAM
village_587711,587711,VILASA GANGAVARAM
village_587712,587712,ADDAMPALLE
village_587713,587713,BALANTHARAM
village_587714,587714,PEKERU
village_587715,587715,GUDIGALLA BHAGA
village_587716,587716,GUDIGALLA
village_587717,587717,KUDUPURU
village_587718,587718,DANGERU
village_587719,587719,GANGAVARAM
village_587720,587720,THAMARAPALLE
village_587721,587721,SATYAWADA
village_587722,587722,KOOLLA
village_587723,587723,KOTIPALLE
village_587724,587724,SUNDARAPALLE
village_587725,587725,KOTA
village_587726,587726,BHATLA PALIKA
village_587727,587727,MASAKAPALLE
village_587728,587728,CHOLLANGI
village_587729,587729,CHOLLANGI PETA
village_587730,587730,G. VEMAVARAM
village_587731,587731,PATAVALA
village_587732,587732,KORINGA
village_587733,587733,POLEKURRU
village_587734,587734,LATCHIPALEM
village_587735,587735,UPPANGALA
village_587736,587736,PILLANKA
village_587737,587737,INJARAM
village_587738,587738,SUNKARAPALEM
village_587739,587739,NEELAPALLE
village_587740,587740,P. MALLAVARAM
village_587741,587741,PASUVULLANKA
village_587742,587742,KOMARAGIRI
village_587743,587743,PATHA INJARAM
village_587744,587744,YEDURULANKA
village_587745,587745,GUTHINADEEVI
village_587746,587746,G. VEMAVARAM
village_587747,587747,T. KOTHAPALLE
village_587748,587748,I. POLAVARAM
village_587749,587749,MURAMALLA
village_587750,587750,KESANAKURRU
village_587751,587751,THILLAKKUPPA
village_587752,587752,KAMINI
village_587753,587753,TANELANKA
village_587754,587754,KOMANAPALLE
village_587755,587755,ANNAMPALLE
village_587756,587756,GADILANKA
village_587757,587757,KOTHALANKA
village_587758,587758,MUMMIDIVARAM
village_587759,587759,KRAPA CHINTALAPUDI
village_587760,587760,ANANTHAVARAM
village_587761,587761,CH. GUNNEPALLE
village_587762,587762,AINAPURAM
village_587763,587763,MADUPALLE
village_587764,587764,VEERAVALLIPALEM
village_587765,587765,CHINTANA LANKA
village_587766,587766,VELUVALAPALLE
village_587767,587767,AINAVILLI
village_587768,587768,TOTHARAMUDI
village_587769,587769,KOTIPALLI BHAGA
village_587770,587770,KONDUKUDURU
village_587771,587771,KRAPA
village_587772,587772,SANAPALLI LANKA
village_587773,587773,K. JAGANNADHAPURAM
village_587774,587774,SIRIPALLE
village_587775,587775,SIRASAVALLI SAVARAM
village_587776,587776,NEDUNURU
village_587777,587777,VILASA
village_587778,587778,MAGAM
village_587779,587779,POTHUKURRU
village_587780,587780,GANTI PEDAPUDI
village_587781,587781,UDUMUDI
village_587782,587782,KUNDALAPALLE
village_587783,587783,NARENDRAPURAM
village_587784,587784,BELLAMPUDI
village_587785,587785,LANKALAGANNAVARAM
village_587786,587786,PATHA GANNAVARAM
village_587787,587787,POTHAVARAM
village_587788,587788,MUNGANDA
village_587789,587789,MUNGANDAPALEM
village_587790,587790,MUNJAVARAM
village_587791,587791,KATHARLANKA
village_587792,587792,KARUPALLIPADU
village_587793,587793,VAINATEYA KOTHAPALLE
village_587794,587794,MONDEPU LANKA
village_587795,587795,VADREVUPALLE
village_587796,587796,MANEPALLE
village_587797,587797,YENUGUPALLE
village_587798,587798,CHIRATAPUDI
village_587799,587799,PULLETIKURRU
village_587800,587800,VAKKALANKA
village_587801,587801,PASUPALLE
village_587802,587802,MUKKAMALA
village_587803,587803,IRUSUMANDA
village_587804,587804,MOSALIPALLE
village_587805,587805,GANGALAKURRU
village_587806,587806,K. PEDAPUDI
village_587807,587807,ISUKAPUDI
village_587808,587808,MACHAVARAM
village_587809,587809,NANDAMPUDI
village_587810,587810,THONDAVARAM
village_587811,587811,PEDAPATNAM
village_587812,587812,APPANAPALLE
village_587813,587813,BOTLAKURRU DODDAVARAM
village_587814,587814,PASARLAPUDI
village_587815,587815,MAMIDIKUDURU
village_587816,587816,PEDAPATNAM LANKA
village_587817,587817,NAGARAM
village_587818,587818,MOGALIKUDURU
village_587819,587819,GEDDADA
village_587820,587820,EDARADA
village_587821,587821,MAKANAPALEM
village_587822,587822,LUTUKURRU
village_587823,587823,PASARLAPUDILANKA
village_587824,587824,ADURRU
village_587825,587825,KOMARADA
village_587826,587826,MAGATAPALLE
village_587827,587827,GOGANNAMATTAM
village_587828,587828,THATIPAKA
village_587829,587829,PODALADA
village_587830,587830,SOMPALLE
village_587831,587831,RAZOLE
village_587832,587832,SIVAKODU
village_587833,587833,B. SAVARAM
village_587834,587834,PALAGUMMI
village_587835,587835,KADALI
village_587836,587836,CHINTALAPALLE
village_587837,587837,KUNAVARAM
village_587838,587838,MULIKIPALLE
village_587839,587839,PONNAMANDA
village_587840,587840,KATREVUPADU
village_587841,587841,RAMARAJULANKA
village_587842,587842,GUDIMELLANKA
village_587843,587843,MATTAPARRU
village_587844,587844,LAKKAVARAM
village_587845,587845,VISWESWARAYAPURAM
village_587846,587846,MALIKIPURAM
village_587847,587847,KATTIWANDA
village_587848,587848,IRUSUMANDA
village_587849,587849,GUDAPALLE
village_587850,587850,KESANAPALLE
village_587851,587851,SANKARAGUPTHAM
village_587852,587852,RAMESWARAM
village_587853,587853,SAKHINETIPALLE
village_587854,587854,APPANARAMUNI LANKA
village_587855,587855,ANTARVEDIPALEM
village_587856,587856,MORI
village_587857,587857,GUDIMULA KANDRIKA
village_587858,587858,ANTARVEDI
village_587859,587859,KESAVADASUPALEM
village_587860,587860,BODASAKURRU
village_587861,587861,ALLAVARAM
village_587862,587862,GUDALA
village_587863,587863,TADIKONA
village_587864,587864,YENTRIKONA
village_587865,587865,DEVAGUPTAM
village_587866,587866,RELLUGADDA
village_587867,587867,GODILANKA
village_587868,587868,GODI
village_587869,587869,THURUPULANKA
village_587870,587870,MOGALLAMURU
village_587871,587871,BENDAMURULANKA
village_587872,587872,KOMARAGIRIPATNAM
village_587873,587873,SAMANTHAKURU
village_587874,587874,PALAGUMMI
village_587875,587875,NADIPUDI
village_587876,587876,NALLAMILLI
village_587877,587877,A. VEMAVARAM
village_587878,587878,BHATNAVILLI
village_587879,587879,AMALAPURAM (R)
village_587880,587880,JANUPALLE
village_587881,587881,EDARAPALLE
village_587882,587882,INDUPALLE
village_587883,587883,GUNNAPALLE AGRAHARAM
village_587884,587884,SAKURU
village_587885,587885,PERURU
village_587886,587886,IMMIDIVARAPPADU
village_587887,587887,THANDAVAPALLE
village_587888,587888,VANNE CHINTALAPUDI
village_587889,587889,SAMANASA
village_587890,587890,BANDARULANKA (CT)
village_587891,587891,VILASAVILLI
village_587892,587892,BHEEMANAPALLE
village_587893,587893,NANGAVARAM
village_587894,587894,SANNAVALLI
village_587895,587895,CHINAGEDAVALLI
village_587896,587896,PEDAGADAVILLI
village_587897,587897,MUNIPALLE
village_587898,587898,GOLLAVILLI
village_587899,587899,UPPALAGUPTAM
village_587900,587900,NIMMAKAYALA KOTHAPALLE
village_587901,587901,KUNAVARAM
village_587902,587902,GOPAVARAM
village_587903,587903,T. CHALLAPALLE
village_587904,587904,SURASANIYANAM
village_587905,587905,CHEYYERU
village_587906,587906,LAKSHMIWADA
village_587907,587907,PENUWALLA
village_587908,587908,BANTUMILLI
village_587909,587909,UPPUDI
village_587910,587910,KATRENIKONA
village_587911,587911,KUNDALESWARAM
village_587912,587912,NADAVAPALLE
village_587913,587913,DONTIKURRU
village_587914,587914,PALLAMKURRU
village_587915,587915,KANDIKUPPA
village_587916,587916,GEDDANAPALLE
village_587917,587917,CHIRRAYANAM
village_587918,587918,BRAHMASAMEDYAM
village_587919,587919,GURUBHATLAGUDEM
village_587920,587920,LINGAGUDEM
village_587921,587921,ENDAPALLE
village_587922,587922,VENKATARAYAPURAM
village_587923,587923,RAGHAVAPURAM
village_587924,587924,POTHUNURU
village_587925,587925,AMUDALACHALAKA
village_587926,587926,MALLAYAGUDEM
village_587927,587927,GANIJERLA
village_587928,587928,VENKATADRIGUDEM
village_587929,587929,VENKATAPURAM
village_587930,587930,NAMAVARAM
village_587931,587931,PATTAYAGUDEM
village_587932,587932,CHINTAMPALLE
village_587933,587933,GONNEPALLE
village_587934,587934,SEETHANAGARAM
village_587935,587935,RANGAPURAM KHANDRIKA
village_587936,587936,MADDIMETHINAGUDEM
village_587937,587937,ALLIPALLE
village_587938,587938,UTASAMUDRAM
village_587939,587939,ERRAGUNTAPALLE
village_587940,587940,GUDIPADUKHANDRIKA
village_587941,587941,SETTIVARIGUDEM
village_587942,587942,KANTAMPALEM
village_587943,587943,LAKSHMINARASIMHAPURAM
village_587944,587944,RECHARLA
village_587945,587945,GOPALAPURAM
village_587946,587946,TEEGALAVANCHA
village_587947,587947,CHINTALAPUDI
village_587948,587948,URLAGUDEM
village_587949,587949,KANUPADE
village_587950,587950,VENKAMMAPALEM
village_587951,587951,PONUKUMADU
village_587952,587952,PRAGADAVARAM
village_587953,587953,TALARLAPALLE
village_587954,587954,ERRAMPALLE
village_587955,587955,THIMMAREDDIPALLE
village_587956,587956,SANKUCHAKRAPURAM
village_587957,587957,YEDAVALLI
village_587958,587958,KALYANAMPADU
village_587959,587959,MALLESWARAM
village_587960,587960,LINGAPALEM
village_587961,587961,SINGAGUDEM
village_587962,587962,KOTHAPALLE
village_587963,587963,PATCHANAGARAM
village_587964,587964,KOTHULAGOKAVARAM
village_587965,587965,GANAPAVARIGUDEM
village_587966,587966,ASANNAGUDEM
village_587967,587967,VEMULAPALLE
village_587968,587968,PUPPALAVARIGUDEM
village_587969,587969,RANGAPURAM
village_587970,587970,POCHAVARAM
village_587971,587971,MULAGALAMPADU
village_587972,587972,BHOGOLE
village_587973,587973,CHANDRANNAPALEM
village_587974,587974,MATTAMGUDEM
village_587975,587975,JUVVACHALAKARAYUDUPALEM
village_587976,587976,KONIJERLA
village_587977,587977,DHARMAJIGUDEM
village_587978,587978,AYYAPARAJUGUDEM
village_587979,587979,KALARAYANAGUDEM
village_587980,587980,MUDICHERLA
village_587981,587981,BADARALA
village_587982,587982,KOLLIVARIGUDEM
village_587983,587983,MAKKINAVARIGUDEM
village_587984,587984,BANDIVARIGUDEM
village_587985,587985,APPALARAJUGUDEM
village_587986,587986,KRISHNAPURAM
village_587987,587987,VAKALAPUDI
village_587988,587988,T.NARASAPURAM
village_587989,587989,GURAVAIGUDEM
village_587990,587990,EPIGUNTA
village_587991,587991,TIRUMALADEVIPETA
village_587992,587992,RAMANNAPALEM
village_587993,587993,BORRAMPALEM
village_587994,587994,VALLAMPATLA
village_587995,587995,VELAGAPADU
village_587996,587996,KETHAVARAM
village_587997,587997,BANDAMCHERLA
village_587998,587998,GULAPALLE
village_587999,587999,RAJUPOTHEPALLE
village_588000,588000,TEDLAM
village_588001,588001,KRISHNARAOPALEM
village_588002,588002,SRIRAMAVARAM
village_588003,588003,LINGARAOPALEM
village_588004,588004,ALLAMCHERLARAJUPALEM
village_588005,588005,RACHANNAGUDEM
village_588006,588006,JAGANNADHAPURAM
village_588007,588007,PUCHIKAPADU
village_588008,588008,ANKANNA GUDEM
village_588009,588009,VEERAMPALEM
village_588010,588010,THATIRAMUDU GUDEM
village_588011,588011,GOPALAPURAM
village_588012,588012,LANKALAPALLE
village_588013,588013,JILLELLAGUDEM
village_588014,588014,BOTHAPPA GUDEM
village_588015,588015,KAMAYYA PALEM
village_588016,588016,ANKAMPALEM
village_588017,588017,NERSU GUDEM
village_588018,588018,TATIYAKULAGUDEM
village_588019,588019,JEELUGU MILLI
village_588020,588020,VANKAVARIGUDEM
village_588021,588021,BARRINKALAPADU
village_588022,588022,DANAMVARIGUDEM
village_588023,588023,PARIMPUDI NARAYANAPURAM
village_588024,588024,ROWTHUGUDEM
village_588025,588025,MULAGALAMPALLE
village_588026,588026,GANGANNAGUDEM
village_588027,588027,MADAKAMVARIGUDEM
village_588028,588028,KHANDRIKAPADU
village_588029,588029,DATLAVARIGUDEM
village_588030,588030,RAMANNAPALEM
village_588031,588031,PALACHERLA RAJAVARAM
village_588032,588032,DARBHAGUDEM
village_588033,588033,SWARNAVARIGUDEM
village_588034,588034,KORSAVARIGUDEM
village_588035,588035,ALIVERU
village_588036,588036,ANTARVEDIGUDEM
village_588037,588037,DORAMAMIDI
village_588038,588038,MUNJULURU
village_588039,588039,CHAMANAPALLE
village_588040,588040,KOTRUPALLE
village_588041,588041,URRINKA
village_588042,588042,GOGUMILLI
village_588043,588043,GUMMULURU
village_588044,588044,VEERANNA PALEM
village_588045,588045,UPPARILLI
village_588046,588046,DANDIPUDI
village_588047,588047,NAGAMPALEM
village_588048,588048,MANGAIAH PALEM
village_588049,588049,CHINTALAGUDEM
village_588050,588050,PULIRAMUDUGUDEM
village_588051,588051,KANNARAPPADU
village_588052,588052,KOPALLE
village_588053,588053,RAVVARIGUDEM
village_588054,588054,ITIKALAKUNTA
village_588055,588055,PALAKUNTA
village_588056,588056,NIMMALAGUDEM
village_588057,588057,RAMANNAGUDEM
village_588058,588058,BUTTAYAGUDEM
village_588059,588059,JAGGISETTI GUDEM
village_588060,588060,GANAPAVARAM
village_588061,588061,JAINAVARIGUDEM
village_588062,588062,MARLAGUDEM
village_588063,588063,SEETARAMA NAGARAM
village_588064,588064,BUSARAJUPALLE
village_588065,588065,LAKSHMUDUGUDEM
village_588066,588066,KOYARAJAHMUNDRY
village_588067,588067,NUTIRAMANNAPALEM
village_588068,588068,BOTHAPPAGUDEM
village_588069,588069,ATCHIAHPALEM
village_588070,588070,RAGAPPAGUDEM
village_588071,588071,KHANDRIKAGUDEM
village_588072,588072,CHEEMALAVARIGUDEM
village_588073,588073,AMMAPALEM
village_588074,588074,MERAKAGUDEM
village_588075,588075,GUNJAVARAM
village_588076,588076,KURASAKANNAPPAGUDEM
village_588077,588077,KOTARAMACHANDRAPURAM
village_588078,588078,YERRAYAGUDEM
village_588079,588079,PANDUGUDEM
village_588080,588080,BANDARLAGUDEM
village_588081,588081,KAMAYYAKUNTA
village_588082,588082,LANKA PALLE
village_588083,588083,LAKSHMIPURAM
village_588084,588084,KOVVADA
village_588085,588085,RAJANAGARAM
village_588086,588086,MUDDAPPAGUDEM
village_588087,588087,DHARVADA
village_588088,588088,CHILAKALURU
village_588089,588089,GEDDAPALLE
village_588090,588090,RAVIGUDEM
village_588091,588091,SIRIVAKA
village_588092,588092,KORUTURU
village_588093,588093,SIVAGIRI
village_588094,588094,CHEEDURU
village_588095,588095,TEKURU
village_588096,588096,THUTIGUNTA
village_588097,588097,KONDRUKOTA
village_588098,588098,SINGANAPALLE
village_588099,588099,CHEGONDAPALLE
village_588101,588101,POLAVARAM
village_588102,588102,VINJARAM
village_588103,588103,NAGAMPALEM
village_588104,588104,SARIPALLEKUNTA
village_588105,588105,LAKSHMINARAYANA DEVIPETA
village_588106,588106,PRAGADA PALLE
village_588107,588107,VENKATAPURAM
village_588108,588108,PATTISAM
village_588109,588109,GUTALA
village_588110,588110,BAYYAVARAM
village_588111,588111,THADIPUDI
village_588112,588112,RAGOLAPALLE
village_588113,588113,THUPAKULAGUDEM
village_588114,588114,POCHAVARAM
village_588115,588115,PAIDIMETTA
village_588116,588116,PRAKKILANKA
village_588117,588117,GAJJARAM
village_588118,588118,ANNADEVARAPETA
village_588119,588119,VEERABHADRAPURAM
village_588120,588120,KUKUNURU
village_588121,588121,THALLAPUDI
village_588122,588122,VEGESWARAPURAM
village_588123,588123,BALLIPADU
village_588124,588124,PEDDEVAM
village_588125,588125,TIRUGUDUMETTA
village_588126,588126,NALLAMILLIPADU
village_588127,588127,MALAKAPALLE
village_588128,588128,RAVURUPADU
village_588129,588129,KARAGAPADU
village_588130,588130,SAGIPADU
village_588131,588131,DONDAPUDI
village_588132,588132,GANGOLU
village_588133,588133,SAGGONDA
village_588134,588134,BHIMOLU
village_588135,588135,KOVVURUPADU
village_588136,588136,GUDDIGUDEM
village_588137,588137,NANDIGUDEM
village_588138,588138,KARICHARLAGUDEM
village_588139,588139,JAGANNADHAPURAM
village_588140,588140,GANGAVARAM
village_588141,588141,KOMATIGUNTA
village_588142,588142,VADALAKUNTA
village_588143,588143,GOPALAPURAM
village_588144,588144,VELLACHINTALAGUDEM
village_588145,588145,CHITYALA
village_588146,588146,VENKATAYAPALEM
village_588147,588147,CHERUKUMILLI
village_588148,588148,VEDANTHAPURAM
village_588149,588149,RAMANUJAPURAM
village_588150,588150,BAYYANAGUDEM
village_588151,588151,SARIPALLE
village_588152,588152,DIPPAKAYALAPADU
village_588153,588153,MAHADEVAPURAM
village_588154,588154,KANNAPURAM
village_588155,588155,MANGAPATHIDEVIPETA
village_588156,588156,PARIMPUDI
village_588157,588157,GAVARAVARAM
village_588158,588158,CHOPPARAMANNAGUDEM
village_588159,588159,KANNAYAGUDEM
village_588160,588160,PONGUTURU
village_588161,588161,EDUVADALAPALEM
village_588162,588162,RAJAVARAM
village_588163,588163,YERRAMPETA
village_588164,588164,KANAKADRIPURAM
village_588165,588165,KUNTALAGUDEM
village_588166,588166,AYYAVARIPOLAVARAM
village_588167,588167,TADUVAI
village_588168,588168,MATHANAGUDEM
village_588169,588169,MATHANAGUDEM
village_588170,588170,VEGAVARAM
village_588171,588171,PEDDIPALLE
village_588172,588172,MYSANAGUDEM
village_588173,588173,PULLEPUDI
village_588174,588174,PATTENAPALEM
village_588175,588175,AKKAMPETA
village_588176,588176,SREENIVASAPURAM
village_588177,588177,JANGAREDDIGUDEM
village_588178,588178,RAMACHARLAGUDEM
village_588179,588179,CHAKRADEVARAPALLE
village_588180,588180,DEVULAPALLE
village_588181,588181,AMMAPALEM
village_588182,588182,NIMMALAGUDEM
village_588183,588183,LAKKAVARAM
village_588184,588184,GURAVAIGUDEM
village_588185,588185,TIRUMALAPURAM
village_588186,588186,KETHAVARAM
village_588187,588187,PANGIDIGUDEM
village_588188,588188,RAJUNAGULAPALLE
village_588189,588189,GUNTUPALLE
village_588190,588190,MYSANAGUDEM
village_588191,588191,MANKENAPALLE
village_588192,588192,KONDAGUDEM
village_588193,588193,UPPALAPADU
village_588194,588194,RAVIKAMPADU
village_588195,588195,EDAVALLI
village_588196,588196,RAMANNAPALEM
village_588197,588197,VADLAPATLANUTHANAM
village_588198,588198,KAMAVARAPUKOTA
village_588199,588199,ANKALAMPADU
village_588200,588200,KHANDRIKA SEETHARAMAVARAM
village_588201,588201,KALLACHERUVU
village_588202,588202,POLASIGUDEM
village_588203,588203,TADIKALAPUDI
village_588204,588204,SAYANARAOPALEM
village_588205,588205,CHELIKANIVANIPOTHEPALLE
village_588206,588206,KODIGUDEM
village_588207,588207,G.KOTHAPALLE
village_588208,588208,I.S.RAGHAVAPURAM
village_588209,588209,I.S.JAGANNADHAPURAM
village_588210,588210,KOMMARA(NORTH)
village_588211,588211,KOMMARA(SOUTH)
village_588212,588212,DORASANIPADU
village_588213,588213,GUNDUGOLANUKUNTA
village_588214,588214,MALLESWARAM
village_588215,588215,RALLAKUNTA
village_588216,588216,SATHENAGUDEM
village_588217,588217,KOMMUGUDEM
village_588218,588218,VENKATAKRISHNAPURAM
village_588219,588219,RAMANNAGUDEM
village_588220,588220,THIMMAPURAM
village_588221,588221,LINGARAOPALEM
village_588222,588222,MALASANIKUNTA
village_588223,588223,TIRUMALAMPALEM
village_588224,588224,KRISHNAPURAM
village_588225,588225,HAVELILINGAPALEM
village_588226,588226,VEMPADU
village_588227,588227,PANGIDIGUDEM
village_588228,588228,M.NAGULAPALLE
village_588229,588229,NARAYANAPURAM
village_588230,588230,JAJULAKUNTA
village_588231,588231,GUNNAMPALLE
village_588232,588232,GOLLAVADI KUNTA KHANDRIKA
village_588233,588233,SARABHAPURAM
village_588234,588234,GOPIKUNTA KHANDRIKA
village_588235,588235,P.KANNAPURAM
village_588236,588236,SATTALA
village_588237,588237,DADAVALLI
village_588238,588238,DWARAKATIRUMALA (CT)
village_588239,588239,ANUMUNILANKA
village_588240,588240,POTHAVARAM
village_588241,588241,ANANTHAPALLE
village_588242,588242,SANJEEVAPURAM
village_588243,588243,VEERAVALLI
village_588244,588244,GUNDEPALLE @ CHODAVARAM(EAST)
village_588245,588245,CHODAVARAM (WEST)
village_588246,588246,CHEEPURUGUDEM
village_588247,588247,NALLAJERLA
village_588248,588248,DUBACHERLA
village_588249,588249,MARELLAMUDI
village_588250,588250,AVAPADU
village_588251,588251,PRAKASARAOPALEM
village_588252,588252,TELIKICHERLA
village_588253,588253,YADAVOLE
village_588254,588254,CHINNAYAGUDEM
village_588255,588255,YERNAGUDEM
village_588256,588256,TYAJAMPUDI
village_588257,588257,KURUKURU
village_588258,588258,PALLANTLAI
village_588259,588259,DHUMANTHUNIGUDEM
village_588260,588260,DEVARAPALLE
village_588261,588261,LAXMIPURAM
village_588262,588262,BANDAPURAM
village_588263,588263,DUDDUKURU
village_588264,588264,GOWRIPATNAM
village_588265,588265,KONDAGUDEM
village_588266,588266,DECHERLA
village_588267,588267,ISUKAPATLAPANGIDI
village_588268,588268,DOMMERU
village_588269,588269,DHARMAVARAM
village_588270,588270,PENAKANAMETTA
village_588271,588271,CHIDIPI
village_588272,588272,KUMARADEVAM
village_588273,588273,ARIKIREVULA
village_588274,588274,NANDAMURU
village_588275,588275,PASIVEDALA
village_588276,588276,VEMULURU
village_588277,588277,THOGUMMI
village_588278,588278,VADAPALLE
village_588279,588279,MADDURU
village_588280,588280,CHIGURULANKA
village_588281,588281,MADDURULANKA
village_588282,588282,CHIKKALA
village_588283,588283,CHAGALLU
village_588284,588284,NELATURU
village_588285,588285,MALLAVARAM
village_588286,588286,MARKONDAPADU
village_588287,588287,NANDIGAMPADU
village_588288,588288,UNAGATLA
village_588289,588289,KALAVALAPALLE
village_588290,588290,SINGANAMUPPAVARAM
village_588291,588291,BRAHMANAGUDEM
village_588292,588292,DARAVARAM
village_588293,588293,AMMEPALLE
village_588294,588294,MEDIPALLE
village_588295,588295,KORUMAMIDI
village_588296,588296,VISSAMPALEM
village_588297,588297,TADIMALLA
village_588298,588298,UNAKARAMILLI
village_588299,588299,RAVIMETLA
village_588300,588300,SANKARAPURAM
village_588301,588301,SURAPURAM
village_588302,588302,THIMMARAJUPALEM
village_588303,588303,NIDADAVOLE (R)
village_588304,588304,GOPAVARAM
village_588305,588305,VIJJESWARAM
village_588306,588306,PURUSHOTHAPALLE
village_588307,588307,PANDALAPARRU
village_588308,588308,D.MUPPAVARAM
village_588309,588309,ATLAPADU
village_588310,588310,SINGAVARAM
village_588311,588311,J.KHANDRIKA
village_588312,588312,SETTIPETA
village_588313,588313,MUNIPALLE
village_588314,588314,KALAVACHERLA
village_588315,588315,JEEDIGUNTALANKA
village_588316,588316,JEEDIGUNTA
village_588317,588317,KORUPALLE
village_588318,588318,PENDYALA
village_588319,588319,VEERAMPALEM
village_588320,588320,KUNAVARAM
village_588321,588321,KOMMUGUDEM
village_588322,588322,APPARAOPETA
village_588323,588323,KADIYEDDA
village_588324,588324,JAGGANNAPETA
village_588325,588325,VENKATRAMANNAGUDEM
village_588326,588326,TADEPALLE
village_588327,588327,KONDRUPROLU
village_588328,588328,PADALA
village_588329,588329,KUNCHANAPALLE (PART)
village_588330,588330,ARUGOLANU
village_588331,588331,MADHAVARAM
village_588332,588332,JAGANNADHAPURAM
village_588333,588333,NANDAMURU
village_588334,588334,ARULLA
village_588335,588335,NAWABPALEM
village_588336,588336,KRISHNAYAPALEM
village_588337,588337,NALLAMADU
village_588338,588338,A.GOKAVARAM
village_588339,588339,GOPINADHAPATNAM
village_588340,588340,UNGUTURU
village_588341,588341,VELLAMILLI
village_588342,588342,BADAMPUDI
village_588343,588343,BOMMIDI
village_588344,588344,KAGUPADU
village_588345,588345,RAVULAPARRU
village_588346,588346,CHEBROLU
village_588347,588347,CHEBROLE KHANDRIKA
village_588348,588348,KAIKARAM
village_588349,588349,TALLAPURAM
village_588350,588350,RACHURU
village_588351,588351,DONTAVARAM
village_588352,588352,KAKARLAMUDI
village_588353,588353,VENKATADRIAPPARAOPURAM
village_588354,588354,POLASANIPALLE
village_588355,588355,SURAPPAGUDEM
village_588356,588356,BHIMADOLE
village_588357,588357,AMBERPETA
village_588358,588358,DUDDEPUDI
village_588359,588359,KODURUPADU
village_588360,588360,PULLA
village_588361,588361,GUNDUGOLANU
village_588362,588362,AGADALLANKA
village_588363,588363,CHETTUNNAPADU
village_588364,588364,MALLAVARAM
village_588365,588365,RAJAMPALEM
village_588366,588366,BAPIRAJUGUDEM
village_588367,588367,KONDALARAOPALEM
village_588368,588368,RAYANNAPALEM
village_588369,588369,NYAYAMPALLE
village_588370,588370,RAMASINGAVARAM
village_588371,588371,TALLAGOKAVARAM
village_588372,588372,VEGIVADAVARAM
village_588373,588373,BATHEVARAM
village_588374,588374,K.KANNAPURAM
village_588375,588375,CHAKRAYAGUDEM
village_588376,588376,MUNDUR
village_588377,588377,PEDAVEGI
village_588378,588378,MUTHANAVEEDU
village_588379,588379,MYLAVARAPUVARIGUDEM
village_588380,588380,NADUPALLE
village_588381,588381,VIJAYARAI
village_588382,588382,ALLIVEEDU
village_588383,588383,JAGANNADHAPURAM
village_588384,588384,KAVAGUNTA
village_588385,588385,VANGURU
village_588386,588386,PINAKADIMI
village_588387,588387,SINGAVARAM
village_588388,588388,KOPPAKA
village_588389,588389,BHOGAPURAM
village_588390,588390,DUGGIRALA
village_588391,588391,GOKINEPALLE
village_588392,588392,DONDAPADU
village_588393,588393,VEMPADU
village_588394,588394,KOKKIRAPADU
village_588395,588395,KALAPARRU
village_588396,588396,GOGULAPADU
village_588397,588397,VATLURU
village_588398,588398,KOTHURU
village_588399,588399,BURUGAGUDEM
village_588400,588400,TALLAGUDEM
village_588401,588401,MUPPARRU
village_588402,588402,EDULAKUNTA
village_588403,588403,PUNUKOLLU II
village_588404,588404,RAVULAKUNTA
village_588405,588405,PEDAPADU II
village_588406,588406,PEDAPADU I
village_588407,588407,PUNUKOLLU I
village_588408,588408,NANDIKESWARAPURAM
village_588409,588409,RAJUPETA
village_588410,588410,VASANTAWADA-I
village_588411,588411,TALLAMUDI
village_588412,588412,EPURU
village_588413,588413,AMRUTALINGAMPETA
village_588414,588414,VASANTAWADA-II
village_588415,588415,GOGUNTA
village_588416,588416,KONIKI
village_588417,588417,SAKALAKOTHAPALLE
village_588418,588418,SATYAVOLU
village_588419,588419,CHODIMELLA
village_588420,588420,ELURU (R) (PART)
village_588421,588421,KOMADAVOLU (OG) (PART)
village_588422,588422,MALKAPURAM
village_588423,588423,CHATAPARRU
village_588424,588424,JALIPUDI
village_588425,588425,KATLAMPUDI
village_588426,588426,MADEPALLE
village_588427,588427,PONANGI
village_588428,588428,MANURU
village_588429,588429,SREEPARRU
village_588430,588430,KALAKURRU
village_588431,588431,KOMATILANKA
village_588432,588432,GUDIVAKALANKA
village_588433,588433,KOKKIRAILANKA
village_588434,588434,PYDICHINTAPADU
village_588435,588435,PRATHIKOLLANKA
village_588436,588436,SANIVARAPUPETA (CT)
village_588437,588437,SATRAMPADU (CT)
village_588438,588438,GAVARAVARAM (CT)
village_588439,588439,TANGELLAMUDI (CT)
village_588440,588440,MEDINARAOPALEM
village_588441,588441,CHALLACHINTALAPUDI
village_588442,588442,RAMARAOGUDEM
village_588443,588443,MALAKACHERLA
village_588444,588444,THIMMANNAGUDEM
village_588445,588445,NARASIMHAPURAM
village_588446,588446,MUPPAVARAM
village_588447,588447,SINGAVARAM
village_588448,588448,KOMIREPALLE
village_588449,588449,KOTHAGUDEM
village_588450,588450,SRIRAMAVARAM
village_588451,588451,GUDIGUNTA
village_588452,588452,AKKIREDDIGUDEM
village_588453,588453,NAGULADEVUNIPADU
village_588454,588454,SAANIGUDEM
village_588455,588455,GALAYAGUDEM
village_588456,588456,GOPANNAPALEM
village_588457,588457,KOTHAPALLE
village_588458,588458,CHALLAPALLE
village_588459,588459,SOMAVARAPPADU
village_588460,588460,VEGAVARAM
village_588461,588461,UPPUGUDEM
village_588462,588462,DENDULURU
village_588463,588463,KOVVALI
village_588464,588464,DOSAPADU
village_588465,588465,POTHUNURU
village_588466,588466,THOKALAPALLE
village_588467,588467,BYNEPALLE
village_588468,588468,AMUDALAPALLE
village_588469,588469,CHINANINDRAKOLANU
village_588470,588470,DEVARAGOPAVARAM
village_588471,588471,PEDANINDRAKOLANU
village_588472,588472,NARASIMHAPURAM
village_588473,588473,NIDAMARRU
village_588474,588474,GUNAPARRU
village_588475,588475,VIPPARTHIKHANDRIKA
village_588476,588476,MANDALAPARRU
village_588477,588477,NAGANAMILLI
village_588478,588478,PEDARAMACHANDRAPURAM
village_588479,588479,VENKATAPURAM
village_588480,588480,THIMMARAOGUDEM
village_588481,588481,ADAVIKOLANU
village_588482,588482,KAKARAMILLI
village_588483,588483,BUVVANAPALLE
village_588484,588484,ENIKEPALLE
village_588485,588485,KRISHNAPURAM
village_588486,588486,CHANAMILLI
village_588487,588487,SIDDAPURAM
village_588488,588488,BAVAYAPALEM
village_588489,588489,KROVVIDI
village_588490,588490,JATLAPALEM
village_588491,588491,NARASIMHA APPARAOPURAM
village_588492,588492,PADAMARA VIPPARRU
village_588493,588493,PARIMELLA
village_588494,588494,YANALAPALLE
village_588495,588495,UMAMAHESWARAM
village_588496,588496,PENTAPADU
village_588497,588497,DEVARACHERUVUKHANDRIKA
village_588498,588498,KASPAPENTAPADU
village_588499,588499,AKUTEEGAPADU
village_588500,588500,MUDUNURU
village_588501,588501,DARSIPARRU (R)
village_588502,588502,PRATHIPADU
village_588503,588503,ALAMPURAM
village_588504,588504,RACHARLA
village_588505,588505,VALLURUPALLE
village_588506,588506,BODAPADU
village_588507,588507,RAVIPADU
village_588508,588508,B.KONDEPADU
village_588509,588509,KORUMILLI
village_588510,588510,CHINTAPALLE
village_588511,588511,MEENA VALLURU
village_588512,588512,KALDHARI
village_588513,588513,VELIVENNU
village_588514,588514,DAMMENNU
village_588515,588515,MORTHA
village_588516,588516,CHILAKAPADU
village_588517,588517,PASALAPUDI
village_588518,588518,SURYARAOPALEM
village_588519,588519,VADLURU
village_588520,588520,SATYAWADA
village_588521,588521,CHIVATAM
village_588522,588522,KARRAVARISAVARAM
village_588523,588523,PALANGI
village_588524,588524,UNDRAJAVARAM
village_588525,588525,VELAGADURRU
village_588526,588526,TADIPARRU
village_588527,588527,NADUPALLE
village_588528,588528,KANURU
village_588529,588529,KANURUAGRAHARAM
village_588530,588530,USULUMARRU
village_588531,588531,TEEPARRU
village_588532,588532,KAKARAPARRU
village_588533,588533,AJJARAM
village_588534,588534,PERAVALI
village_588535,588535,KAPAVARAM
village_588536,588536,KOTHAPALLE AGRAHARAM
village_588537,588537,MUKKAMALA
village_588538,588538,KHANDAVALLI
village_588539,588539,MALLESWARAM
village_588540,588540,PITTALAVEMAVARAM
village_588541,588541,KONALA
village_588542,588542,MUDDAPURAM
village_588543,588543,DUVVA
village_588544,588544,TETALI
village_588545,588545,PYDIPARRU
village_588546,588546,MANDAPAKA (PART)
village_588547,588547,VELPURU
village_588548,588548,KOMARAVARAM
village_588549,588549,TIRUPATIPURAM
village_588550,588550,VARIGHEDU
village_588551,588551,GUMMAMPADU
village_588552,588552,BALLIPADU
village_588553,588553,ATTILI
village_588554,588554,PALI
village_588555,588555,MANCHILI
village_588556,588556,PALURU
village_588557,588557,KOMMARA
village_588558,588558,EDURU
village_588559,588559,KANCHUMARRU
village_588560,588560,SKINNERAPURAM
village_588561,588561,UNIKILI
village_588562,588562,ARAVALLI
village_588563,588563,JAGANNADHAPURAM
village_588564,588564,CHINARAMACHANDRAPURAM
village_588565,588565,SARIPALLE
village_588566,588566,GANAPAVARAM
village_588567,588567,KOMMARA
village_588568,588568,VELAGAPALLE
village_588569,588569,VARADARAJAPURAM
village_588570,588570,KOTHAPALLE
village_588571,588571,ARDHAVARAM
village_588572,588572,JALLIKAKINADA
village_588573,588573,MUGGULA
village_588574,588574,VALLURU
village_588575,588575,VEERESWARAPURAM
village_588576,588576,VAKAPALLE
village_588577,588577,CHERUKUGANUMA AGRAHARAM
village_588578,588578,KASIPADU
village_588579,588579,PIPPARA
village_588580,588580,KOMARRU
village_588581,588581,DASULAKUMUDAVALLI
village_588582,588582,MOYYERU
village_588583,588583,MUPPARTHIPADU
village_588584,588584,VENKATRAJAPURAM
village_588585,588585,AGRAHARAGOPAVARAM
village_588586,588586,KESAVARAM
village_588587,588587,SEETHALAMKONDE PADU
village_588588,588588,KOLLERU
village_588589,588589,PEDAKAPAVARAM
village_588590,588590,CHINAKAPAVARAM
village_588591,588591,GUMMULURU
village_588592,588592,TARATAVA
village_588593,588593,KOLLAPARRU
village_588594,588594,SIDDAPURAM
village_588595,588595,DHARMAPURAM
village_588596,588596,MADIVADA
village_588597,588597,AJJAMURU
village_588598,588598,AKIVIDU
village_588599,588599,DUMPAGADAPA
village_588600,588600,A.I.BHEEMAVARAM
village_588601,588601,CHERUKUMILLI
village_588602,588602,KUPPANAPUDI
village_588603,588603,KALIGOTLA
village_588604,588604,AREDU
village_588605,588605,PANDUVVA
village_588606,588606,PANDUVVAKHANDRIKA
village_588607,588607,UNUDURRU
village_588608,588608,YENDAGANDI
village_588609,588609,UPPULURU
village_588610,588610,CHILUKURU
village_588611,588611,KOLAMURU
village_588612,588612,PAMULAPARRU
village_588613,588613,ARTHAMURU
village_588614,588614,CHERUKUWADA
village_588615,588615,KALISIPUDI
village_588616,588616,UNDI
village_588617,588617,PEDAPULLERU
village_588618,588618,CHINAPULLURU
village_588619,588619,VANDRUM
village_588620,588620,NARASIMHARAJAPURA AGRAHARAM
village_588621,588621,VELIVARRU
village_588622,588622,MAHADEVAPATNAM
village_588623,588623,GARAGAPARRU
village_588624,588624,MYPA
village_588625,588625,KORUKOLLU
village_588626,588626,MOGALLU
village_588627,588627,KONDEPUDI
village_588628,588628,VENDRA AGRAHARAM
village_588629,588629,VENDRA
village_588630,588630,PALAKODERU
village_588631,588631,GOLLALAKODERU
village_588632,588632,KUMUDAVALLI
village_588633,588633,VISSAKODERU
village_588634,588634,GORAGANAMUDI
village_588635,588635,PENNADA AGRAHARAM
village_588636,588636,SRUNGAVRUKSHAM
village_588637,588637,SOMARAJUILLINDALAPARRU
village_588638,588638,MALLIPUDI
village_588639,588639,NATTARAMESWARAM
village_588640,588640,JUTTIGA
village_588641,588641,PENUMANTRA
village_588642,588642,MAMUDURU
village_588643,588643,POLAMURU
village_588644,588644,BHATLAMAGUTUR
village_588645,588645,ALAMURU
village_588646,588646,KOYYETIPADU
village_588647,588647,SATYAVARAM
village_588648,588648,NEGGIPUDI
village_588649,588649,MARTERU
village_588650,588650,VELAGALERU
village_588651,588651,ODURU
village_588652,588652,NELAMURU
village_588653,588653,RELANGI
village_588654,588654,KAVALIPURAM
village_588655,588655,GOTERU
village_588656,588656,KAKULAILLINDALAPARRU
village_588657,588657,SURAMPUDI
village_588658,588658,RAPAKA
village_588659,588659,THURUPUVIPPARRU
village_588660,588660,KANNAYAKUMUDAVALLI
village_588661,588661,REPAKAKHANDRIKA
village_588662,588662,PEKERU
village_588663,588663,ITEMPUDI
village_588664,588664,ELETIPADU
village_588665,588665,GARUVUGUNTAKHANDRIKA
village_588666,588666,IRAGAVARAM
village_588667,588667,KOTHAPADU
village_588668,588668,OGIDI
village_588669,588669,INAPARRU
village_588670,588670,KANTHERU
village_588671,588671,PODALADA
village_588672,588672,KATHAVAPADU
village_588673,588673,KAKILERU
village_588674,588674,CHERUKUWADA
village_588675,588675,VADALI
village_588676,588676,SIDHANTHAM
village_588677,588677,ILAPARRU
village_588678,588678,RAMANNAPALEM
village_588679,588679,MUNAMARRU
village_588680,588680,VENKATRAMAPURAM
village_588681,588681,VASAVI PENUGONDA
village_588682,588682,KOTHALAPARRU
village_588683,588683,TAMARADA
village_588684,588684,DEVA
village_588685,588685,MULAPARRU
village_588686,588686,NADIPUDI
village_588687,588687,CHINAMALLAM
village_588688,588688,ACHANTA
village_588689,588689,KODAMANCHILI
village_588690,588690,PEDAMALLAM
village_588691,588691,KODERU
village_588692,588692,KANDARAVALLI
village_588693,588693,KARUGORUMILLI
village_588694,588694,PENUMANCHILI
village_588695,588695,ACHANTA VEMAVARAM
village_588696,588696,VALLURU
village_588697,588697,BHIMALAPURAM
village_588698,588698,KAVITAM
village_588699,588699,JAGANNADHAPURAM
village_588700,588700,PANDITHAVILLURU
village_588701,588701,MINIMINCHILIPADU
village_588702,588702,PODURU
village_588703,588703,PEMMARAJUPOLAVARAM
village_588704,588704,KOMMUCHIKKALA
village_588705,588705,VEDANGI
village_588706,588706,JINNURU
village_588707,588707,METTAPARRU
village_588708,588708,PENUMADAM
village_588709,588709,GUMMALURU
village_588710,588710,RAVIPADU
village_588711,588711,VADDIPARRU
village_588712,588712,ANDALURU
village_588713,588713,NAVUDURU
village_588714,588714,KONITHIWADA
village_588715,588715,NELAPOGULA
village_588716,588716,MADUGUPOLAVARAM
village_588717,588717,RAYAKUDURU
village_588718,588718,PANJAVEMAVARAM
village_588719,588719,THOLERU
village_588720,588720,THOKALAPUDI
village_588721,588721,VEERAVASARAM
village_588722,588722,MACHIPURI
village_588723,588723,MACHIPURIPALEM
village_588724,588724,MENTEPUDI
village_588725,588725,BOBBANAPALLE
village_588726,588726,ANNAVARAM
village_588727,588727,NARASIMHAPURAM
village_588728,588728,KOVVADA
village_588729,588729,CHINAMIRAM (PART)
village_588730,588730,RAYALAM (R) (PART)
village_588731,588731,TADERU
village_588732,588732,YENAMADURRU
village_588733,588733,KOMARADA
village_588734,588734,ANAKODERU
village_588735,588735,LOSARIGUTLAPADU
village_588736,588736,DIRUSUMARRU
village_588737,588737,BETHAPUDI
village_588738,588738,TUNDURRU
village_588739,588739,VEMPA
village_588740,588740,ELURUPADU
village_588741,588741,KALLAKURU
village_588742,588742,PRATHALLAMERAKA
village_588743,588743,KALAVAPUDI
village_588744,588744,DODDANAPUDI
village_588745,588745,KALLA
village_588746,588746,KOLANAPALLE
village_588747,588747,SEESALI
village_588748,588748,JAKKARAM
village_588749,588749,PEDAMIRAM
village_588750,588750,VEMPADU
village_588751,588751,KOPALLE
village_588752,588752,BONDADA
village_588753,588753,KALIPATNAM
village_588754,588754,MUTYALAPALLE
village_588755,588755,SERIPALEM
village_588756,588756,MOGALTHUR
village_588757,588757,PERUPALEM
village_588758,588758,KUMMARAPURUGUPALEM
village_588759,588759,KAMSALIBETHAPUDI
village_588760,588760,KOPPARRU
village_588761,588761,MALLAVARAM
village_588762,588762,LIKHITHAPUDI
village_588763,588763,SARIPALLE
village_588764,588764,CHITTAVARAM
village_588765,588765,GONDI
village_588766,588766,NAVARASAPURAM
village_588767,588767,CHINAMAMIDIPALLE (R)
village_588768,588768,RUSTUMBADA (R)
village_588769,588769,SEETHARAMAPURAM
village_588770,588770,LAKSHMANESWARAM
village_588771,588771,LINGANA BOINACHERLA
village_588772,588772,THURPUTALLU
village_588773,588773,VEMULADEEVI
village_588774,588774,ARATLAKATLA
village_588775,588775,KAPAVARAM
village_588776,588776,CHINTAPARRU
village_588777,588777,LANKALAKODERU
village_588778,588778,DAGGULURU
village_588779,588779,BALLIPADU
village_588780,588780,PALAMURU
village_588781,588781,SIVADEVUNICHIKKALA
village_588782,588782,TILLAPUDI
village_588783,588783,VELIVELA
village_588784,588784,AGARRU
village_588785,588785,GORINTADA
village_588786,588786,CHANDAPARRU
village_588787,588787,DIGAMARRU
village_588788,588788,VARIDHANAM
village_588789,588789,PEDAMAMIDIPALLE
village_588790,588790,ULLAMPARRU (OG)
village_588791,588791,POOLAPALLE (OG)
village_588792,588792,PALACOLE (R) (OG)
village_588793,588793,NEREDUMILLI
village_588794,588794,PENUMARRU
village_588795,588795,GUMPARRU
village_588796,588796,BURUGUPALLE
village_588797,588797,DODDIPATLA
village_588798,588798,ILAPAKURRU
village_588799,588799,SIRAGALAPALLE
village_588800,588800,MEDAPADU
village_588801,588801,KONTHERU
village_588802,588802,UTADA
village_588803,588803,KAZA
village_588804,588804,KALAGAMPUDI
village_588805,588805,YENUGUVANILANKA
village_588806,588806,CHINCHINADA
village_588807,588807,YELAMANCHILI
village_588808,588808,POLAMPALLE
village_588809,588809,DABBAKUPALLE
village_588810,588810,LINGALA
village_588811,588811,GANGAVALLI
village_588812,588812,POCHAVARAM
village_588813,588813,KANNEVEEDU
village_588814,588814,INDUGAPALLE
village_588815,588815,PEDA MODUGAPALLE
village_588816,588816,CHINA MODUGAPALLE
village_588817,588817,GOPINENIPALEM
village_588818,588818,MANGOLLU
village_588819,588819,DECHUPALEM
village_588820,588820,VEERABHADRUNIPALEM
village_588821,588821,BHIMAVARAM
village_588822,588822,MAKKAPETA
village_588823,588823,HASANABADA
village_588824,588824,CHITTELA
village_588825,588825,VEMAVARAM
village_588826,588826,ALLURUPADU
village_588827,588827,VATSAVAI
village_588828,588828,VEMULANARVA
village_588829,588829,KAKARAVAI
village_588830,588830,MACHINENIPALEM
village_588831,588831,TALLURU
village_588832,588832,KAMBAMPADU
village_588833,588833,REBBAVARAM
village_588834,588834,TAKKELLAPADU
village_588835,588835,RAMACHANDRUNIPETA
village_588836,588836,GANDRAI
village_588837,588837,BUCHAVARAM
village_588838,588838,MALKAPURAM
village_588839,588839,TIRUMALAGIRI
village_588840,588840,RAVIKAMPADU
village_588841,588841,SHERMOHAMMEDPET
village_588842,588842,ANUMANCHIPALLE
village_588843,588843,GARIKAPADU
village_588844,588844,BALUSUPADU
village_588845,588845,ANNAVARAM
village_588846,588846,BUDAWADA
village_588847,588847,TRIPURAVARAM
village_588848,588848,TORRAGUNTAPALEM
village_588849,588849,CHILLAKALLU
village_588850,588850,GOWRAVARAM
village_588851,588851,POCHAMPALLE
village_588852,588852,JAYANTHIPURAM
village_588853,588853,KOWTHAVARI AGRAHARAM
village_588854,588854,MUKTESWARAPURAM
village_588855,588855,RAVIRALA
village_588856,588856,VEDADRI
village_588857,588857,BANDIPALEM
village_588858,588858,LINGAGUDEM
village_588859,588859,PENUGANCHIPROLU
village_588860,588860,MUCHINTALA @ BODAPADU
village_588861,588861,ANIGANDLAPADU
village_588862,588862,GUMMADIDURRU
village_588863,588863,VENKATAPURAM
village_588864,588864,KOLLIKULLA
village_588865,588865,SUBBAYAGUDEM
village_588866,588866,MUNDLAPADU
village_588867,588867,KONAKANCHI
village_588868,588868,NAWABPETA
village_588869,588869,THOTACHERLA
village_588870,588870,SANAGAPADU
village_588871,588871,PEDAVARAM
village_588872,588872,THAKKELLAPADU
village_588873,588873,MUNAGACHERLA
village_588874,588874,LATCHAPALEM
village_588875,588875,LINGALAPADU
village_588876,588876,ADIVIRAVULAPADU
village_588877,588877,KURUGANTIVARI KHANDRIKA
village_588878,588878,CHANDAPURAM
village_588879,588879,KETHAVEERUNI PADU
village_588880,588880,KANCHELA
village_588881,588881,ITHAVARAM
village_588882,588882,AMBARUPETA
village_588883,588883,NANDIGAMA
village_588884,588884,SATYAVARAM
village_588885,588885,PALLAGIRI
village_588886,588886,MAGALLU
village_588887,588887,KONDURU
village_588888,588888,RAMIREDDIPALLE
village_588889,588889,JONNALAGADDA
village_588890,588890,KONATHAMATMAKURU
village_588891,588891,TORRAGUDIPADU
village_588892,588892,DAMULURU
village_588893,588893,SOMAVARAM
village_588894,588894,RUDRAVARAM
village_588895,588895,GOLLAMUDI
village_588896,588896,RAGHAVAPURAM
village_588897,588897,VAIRIDHARI ANNAVARAM
village_588898,588898,DODDA DEVARAPADU
village_588899,588899,JAYANTHI
village_588900,588900,GUDEM MADHAVARAM
village_588901,588901,PEDDAPURAM
village_588902,588902,CHAVATAPALLE
village_588903,588903,VEERULLAPADU
village_588904,588904,RAMAPURAM
village_588905,588905,PALLAMPALLE
village_588906,588906,KONATALAPALLE
village_588907,588907,DACHAVARAM
village_588908,588908,CHATTANNAVARAM
village_588909,588909,ALLURU
village_588910,588910,THIMMAPURAM
village_588911,588911,CHENNARAOPALEM
village_588912,588912,JUJJURU
village_588913,588913,LAXMIPURAM
village_588914,588914,VELLANKI
village_588915,588915,TATIGUMMI
village_588916,588916,NANDALURU
village_588917,588917,BODAVADA
village_588918,588918,GOKARAJUPALLE
village_588919,588919,JAMMAVARAM
village_588920,588920,PONNAVARAM
village_588921,588921,JAGANNADHAPURAM
village_588922,588922,NARASIMHARAOPALEM
village_588923,588923,MORUSUMILLI
village_588924,588924,PULLURU
village_588925,588925,THOLUKODU
village_588926,588926,JANGALAPALLE
village_588927,588927,DASULLAPALEM
village_588928,588928,MULAKALAPANTA
village_588929,588929,CHANDRAGUDEM
village_588930,588930,PONDUGULA
village_588931,588931,MYLAVARAM
village_588932,588932,SABJAPADU
village_588933,588933,VELVADAM
village_588934,588934,KEERTHIRAYANIGUDEM
village_588935,588935,VEDURUBEEDEM
village_588936,588936,KANIMERLA
village_588937,588937,PARVATHAPURAM
village_588938,588938,T.GANNAVARAM
village_588939,588939,CHANDRALA
village_588940,588940,GANAPAVARAM
village_588941,588941,UMMADIDEVARAPALLE
village_588942,588942,NEMALI
village_588943,588943,KONIJERLA
village_588944,588944,UTUKURU
village_588945,588945,DUNDIRALAPADU
village_588946,588946,TUNIKIPADU
village_588947,588947,RAJAVARAM
village_588948,588948,PENUGOLANU
village_588949,588949,GOSAVEEDU
village_588950,588950,PEDA KOMIRA
village_588951,588951,CHENNAVARAM
village_588952,588952,MEDURU
village_588953,588953,ARLAPADU
village_588954,588954,GULLAPUDI
village_588955,588955,LINGALA
village_588956,588956,GAMPALAGUDEM
village_588957,588957,KANUMURU
village_588958,588958,ANUMOLLANKA
village_588959,588959,KOTHAPALLE
village_588960,588960,VINAGADAPA
village_588961,588961,NARIKAMPADU
village_588962,588962,PEDDAVARAM
village_588963,588963,VAVILALA
village_588964,588964,MUNUKULLA
village_588965,588965,AKKAPALEM
village_588966,588966,RAJUPETA
village_588967,588967,KOKILAMPADU
village_588968,588968,PATHA TIRUVURU
village_588969,588969,VAMAKUNTLA
village_588970,588970,MUSTIKUNTLA
village_588971,588971,ERRAMADU
village_588972,588972,CHINTALAPADU
village_588973,588973,ROLUPADI
village_588974,588974,GANUGAPADU
village_588975,588975,CHITTELA
village_588976,588976,ANJANEYAPURAM
village_588977,588977,LAXMIPURAM
village_588978,588978,RAMANNAPALEM
village_588979,588979,MALLELA
village_588980,588980,NADIM TIRUVURU (CT)
village_588981,588981,MAREPALLE
village_588982,588982,POLISETTIPADU
village_588983,588983,VALLAMPATLA
village_588984,588984,GOLLAMANDALA
village_588985,588985,KAMBAMPADU
village_588986,588986,KODURU
village_588987,588987,ATLAPRAGADA
village_588988,588988,A.KONDURU
village_588989,588989,REPUDI
village_588990,588990,KUMMARAKUNTLA
village_588991,588991,CHEEMALAPADU
village_588992,588992,MADHAVARAM (WEST)
village_588993,588993,MADHAVARAM (EAST)
village_588994,588994,MUTCHINAPALLE
village_588995,588995,MADDULAPARVA
village_588996,588996,KUNAPARAJUPARVA
village_588997,588997,ANNERAOPETA
village_588998,588998,REDDIGUDEM
village_588999,588999,KUDAPA
village_589000,589000,RUDRAVARAM
village_589001,589001,NARUKULLAPADU
village_589002,589002,RANGAPURAM
village_589003,589003,NAGULURU
village_589004,589004,PATHA NAGULURU
village_589005,589005,VEMIREDDIPALLE
village_589006,589006,KORLAMANDA
village_589007,589007,KALAGARA
village_589008,589008,PUTRELA
village_589009,589009,TELLA DEVARAPALLE
village_589010,589010,CHANDRUPATLA
village_589011,589011,NARASAPURAM
village_589012,589012,TATA KUNTLA
village_589013,589013,VISSANNAPET
village_589014,589014,KONDAPARVA
village_589015,589015,KRISHNARAOPALEM
village_589016,589016,CHANUBANDA
village_589017,589017,PARVATAPURAM
village_589018,589018,CHINNAMPET
village_589019,589019,KOTAPADU
village_589020,589020,MANKOLLU
village_589021,589021,POTHANAPALLE
village_589022,589022,BURUGUGUDEM
village_589023,589023,CHATRAI
village_589024,589024,ARUGOLANUPETA
village_589025,589025,CHITTAPUR
village_589026,589026,TUMMAGUDEM
village_589027,589027,JANARDHANAVARAM
village_589028,589028,POLAVARAM
village_589029,589029,SOMAVARAM
village_589030,589030,KOTHAGUDEM
village_589031,589031,RAMANAKKAPETA
village_589032,589032,SUREPALLE
village_589033,589033,LOPUDI
village_589034,589034,GULLAPUDI
village_589035,589035,CHAKKAPALLE
village_589036,589036,AKKIREDDIGUDEM
village_589037,589037,CHINTALAVALLI
village_589038,589038,KORLAGUNTA
village_589039,589039,TALLAVALLI
village_589040,589040,MUSUNURU
village_589041,589041,ELLAPURAM
village_589042,589042,KATRENIPADU
village_589043,589043,GOPAVARAM
village_589044,589044,BALIVE
village_589045,589045,CHILLABOYINAPALLE
village_589046,589046,VELPUCHERLA
village_589047,589047,NARSUPET
village_589048,589048,DIGAVALLI
village_589049,589049,MUKKOLLUPADU
village_589050,589050,ANNAVARAM
village_589051,589051,HANUMANTHUNIGUDEM
village_589052,589052,VENKATAYAPALEM
village_589053,589053,SUNKOLLU
village_589054,589054,ENAMADALA
village_589055,589055,BATHULAVARIGUDEM
village_589056,589056,RAVICHERLA
village_589057,589057,BORAVANCHA
village_589058,589058,PATHUREDDIPALLE
village_589059,589059,JANGAMGUDEM
village_589060,589060,TUKKULURU (M)
village_589061,589061,RAMANNAGUDEM
village_589062,589062,POLASANAPALLE
village_589063,589063,MORSAPUDI
village_589064,589064,DEVARAGUNTA
village_589065,589065,VEMPADU
village_589066,589066,GOLLAPALLE
village_589067,589067,MIRIJAPURAM
village_589068,589068,MOKHASA NARASANNAPALEM
village_589069,589069,MARRIBANDAM
village_589070,589070,SEETARAMPURAM
village_589071,589071,PALLERLAMUDI
village_589072,589072,MALLAVILLI
village_589073,589073,KOTHAPALLE
village_589074,589074,BILLANAPALLE
village_589075,589075,MADICHERLA
village_589076,589076,KOYYURU
village_589077,589077,BOMMULURU
village_589078,589078,BOMMULURU KHANDRIKA
village_589079,589079,BAPULAPADU
village_589080,589080,VELERU
village_589081,589081,REMALLE
village_589082,589082,SINGANNAGUDEM
village_589083,589083,RANGANNAGUDEM
village_589084,589084,SOBHANADRIPURAM
village_589085,589085,BANDARUGUDEM
village_589086,589086,AMPAPURAM
village_589087,589087,KODURUPADU
village_589088,589088,VEERAVALLI
village_589089,589089,SERINARASANNAPALEM
village_589090,589090,KANUMOLU
village_589091,589091,DANTAGUNTLA
village_589092,589092,KAKULAPADU
village_589093,589093,TIPPANAGUNTA
village_589094,589094,VENKATRAJUGUDEM
village_589095,589095,CHIRIVADA
village_589096,589096,VENKATAPURAM
village_589097,589097,ARUGOLANU
village_589098,589098,KURIPIRALA
village_589099,589099,OGIRALA
village_589100,589100,RAMANNAGUDEM
village_589101,589101,EDARA
village_589102,589102,MALLIBOINAPALLE
village_589103,589103,MALLESWARAM
village_589104,589104,VADLAMANU
village_589105,589105,TADEPALLE
village_589106,589106,VATTIGUDIPADU
village_589107,589107,ANANTHASAGARAM
village_589108,589108,EDULAGUDEM
village_589109,589109,KALATURU
village_589110,589110,CHOPPARAMETLA
village_589111,589111,AGIRIPALLE
village_589112,589112,NUGONDAPALLE
village_589113,589113,PINNAMAREDDIPALLE
village_589114,589114,GARIKAPATIVARI KHANDRIKA
village_589115,589115,BODDANAPALLE
village_589116,589116,POTHAVARAPPADU
village_589117,589117,ADIVINEKKALAM
village_589118,589118,KANASANAPALLE
village_589119,589119,THOTAPALLE
village_589120,589120,NARASINGAPALEM
village_589121,589121,SAGGURU
village_589122,589122,KRISHNAVARAM
village_589123,589123,SURAVARAM
village_589124,589124,DUGGIRALAPADU
village_589125,589125,PETRAMPADU
village_589126,589126,GANGINENIPALEM
village_589127,589127,TELLADEVARAPADU
village_589128,589128,SUNNAMPADU
village_589129,589129,MUNAGAPADU
village_589130,589130,CHERUVU MADHAVARAM
village_589131,589131,GADDAMANUGU
village_589132,589132,KONDURU
village_589133,589133,CHEVUTURU
village_589134,589134,VENKATAPURAM
village_589135,589135,GURRAJUPALEM
village_589136,589136,KUNTAMUKKALA
village_589137,589137,NANDIGAMA
village_589138,589138,KODURU
village_589139,589139,BHIMAVARAPPADU
village_589140,589140,VELLATURU
village_589141,589141,ATUKURU
village_589142,589142,PINAPAKA
village_589143,589143,LOYA
village_589144,589144,KADIMPOTHAVARAM
village_589145,589145,KAVULURU
village_589146,589146,NARASAYAGUDEM
village_589147,589147,VELAGALERU
village_589148,589148,HAVELI MUTYALAMPADU
village_589149,589149,KANDULAPADU
village_589150,589150,CHEGIREDDIPADU
village_589151,589151,KEESARA
village_589152,589152,GANDEPALLE
village_589153,589153,PERAKALAPADU
village_589154,589154,GOTTUMUKKALA
village_589155,589155,KANCHIKACHERLA
village_589156,589156,SAIDAPURAM
village_589157,589157,PENDYALA
village_589158,589158,VEMULAPALLE
village_589159,589159,SERI AMARAVARAM
village_589160,589160,MOGULURU
village_589161,589161,MUNNALURU
village_589162,589162,KUNIKINAPADU
village_589163,589163,CHEVITIKALLU
village_589164,589164,BATHINAPADU
village_589165,589165,GANIATUKURU
village_589166,589166,PARITALA
village_589167,589167,KATRENIPALLE
village_589168,589168,GUDIMETLA
village_589169,589169,BRAHMABOTLAPALEM
village_589170,589170,KONAYAPALEM
village_589171,589171,MEDIPALEM
village_589172,589172,MUNAGALA PALLE
village_589173,589173,MUPPALLA
village_589174,589174,BOBBELLAPADU
village_589175,589175,GUDIMETLAPALEM
village_589176,589176,USTEPALLE
village_589177,589177,CHANDARLAPADU
village_589178,589178,THURLAPADU
village_589179,589179,THOTARAVULAPADU
village_589180,589180,CHINTALAPADU
village_589181,589181,PATEMPADU
village_589182,589182,KODAVATIKALLU
village_589183,589183,KASARABADA
village_589184,589184,POKKUNURU
village_589185,589185,PUNNAVALLI
village_589186,589186,VELADI
village_589187,589187,POPURU
village_589188,589188,VIBHAREETAPADU
village_589189,589189,ETURU
village_589190,589190,ZAMI NAVI POTHAVARAM
village_589191,589191,N.POTHAVARAM
village_589192,589192,TRILOCHANAPURAM
village_589193,589193,ZAMI MACHAVARAM
village_589194,589194,KETHANAKONDA
village_589195,589195,KACHAVARAM
village_589196,589196,CHILUKURU
village_589197,589197,DAMULURU
village_589198,589198,KOTIKALAPUDI
village_589199,589199,MULAPADU
village_589200,589200,JUPUDI
village_589201,589201,MALKAPURAM
village_589202,589202,GUDURUPADU
village_589203,589203,ELAPROLU
village_589204,589204,TUMMALAPALEM
village_589205,589205,KONDAPALLE (CT)
village_589206,589206,IBRAHIMPATNAM (CT)
village_589207,589207,GUNTUPALLE (CT)
village_589208,589208,KOTTURU
village_589209,589209,TADEPALLE
village_589210,589210,VEMAVARAM
village_589211,589211,SHABADA
village_589212,589212,PAIDURUPADU
village_589213,589213,RAYANAPADU
village_589214,589214,GUDAVALLI
village_589215,589215,RAMAVARAPPADU (CT)
village_589216,589216,PRASADAMPADU (CT)
village_589217,589217,GOLLAPUDI (OG)
village_589218,589218,JAKKAMPUDI (OG)
village_589219,589219,AMBAPURAM (OG)
village_589220,589220,PHIRYADI NAINAVARAM (OG)
village_589221,589221,PATHAPADU (OG)
village_589222,589222,NUNNA (OG)
village_589223,589223,ENIKEPADU (OG)
village_589224,589224,NIDAMANURU (OG)
village_589225,589225,DONE ATKURU (OG)
village_589226,589226,RAMACHANDRAPURAM
village_589227,589227,SURAMPALLE
village_589228,589228,KONDAPAVULURU
village_589229,589229,GOPAVARAPUGUDEM
village_589230,589230,GOLLANAPALLE
village_589231,589231,CHIKKAVARAM
village_589232,589232,METLAPALLE
village_589233,589233,SAGGURUAMANI
village_589234,589234,BALLIPARRU
village_589235,589235,TEMPALLE
village_589236,589236,VEERAPANENIGUDEM
village_589237,589237,BAHUBALENDRUNIGUDEM
village_589238,589238,PURUSHOTTAPATNAM
village_589239,589239,VEDURUPAVULURU
village_589240,589240,SAVARIGUDEM
village_589241,589241,JAKKULANEKKALAM
village_589242,589242,KESARAPALLE
village_589243,589243,VENKATANARASIMHAPURAM
village_589245,589245,GANNAVARAM
village_589246,589246,CHINA AVUTAPALLE
village_589247,589247,ALLAPURAM
village_589248,589248,BUDDAVARAM
village_589249,589249,AJJAMPUDI
village_589250,589250,BUTHUMILLIPADU
village_589251,589251,PEDA AVUTAPALLE
village_589252,589252,ATKURU
village_589253,589253,POTTIPADU
village_589254,589254,TELAPROLU
village_589255,589255,GARAPADU
village_589256,589256,PONUKUMADU
village_589257,589257,TUTTAGUNTA
village_589258,589258,VELINUTALA
village_589259,589259,NAGAVARAPPADU
village_589260,589260,UNGUTURU
village_589261,589261,AMUDALAPALLE
village_589262,589262,DIBBANAPUDI
village_589263,589263,KOYYAGURAPADU
village_589264,589264,LANKAPALLE AGRAHARAM
village_589265,589265,ONDRAMPADU
village_589266,589266,ELUKAPADU
village_589267,589267,VELDIPADU
village_589268,589268,TARIGOPPULA
village_589269,589269,TARIGOPPULA KHANDRIKA
village_589270,589270,VEMPADU
village_589271,589271,BOKINALA
village_589272,589272,MANIKONDA
village_589273,589273,NANDAMURU
village_589274,589274,CHIKINALA
village_589275,589275,MADHIRAPADU
village_589276,589276,CHAGANTIPADU
village_589277,589277,VELDIPADU KHANDRIKA
village_589278,589278,INDUPALLE
village_589279,589279,MUKKAPADU
village_589280,589280,VEMANDA
village_589281,589281,PEDALINGALA
village_589282,589282,ARIPIRALA
village_589283,589283,RAMAPURAM
village_589284,589284,KUDARAVALLI
village_589285,589285,ILAPARRU
village_589286,589286,PEDAVIRIVADA
village_589287,589287,VENNANAPUDI
village_589288,589288,THUMMALAPALLE
village_589289,589289,NANDIVADA
village_589290,589290,PUTTAGUNTA
village_589291,589291,CHINALINGALA
village_589292,589292,CHEDURTHIPADU
village_589293,589293,ODDULAMERAKA
village_589294,589294,SREENIVASAPURAM
village_589295,589295,NUTHULAPADU
village_589296,589296,JANARDHANAPURAM
village_589297,589297,TAMIRISA
village_589298,589298,DANDIGANAPUDI
village_589299,589299,GANDEPUDI
village_589300,589300,POLUKONDA
village_589301,589301,RUDRAPAKA
village_589302,589302,ANAMANAPUDI
village_589303,589303,PENUMAKALANKA
village_589304,589304,MANUGUNURU
village_589305,589305,KOVVADALANKA
village_589306,589306,CHINTAPADU
village_589307,589307,DAYYAMPADU
village_589308,589308,PULAPARRU
village_589309,589309,PILLIPADU
village_589310,589310,NUTCHUMILLI
village_589311,589311,NANDIGAMALANKA
village_589312,589312,INGILIPAKALANKA
village_589313,589313,THAKKELLAPADU
village_589314,589314,PRATHIPADU
village_589315,589315,BHYRAVAPATNAM
village_589316,589316,CHAVALIPADU
village_589317,589317,LOKAMUDI
village_589318,589318,APPAPURAM
village_589319,589319,SOBHANADRIPURAM
village_589320,589320,MUDUTHALLAPADU
village_589321,589321,UNIKILI
village_589322,589322,SINGANAPUDI
village_589323,589323,PUTLACHERUVU
village_589324,589324,PASALAPUDI
village_589325,589325,LELLAPUDI
village_589326,589326,CHINTALAPUDI
village_589327,589327,KANUKOLLU
village_589328,589328,LINGALA
village_589329,589329,PERIKEGUDEM
village_589330,589330,MOKHASAKALVAPUDI
village_589331,589331,GANNAVARAM
village_589332,589332,MANDAVALLI
village_589333,589333,AYYAVARI RUDRAVARAM
village_589334,589334,KAIKALUR
village_589335,589335,GOPAVARAM
village_589336,589336,ACHAVARAM
village_589337,589337,SYAMALAMBAPURAM
village_589338,589338,VINJARAM
village_589339,589339,TAMARAKOLLU
village_589340,589340,VEMAVARAPPADU
village_589341,589341,RACHAPATNAM
village_589342,589342,ATAPAKA
village_589343,589343,GONEPADU
village_589344,589344,VARAHAPATNAM
village_589345,589345,SEETANAPALLE
village_589346,589346,VADARLAPADU
village_589347,589347,SINGAPURAM
village_589348,589348,BHUJABALAPATNAM
village_589349,589349,PALLEVADA
village_589350,589350,PENCHIKALAMARRU
village_589351,589351,KOLLETIKOTA
village_589352,589352,KOTTADA
village_589353,589353,SOMESWARAM
village_589354,589354,ALAPADU
village_589355,589355,RAMAVARAM
village_589356,589356,DODDIPATLA
village_589357,589357,KOLLAPALEM
village_589358,589358,KONDURU
village_589359,589359,THADINADA
village_589360,589360,POTHUMARRU
village_589361,589361,VENKATAPURAM
village_589362,589362,SANA RUDRAVARAM
village_589363,589363,KORUKOLLU
village_589364,589364,KOTCHERLA
village_589365,589365,AVAKURU
village_589366,589366,KALIDINDI
village_589367,589367,AMARAVATHI
village_589368,589368,KONDANGI
village_589369,589369,MATTAGUNTA
village_589370,589370,PEDALANKA
village_589371,589371,MUNIPEDA
village_589372,589372,NEELIPUDI
village_589373,589373,KOMALLAPUDI
village_589374,589374,MATLAM
village_589375,589375,LAXMIPURAM
village_589376,589376,CHINAGOLLAPALEM
village_589377,589377,TADIVENNU
village_589378,589378,CHANDALA
village_589379,589379,GARISEPUDI
village_589380,589380,KRUTHIVENNU
village_589381,589381,ENDAPALLE
village_589382,589382,CHERKUMILLI
village_589383,589383,CHINA PANDRAKA
village_589384,589384,INTERU
village_589385,589385,NIDAMARRU
village_589386,589386,PEDATUMMIDI
village_589387,589387,RAMAVARAPUMODI
village_589388,589388,CHORAMPUDI
village_589389,589389,MULAPARRU
village_589390,589390,MADDETIPALLE
village_589391,589391,AMUDALAPALLE
village_589392,589392,CHINATUMMIDI
village_589393,589393,SATULURU
village_589394,589394,KANCHADAM
village_589395,589395,BARRIPADU
village_589396,589396,MUNJULURU
village_589397,589397,MANIMESWARAM
village_589398,589398,ARTHAMURU
village_589399,589399,KORLAPADU
village_589400,589400,PENDURRU
village_589401,589401,BANTUMILLI
village_589402,589402,MALLESWARAM
village_589403,589403,PEDA PANDRAKA
village_589404,589404,NARAYANAPURAM
village_589405,589405,PERURU
village_589406,589406,MADHAVARAM
village_589407,589407,CHINAPALAPARRU
village_589408,589408,PEDAPALAPARRU
village_589409,589409,KODURU
village_589410,589410,SANKARSHANA PURAM
village_589411,589411,PENUMALLI
village_589412,589412,GURAJA
village_589413,589413,MUDINEPALLE
village_589414,589414,PEYYERU
village_589415,589415,DAKARAM
village_589416,589416,VADALI
village_589417,589417,KAKARAVADA
village_589418,589418,DEVARAM
village_589419,589419,CHEVURU
village_589420,589420,SINGARAYAPALEM
village_589421,589421,KOMARRU
village_589422,589422,PEDAGONNURU
village_589423,589423,GOKINAMPADU
village_589424,589424,PEDA KAMANAPUDI
village_589425,589425,CHINA KAMANAPUDI
village_589426,589426,KORRAGUNTAPALEM
village_589427,589427,CHIGURUKOTA
village_589428,589428,BOMMINAMPADU
village_589429,589429,MULAKALAPALLE
village_589430,589430,VAIVAKA
village_589431,589431,PRODDUVAKA
village_589432,589432,ALLURU
village_589433,589433,DEVAPUDI
village_589434,589434,UTUKURU
village_589435,589435,EDEPALLE
village_589436,589436,VANUDURRU
village_589437,589437,VADAVALLI
village_589438,589438,LINGAVARAM
village_589439,589439,MERAKAGUDEM
village_589440,589440,VALIVARTHIPADU (R)
village_589441,589441,DONDAPADU
village_589442,589442,SAIDEPUDI
village_589443,589443,SERI GOLVEPALLE
village_589444,589444,GUNTAKODURU
village_589445,589445,MOTURU
village_589446,589446,CHILAKAMUDI
village_589447,589447,GUDIVADA (R)
village_589448,589448,BETHAVOLU (R)
village_589449,589449,PEDAYERUKAPADU (R)
village_589450,589450,MANDAPADU (R)
village_589451,589451,BILLAPADU (R)
village_589452,589452,GANGADHARAPURAM
village_589453,589453,SIDDHANTAM
village_589454,589454,CHOWTAPALLE
village_589455,589455,KALVAPUDI AGRAHARAM
village_589456,589456,SERI DINTAKURRU
village_589457,589457,SERI VELPUR
village_589458,589458,BOMMULURU
village_589459,589459,CHINA YERUKAPADU
village_589460,589460,TATIVARRU
village_589461,589461,SEEPUDI
village_589462,589462,KASIPUDI
village_589463,589463,ALLIDODDI
village_589464,589464,RAMANAPUDI
village_589465,589465,CHIRICHINTALA
village_589466,589466,RAMACHANDRAPURAM
village_589467,589467,VENTRAPRAGADA
village_589468,589468,VINJARAMPADU
village_589469,589469,MOPARRU
village_589470,589470,SOMAVARAPPADU
village_589471,589471,PAMULAPADU
village_589472,589472,MAHESWARAPURAM
village_589473,589473,RAVULAPADU
village_589474,589474,KORNIPADU
village_589475,589475,VANAPAMULA
village_589476,589476,APPIKATLA
village_589477,589477,CHINAPARUPUDI
village_589478,589478,ELAMARRU
village_589479,589479,EDULAMADDALI
village_589480,589480,JUVVANAPUDI
village_589481,589481,ZAMIDINTAKURRU
village_589482,589482,GURIVINDAGUNTA
village_589483,589483,BHUSHANAGULLA (R)
village_589484,589484,PEDAPARUPUDI
village_589485,589485,VELPURU
village_589486,589486,UPPALURU
village_589487,589487,MANTHENA
village_589488,589488,TENNERU
village_589489,589489,MAREDUMAKA
village_589490,589490,JAGANNADHAPURAM
village_589491,589491,EDUPUGALLU
village_589492,589492,PUNADIPADU
village_589493,589493,KOLAVENNU
village_589494,589494,GODAVARRU
village_589495,589495,MADDURU
village_589496,589496,PRODDUTURU
village_589497,589497,KONATHANAPADU
village_589498,589498,DAVULURU
village_589499,589499,CHALIVENDRAPALEM
village_589500,589500,NEPPALLE
village_589501,589501,KANDALAMPADU
village_589502,589502,KUNDERU
village_589503,589503,KANKIPADU (CT)
village_589504,589504,PEDAPULIPAKA
village_589505,589505,CHODAVARAM
village_589506,589506,VANUKURU
village_589507,589507,GOSALA
village_589508,589508,KANURU (CT)
village_589509,589509,PORANKI (CT)
village_589510,589510,TADIGADAPA (CT)
village_589511,589511,YENAMALAKUDURU (CT)
village_589512,589512,GANGURU (OG)
village_589513,589513,PENAMALURU (OG)
village_589514,589514,ROYYURU
village_589515,589515,CHINAPULIPAKA
village_589516,589516,BODDAPADU
village_589517,589517,NORTH VALLURU
village_589518,589518,SOUTH VALLURU
village_589519,589519,KUMMAMURU
village_589520,589520,YAKAMURU
village_589521,589521,GARIKAPARRU
village_589522,589522,KANAKAVALLI
village_589523,589523,PENAMAKURU
village_589524,589524,CHAGANTIPADU
village_589525,589525,DEVARAPALLE
village_589526,589526,GURIVINDAPALLE
village_589527,589527,MADHURAPURAM
village_589528,589528,MULAKALAPALLE
village_589529,589529,ILURU
village_589530,589530,KAPILESWARAPURAM
village_589531,589531,MANTADA
village_589532,589532,GURAZADA
village_589533,589533,MARRIVADA
village_589534,589534,GOPUVANIPALEM
village_589535,589535,TADANKI
village_589536,589536,VELPURU
village_589537,589537,INAMPUDI
village_589538,589538,MULLAPUDI
village_589539,589539,HANUMANTHAPURAM
village_589540,589540,GURRALA LANKA
village_589541,589541,VEERANKI
village_589542,589542,AMEENAPURAM
village_589543,589543,FATHELANKA
village_589544,589544,MEDURU
village_589545,589545,PADIKONDALAPALEM
village_589546,589546,PAMIDIMUKKALA
village_589547,589547,AGINIPARRU
village_589548,589548,MAMILLAPALLE
village_589549,589549,KRISHNAPURAM
village_589550,589550,CHENNURUVARIPALEM
village_589551,589551,KUDERU
village_589552,589552,INAPURU
village_589553,589553,LANKAPALLE LANKA
village_589554,589554,LANKAPALLE
village_589555,589555,SREERANGAPURAM
village_589556,589556,CHORAGUDI
village_589557,589557,PENUMATCHA
village_589558,589558,KADAVAKOLLU
village_589559,589559,VEERAVALLI MOKHASA
village_589560,589560,VUYYURU
village_589561,589561,AKUNURU
village_589562,589562,CHINA OGIRALA
village_589563,589563,PEDA OGIRALA
village_589564,589564,KATURU
village_589565,589565,KALAVAPAMULA
village_589566,589566,RAMACHANDRAPURAM
village_589567,589567,BOLLAPADU
village_589568,589568,MUDUNURU
village_589569,589569,JABARLAPUDI
village_589570,589570,SAIPURAM
village_589571,589571,KANUMURU
village_589572,589572,KURUMADDALI
village_589573,589573,BALLIPARRU
village_589574,589574,PEDAMADDALI
village_589575,589575,ADDADA
village_589576,589576,KOMARAVOLU
village_589577,589577,ZAMIGOLVEPALLE
village_589578,589578,AINAMPUDI
village_589579,589579,RIMMANAPUDI
village_589580,589580,KONDIPARRU
village_589581,589581,PAMARRU
village_589582,589582,URUTURU
village_589583,589583,RAPARALA
village_589584,589584,POLAVARAM
village_589585,589585,UNDRAPUDI
village_589586,589586,ZAMIDAGGUMILLI
village_589587,589587,NIBHANUPUDI
village_589588,589588,NEMMIKURU
village_589589,589589,NIMMALURU
village_589590,589590,KAPAVARAM
village_589591,589591,JUJJAVARAM
village_589592,589592,PASUMARRU
village_589593,589593,MALLAVARAM
village_589594,589594,MIR IMAM PALEM
village_589595,589595,PRAKARLA
village_589596,589596,YELAKURRU
village_589597,589597,SERI KALAVAPUDI
village_589598,589598,ANGALURU
village_589599,589599,CHERUVUPALLE
village_589600,589600,VINNAKOTA
village_589601,589601,PURITIPADU
village_589602,589602,CHINAGONNURU
village_589603,589603,SERIDAGGUMILLI
village_589604,589604,KURADA
village_589605,589605,CHANDRALA
village_589606,589606,GUDLAVALLERU
village_589607,589607,VEMUGUNTA
village_589608,589608,PENJENDRA
village_589609,589609,CHITRAM
village_589610,589610,MAMIDIKOLLA
village_589611,589611,DOKIPARRU
village_589612,589612,PESARAMILLI
village_589613,589613,KOWTARAM
village_589614,589614,VEMAVARAPPALEM
village_589615,589615,VEMAVARAM
village_589616,589616,VENUTURUMILLI
village_589617,589617,NAGAVARAM
village_589618,589618,ULAVALAPUDI
village_589619,589619,GADEPUDI
village_589620,589620,VADLAMANNADU
village_589621,589621,CHEVENDRA
village_589622,589622,KAMALAPURAM
village_589623,589623,CHENNURU
village_589624,589624,URIVI
village_589625,589625,LANKALAKALAVAGUNTA
village_589626,589626,KOPPALLE
village_589627,589627,MUTCHERLA
village_589628,589628,CHODAVARAM
village_589629,589629,NELAKONDAPALLE
village_589630,589630,SERIVARTHALA PALLE
village_589631,589631,MUTCHILIGUNTA
village_589632,589632,KONGAMCHERLA
village_589633,589633,KUMMARIGUNTA
village_589634,589634,GURIVINDAGUNTA
village_589635,589635,KAVIPURAM
village_589636,589636,DIRISAVALLI
village_589637,589637,NANDIGAMA
village_589638,589638,BAHUSSAINPALEM
village_589639,589639,PENUMALLI
village_589640,589640,PULLAPADU
village_589641,589641,DEVARAPALLE
village_589642,589642,JINJERU
village_589643,589643,NANDAMURU
village_589644,589644,MADAKA
village_589645,589645,BALLIPARRU
village_589646,589646,KONKEPUDI
village_589647,589647,KUDURU
village_589648,589648,NADUPURU
village_589649,589649,SINGARAYAPALEM
village_589650,589650,KAKARLAMUDI
village_589651,589651,JAKKAMCHERLA
village_589652,589652,MUKKOLLU
village_589653,589653,GANDRAM
village_589654,589654,LELLAGARUVU
village_589655,589655,RAMANUJA VARTHALAPALLE
village_589656,589656,KAPPALADODDI
village_589657,589657,AKULAMANNADU
village_589658,589658,KANKATAVA
village_589659,589659,GURJEPALLE
village_589660,589660,KALAPATAM
village_589661,589661,PINAGUDURULANKA
village_589662,589662,TARAKATURU
village_589663,589663,MADDIPATLA
village_589664,589664,KANCHAKODUR
village_589665,589665,RAYAVARAM
village_589666,589666,POLAVARAM
village_589667,589667,RAMANNAPETA
village_589668,589668,IDUGULLAPALLE
village_589669,589669,MALLAVOLU
village_589670,589670,AKUMARRU
village_589671,589671,RAMARAJUPALEM
village_589672,589672,CHITTIGUDURU
village_589673,589673,GUDURU
village_589674,589674,NARIKEDALAPALEM
village_589675,589675,KOKANARAYANAPALEM
village_589676,589676,BHATLA PENUMARRU
village_589677,589677,PEDASANAGALLU
village_589678,589678,AYYANKI
village_589679,589679,CHINAMUTTEVI
village_589680,589680,AVURUPUDI
village_589681,589681,NIDUMOLU
village_589682,589682,PALANKIPADU
village_589683,589683,PEDAMUTTEVI
village_589684,589684,YADDANAPUDI
village_589685,589685,PEDAPUDI
village_589686,589686,KUCHIPUDI
village_589687,589687,BARLAPUDI
village_589688,589688,GUDAPADU
village_589689,589689,MOVVA
village_589690,589690,VEMULAMADA
village_589691,589691,KOSURU
village_589692,589692,KAZA
village_589693,589693,SRIKAKULAM
village_589694,589694,TELUGURAOPALEM
village_589695,589695,KODALI
village_589696,589696,KOTHAPALLE
village_589697,589697,V.RUDRAVARAM
village_589698,589698,CHILAKALAPUDI
village_589699,589699,MALLAMPALLE
village_589700,589700,CHITTURU
village_589701,589701,BOLLAPADU
village_589702,589702,GHANTASALA
village_589703,589703,TADEPALLE
village_589704,589704,CHINA KALLEPALLE
village_589705,589705,VEMULAPALLE
village_589706,589706,CHITTURPU
village_589707,589707,DEVARAKOTA
village_589708,589708,BIRUDUGADDA
village_589709,589709,ELIKALA KUDURU
village_589710,589710,DALIPARRU
village_589711,589711,LANKAPALLE
village_589712,589712,PUSHADAM
village_589713,589713,ENDAKUDURU
village_589714,589714,SULTANNAGARAM GOLLAPALEM
village_589715,589715,ARISEPALLE
village_589716,589716,HUSSAINPALEM
village_589717,589717,BORRAPOTHUPALEM
village_589718,589718,BUDDALAPALEM
village_589719,589719,POTLAPALEM
village_589720,589720,KOTHAPUDI
village_589721,589721,GOKAVARAM
village_589722,589722,TALLAPALEM
village_589723,589723,KANURU
village_589724,589724,PEDAPATNAM
village_589725,589725,MANGINAPUDI
village_589726,589726,TAVISIPUDI
village_589727,589727,GOPUVANIPALEM
village_589728,589728,KARA AGRAHARAM
village_589729,589729,CHILAKALAPUDI (R)
village_589730,589730,POTHEPALLE
village_589731,589731,MACHAVARAM (R)
village_589732,589732,MACHILIPATNAM (R)
village_589733,589733,RUDRAVARAM
village_589734,589734,GUNDUPALEM
village_589735,589735,CHINNAPURAM
village_589736,589736,NELAKURRU
village_589737,589737,BHOGIREDDIPALLE
village_589738,589738,PEDAYADARA
village_589739,589739,KONA
village_589740,589740,POLATITIPPA
village_589741,589741,PALLETUMMALAPALEM
village_589742,589742,CHEEDEPUDI
village_589743,589743,VELIVOLU
village_589744,589744,NIMMAGADDA
village_589745,589745,NADAKUDURU
village_589746,589746,PURITIGADDA
village_589747,589747,YARLAGADDA
village_589748,589748,PAGOLU
village_589749,589749,VAKKALAGADDA
village_589750,589750,CHALLAPALLE
village_589751,589751,LAKSHMIPURAM
village_589752,589752,MANGALAPURAM
village_589753,589753,MAJERU
village_589754,589754,BOBBARLANKA
village_589755,589755,KOKKILIGADDA
village_589756,589756,KAPTANUPALEM
village_589757,589757,PEDAPROLU
village_589758,589758,ANNAVARAM
village_589759,589759,VENKATAPURAM
village_589760,589760,MOPIDEVI
village_589761,589761,MOPIDEVI LANKA
village_589762,589762,NAGAYATIPPA
village_589763,589763,NORTH CHIRUVOLULANKA
village_589764,589764,MELLAMARTHI LANKA
village_589765,589765,CHIRUVOLU
village_589766,589766,MERAKANAPALLE
village_589767,589767,TEKUPALLE
village_589768,589768,PEDAKALLEPALLE
village_589769,589769,MELLAMARRU
village_589770,589770,AYODHYA
village_589771,589771,PULIGADDA
village_589772,589772,EDLANKA
village_589773,589773,AVANIGADDA
village_589774,589774,CHIRUVOLU LANKA
village_589775,589775,MODUMUDI
village_589776,589776,ASWARAOPALEM
village_589777,589777,VEKANURU
village_589778,589778,NAGAYALANKA
village_589779,589779,NANGEGADDA
village_589780,589780,BHAVADEVARAPALLE
village_589781,589781,CHODAVARAM
village_589782,589782,T.KOTHAPALEM
village_589783,589783,TALAGADADEEVI
village_589784,589784,KAMMANAMOLU
village_589785,589785,GANAPESWARAM
village_589786,589786,PARRACHIVARA
village_589787,589787,ETIMOGA
village_589788,589788,EDURUMONDI
village_589789,589789,MACHAVARAM
village_589790,589790,VISWANADHAPALLE
village_589791,589791,PITTALLANKA
village_589792,589792,SALEMPALEM
village_589793,589793,ULLIPALEM
village_589794,589794,KODURU
village_589795,589795,LINGAREDDIPALEM
village_589796,589796,MANDAPAKALA
village_589797,589797,RAMAKRISHNAPURAM
village_589800,589800,NAGULAVARAM
village_589801,589801,KOPPUNUR
village_589802,589802,PASUVEMULA
village_589803,589803,THALLAPALLE
village_589804,589804,KOTHAPALLE
village_589805,589805,MACHERLA (R)
village_589806,589806,AMANI JAMMALA MADAKA
village_589807,589807,KAMBHAMPADU
village_589808,589808,MUTYALAMPADU
village_589809,589809,RAYAVARAM
village_589810,589810,KANDLAKUNTA
village_589811,589811,GOTTIPALLA
village_589812,589812,SRIGIRIPADU
village_589813,589813,GUNDLAPADU
village_589814,589814,RACHAMALLIPADU
village_589815,589815,MANDADI
village_589816,589816,PATLAVEEDU
village_589817,589817,UPPALAPADU
village_589818,589818,VELDURTHI
village_589819,589819,POLEPALLE
village_589820,589820,MUTUKURU
village_589821,589821,KOLAGUTLA
village_589822,589822,ATMAKUR
village_589823,589823,DARIVEMULA
village_589824,589824,DURGI
village_589825,589825,DHARMAVARAM
village_589826,589826,OBULESUNIPALLE
village_589827,589827,ADIGOPPULA
village_589828,589828,NIDANAMPADU
village_589829,589829,DAMARAPADU
village_589830,589830,MALLAVARAM
village_589831,589831,GOLI
village_589832,589832,MITTAGUDIPADU
village_589833,589833,RENTACHINTALA
village_589834,589834,PASARLAPADU
village_589835,589835,TUMMURKOTA
village_589836,589836,PALUVOI
village_589837,589837,MANCHIKALLU
village_589838,589838,RENTALA
village_589839,589839,GOTTIMUKKALA
village_589840,589840,DAIDA
village_589841,589841,TELUKUTLA
village_589842,589842,PULIPADU
village_589843,589843,GANGAVARAM
village_589844,589844,GOGULAPADU
village_589845,589845,PALLEGUNTA
village_589846,589846,GURAZALA
village_589847,589847,MADUGULA
village_589848,589848,CHERLAGUDI PADU
village_589849,589849,PONDUGULA
village_589850,589850,RAMAPURAM
village_589851,589851,BHATRUPALEM
village_589852,589852,GAMALAPADU
village_589853,589853,MADINAPADU
village_589854,589854,TANGEDA
village_589855,589855,MUTYALAMPADU
village_589856,589856,DACHEPALLE
village_589857,589857,NADIKUDI
village_589858,589858,ALUGUMALLIPADU
village_589859,589859,KESANAPALLE
village_589860,589860,PEDAGARLAPADU
village_589861,589861,MIRIYALA
village_589862,589862,PEDA KODAMAGUNDLA
village_589863,589863,SANKARAPURAM SIDDHAYI
village_589864,589864,CHINA KODAMAGUNDLA
village_589865,589865,CHINAGARLAPADU
village_589866,589866,CHINTAPALLE
village_589867,589867,VEERALAKSHMI PURAM
village_589868,589868,VOPPICHERLA
village_589869,589869,NARMALAPADU
village_589870,589870,KAREMPUDI
village_589871,589871,PETASANNIGANDLA
village_589872,589872,SINGARUTLA
village_589873,589873,THUMMALACHERUVU
village_589874,589874,KAMEPALLE
village_589875,589875,KONANKI
village_589876,589876,JANAPADU
village_589877,589877,PEDA AGRAHARAM
village_589878,589878,KARALAPADU
village_589879,589879,CHINA AGRAHARAM
village_589880,589880,JULAKALLU
village_589881,589881,GUTTIKONDA
village_589882,589882,CHENNAYAPALEM
village_589883,589883,TADUTLA
village_589884,589884,VEMAVARAM
village_589885,589885,AKURAJUPALLE
village_589886,589886,PINNELLI
village_589887,589887,MACHAVARAM
village_589888,589888,MALLAVOLU
village_589889,589889,PILLUTLA
village_589890,589890,SRIRUKMINIPURAM
village_589891,589891,PULICHINTA
village_589892,589892,KOLLURU
village_589893,589893,CHITYALA
village_589894,589894,KETHAVARAM
village_589895,589895,VENKATAYAPALEM
village_589896,589896,BODANAM
village_589897,589897,EMMAJIGUDEM
village_589898,589898,MANNESULTANPALEM
village_589899,589899,PAPAYAPALEM
village_589900,589900,CHANDRAJUPALEM
village_589901,589901,VANNAYAPALEM
village_589902,589902,MACHAYAPALEM
village_589903,589903,BELLAMKONDA
village_589904,589904,MADIPADU AGRAHARAM
village_589905,589905,MADIPADU SERI
village_589906,589906,GINJUPALLE
village_589907,589907,CHALLAGARIGA
village_589908,589908,TADUVOY
village_589909,589909,CHINTAPALLE
village_589910,589910,TALLACHERUVU
village_589911,589911,CHAMARRU
village_589912,589912,KOGANTIVARIPALEM
village_589913,589913,CHIGURUPADU
village_589914,589914,PEDAPALEM
village_589915,589915,KONDURU
village_589916,589916,MITTAPALEM
village_589917,589917,VELPURU
village_589918,589918,ORVAKALLU
village_589919,589919,AMBADIPUDI
village_589920,589920,KONURU
village_589921,589921,KASTALA AGRAHARAM
village_589922,589922,DODLERU
village_589923,589923,ANANTHAVARAM
village_589924,589924,VUYYANDANA
village_589925,589925,HASSANBADA
village_589926,589926,GARIKAPADU
village_589927,589927,GUDIPADU
village_589928,589928,THALLURU
village_589929,589929,KROSURU
village_589930,589930,VIPPARLA
village_589931,589931,VUTUKURU
village_589932,589932,BAYYAVARAM
village_589933,589933,BALEMARRU
village_589934,589934,ANDUKURU
village_589935,589935,PARUPALLE
village_589936,589936,PEESAPADU
village_589937,589937,PUTTIPADU
village_589938,589938,MUNUGODU
village_589939,589939,ATTALUR
village_589940,589940,JUPUDI
village_589941,589941,PONDUGALA
village_589942,589942,MALLADI
village_589943,589943,DIDUGU
village_589944,589944,LINGAPURAM
village_589945,589945,DHARANIKOTA
village_589946,589946,AMARAVATHI
village_589947,589947,VYKUNTAPURAM
village_589948,589948,PEDDA MADDURU
village_589949,589949,NARUKULLAPADU
village_589950,589950,ENDROYI
village_589951,589951,UNGUTURU
village_589952,589952,NEMALIKALLU
village_589953,589953,KARLAPUDI
village_589954,589954,HARISCHANDRAPURAM
village_589955,589955,VADDAMANU
village_589956,589956,ANANTHAVARAM
village_589957,589957,NEKKALLU
village_589958,589958,PEDAPARIMI
village_589959,589959,THULLUR
village_589960,589960,PITCHIKALAPALEM
village_589961,589961,DONDAPADU
village_589962,589962,BORUPALEM
village_589963,589963,ABBARAJUPALEM
village_589964,589964,RAYAPUDI
village_589965,589965,KONDAN RAJUPALEM
village_589966,589966,NELAPADU
village_589967,589967,SAKHAMUR
village_589968,589968,AINAVOLU
village_589969,589969,VELAGAPUDI
village_589970,589970,LINGAYAPALEM
village_589971,589971,UDDANDARAYUNIPALEM
village_589972,589972,MALKAPURAM
village_589973,589973,MANDADAM
village_589974,589974,VENKATAPALEM
village_589975,589975,PENUMAKA
village_589976,589976,KUNCHANAPALLE
village_589977,589977,KOLANUKONDA
village_589978,589978,IPPATAM
village_589979,589979,GUNDIMEDA
village_589980,589980,CHIRRAVURU
village_589981,589981,VADDESWARAM (CT)
village_589982,589982,UNDAVALLI (OG)
village_589983,589983,KURAGALLU
village_589984,589984,KRISHNAYAPALEM
village_589985,589985,NIDAMARRU
village_589986,589986,KAZA
village_589987,589987,CHINAKAKANI
village_589988,589988,PEDAVADLAPUDI
village_589989,589989,CHINAVADLAPUDI
village_589990,589990,NUTAKKI
village_589991,589991,RAMACHANDRAPURAM
village_589992,589992,NAVULURU (OG)
village_589993,589993,ATMAKUR (OG)
village_589994,589994,PAMULAPADU
village_589995,589995,BEJATPURAM
village_589996,589996,LACHANNAGUDIPUDI
village_589997,589997,MOTHADAKA
village_589998,589998,NIDUMUKKALA
village_589999,589999,TADIKONDA
village_590000,590000,PONNEKALLU
village_590001,590001,RAVELA
village_590002,590002,BANDARUPALLE
village_590003,590003,DAMARAPALLE
village_590004,590004,LAM
village_590005,590005,KANTHERU
village_590006,590006,GARAPADU
village_590007,590007,LAGADAPADU
village_590008,590008,HUSSAINNAGARAM
village_590009,590009,RAMAPURAM
village_590010,590010,75-TYALLUR
village_590011,590011,KASIPADU
village_590012,590012,BALUSUPADU
village_590013,590013,KAMBHAMPADU
village_590014,590014,JALALPURAM
village_590015,590015,PATIBANDLA
village_590016,590016,MUSSAPURAM
village_590017,590017,PEDAKURAPADU
village_590018,590018,CHINAMAKKENA
village_590019,590019,LINGAMGUNTLA
village_590020,590020,BHRUGUBANDA
village_590021,590021,PAKALAPADU
village_590022,590022,RENTAPALLA
village_590023,590023,KATTAMURU
village_590024,590024,GORANTLA
village_590025,590025,BHATLUR
village_590026,590026,PANIDEM
village_590027,590027,PEDAMAKKENA
village_590028,590028,GUDIPUDI
village_590029,590029,ABBURU
village_590030,590030,BHIMAVARAM
village_590031,590031,KANKANALAPALLE
village_590032,590032,DHULIPALLA
village_590033,590033,LAKKARAJUGARLAPADU
village_590034,590034,NANDIGAMA
village_590035,590035,KANTEPUDI
village_590036,590036,KOMERAPUDI
village_590037,590037,NEMALIPURI
village_590038,590038,KUBADPURAM
village_590039,590039,CHOWTAPAPAYAPALEM
village_590040,590040,RAJUPALEM
village_590041,590041,REDDIGUDEM
village_590042,590042,GANAPAVARAM
village_590043,590043,BALIJEPALLE
village_590044,590044,UPPALAPADU
village_590045,590045,GUNDLAPALLE
village_590046,590046,NARASINGAPADU
village_590047,590047,TRIPURAPURAM
village_590048,590048,NEKARIKALLU
village_590049,590049,CHEJERLA
village_590050,590050,KUNKALAGUNTA
village_590051,590051,CHALLAGUNDLA
village_590052,590052,CHEEMALAMARRI
village_590053,590053,CHAGALLU
village_590054,590054,RUPENAGUNTLA
village_590055,590055,AYYANNAPALEM
village_590056,590056,GARIKAPADU
village_590057,590057,MELLAVAGU
village_590058,590058,GUMMANAMPADU
village_590059,590059,REMIDICHERLA
village_590060,590060,GANDIGANUMALA
village_590061,590061,RAVULAPURAM
village_590062,590062,GUTLAPALLE
village_590063,590063,KANUMALACHERUVU
village_590064,590064,PERURUPADU
village_590065,590065,VELLATUR
village_590066,590066,BOLLAPALLE
village_590067,590067,VADDEMGUNTA
village_590068,590068,SARIKONDAPALEM
village_590069,590069,KOPPUKONDA
village_590070,590070,CHOWTAPALEM
village_590071,590071,NEELAGANGAVARAM
village_590072,590072,ANDUGULAPADU
village_590073,590073,NARASARAYANIPALEM
village_590074,590074,NAYANIPALEM
village_590075,590075,SIVAPURAM
village_590076,590076,DONDAPADU
village_590077,590077,SUREPALLE
village_590078,590078,THIMMAYAPALEM
village_590079,590079,VENKUPALEM
village_590080,590080,NARAGAYAPALEM
village_590081,590081,BRAHMANAPALLE (PART)
village_590082,590082,VITTAMRAJUPALLE
village_590083,590083,PEDAKANCHERLA
village_590084,590084,MADAMANCHIPADU
village_590085,590085,PERUMALLAPALLE
village_590086,590086,ENUGUPALEM
village_590087,590087,SETTUPALLE
village_590088,590088,UMMADIVARAM
village_590089,590089,NAGULAVARAM
village_590090,590090,GOKANAKONDA
village_590091,590091,THANGIRALA
village_590092,590092,MURTHUZAPURAM
village_590093,590093,CHINTALA CHERUVU
village_590094,590094,PEDDAVARAM
village_590095,590095,INAVOLU
village_590096,590096,MUKKELLAPADU
village_590097,590097,PAMIDIPADU
village_590098,590098,KHAMBHAMPADU
village_590099,590099,T.ANNAVARAM
village_590100,590100,TELLABADU
village_590101,590101,UPPALAPADU
village_590102,590102,TRIPURAPURAM
village_590103,590103,KONDRAPROLU
village_590104,590104,MULAKALUR
village_590105,590105,PUVVADA
village_590106,590106,TALARLAPALLE
village_590107,590107,V.APPAPURAM
village_590108,590108,NUZENDLA
village_590109,590109,PUTCHANUTHALA
village_590110,590110,THIMMAPURAM
village_590111,590111,KOTHALUR
village_590112,590112,POTLURU
village_590113,590113,VELUPURU
village_590114,590114,SANAMPUDI
village_590115,590115,KANUMARLAPUDI
village_590116,590116,PITCHIKALAPALEM
village_590117,590117,KARUMANCHI
village_590118,590118,BOMMARAJUPALLE
village_590119,590119,INUMELLA
village_590120,590120,MUPPALLA
village_590121,590121,CHITTAPURAM
village_590122,590122,IPUR
village_590123,590123,VANIKUNTA
village_590124,590124,KONDAYAPALEM
village_590125,590125,GUNDEPALLE
village_590126,590126,ANGALUR
village_590127,590127,AGNIGUNDALA
village_590128,590128,DASULLAPALLE
village_590129,590129,KONDRAMUTLA
village_590130,590130,KOTCHERLA
village_590131,590131,AREPALLI AGRAHARAM
village_590132,590132,DASARIPALEM
village_590133,590133,SANTHAGUDIPADU
village_590134,590134,VIPPARLA
village_590135,590135,MACHAVARAM
village_590136,590136,NALLAGARLAPADU
village_590137,590137,ANNAVARAM
village_590138,590138,ROMPICHERLA
village_590139,590139,GOGULAPADU
village_590140,590140,ALAVALA
village_590141,590141,THURUMELLA
village_590142,590142,ANNAVARAPPADU
village_590143,590143,VIPPARLAPALLE AGRAHARAM
village_590144,590144,MUTHANAPALLI
village_590145,590145,PALAPADU
village_590146,590146,RAVIPADU
village_590147,590147,GUNTAGARLAPADU
village_590148,590148,MULAKALUR
village_590149,590149,PAMIDIPADU AGRAHARAM
village_590150,590150,DONDAPADU AGRAHARAM
village_590151,590151,JONNALAGADDA
village_590152,590152,POTHAVARAPPADU
village_590153,590153,KESANAPALLE
village_590154,590154,NARASARAOPETA (R) (PART)
village_590155,590155,LINGAMGUNTLA AGRAHARAM (PART)
village_590156,590156,IKKURRU
village_590157,590157,UPPALAPADU
village_590158,590158,KAKANI
village_590159,590159,PETLURIVARIPALEM
village_590160,590160,KONDAKAVURU
village_590161,590161,ELLAMANDA
village_590162,590162,DECHAVARAPPADU
village_590163,590163,THONDAPI
village_590164,590164,MADALA
village_590165,590165,BOLLAVARAM
village_590166,590166,DAMMALAPADU
village_590167,590167,MUPPALLA
village_590168,590168,GOLLAPADU
village_590169,590169,LANKELAKURAPADU
village_590170,590170,PALIDEVARLAPADU
village_590171,590171,NARNEPADU
village_590172,590172,SATULURU
village_590173,590173,CHANDAVARAM
village_590174,590174,GORIJAVOLU
village_590175,590175,SANKURATHRIPADU
village_590176,590176,CHIRUMAMILLA
village_590177,590177,TUBADU
village_590178,590178,KANUPARRU
village_590179,590179,NUZELLAPALLI AGRAHARAM
village_590180,590180,IRLAPADU
village_590181,590181,GANAPAVARAM
village_590182,590182,NADENDLA
village_590183,590183,EDAVALLI
village_590184,590184,GOVINDAPURAM
village_590185,590185,KAVURU
village_590186,590186,POTHAVARAM
village_590187,590187,MANUKONDAVARIPALEM
village_590188,590188,VELURU
village_590189,590189,KUKKAPALLEVARIPALEM
village_590190,590190,GOTTIPADU
village_590191,590191,PASUMARRU (R)
village_590192,590192,CHINNA PASUMARRU
village_590193,590193,BOPPUDI
village_590194,590194,RAJAPETA
village_590195,590195,MURIKIPUDI
village_590196,590196,THATAPUDI
village_590197,590197,KANTHETIVARI KHANDRIKA
village_590198,590198,KONDAVEEDU
village_590199,590199,SOLASA
village_590200,590200,MYDAVOLU
village_590201,590201,VANKAYALAPADU
village_590202,590202,MARRIPALEM
village_590203,590203,UNNAVA
village_590204,590204,KARUCHOLA
village_590205,590205,VISWANADHUNI KHANDRIKA
village_590206,590206,EDLAPADU
village_590207,590207,THIMMAPURAM
village_590208,590208,JALADI
village_590209,590209,SANDEPUDI
village_590210,590210,THURLAPADU
village_590211,590211,ERRAGUNTLAPADU
village_590212,590212,TAKKELLAPADU
village_590213,590213,SIRANGIPALEM
village_590214,590214,113 THALLURU
village_590215,590215,BETHAPUDI
village_590216,590216,GUNDALAPADU
village_590217,590217,PONUGUPADU
village_590218,590218,MERIKAPUDI
village_590219,590219,NUDURUPADU
village_590220,590220,VEMAVARAM
village_590221,590221,REPUDI
village_590222,590222,PHIRANGIPURAM
village_590223,590223,AMINABADA
village_590224,590224,HAVUSUGANESA
village_590225,590225,KORRAPADU
village_590226,590226,PALADUGU
village_590227,590227,SIRIPURAM
village_590228,590228,VARAGANI
village_590229,590229,MANDAPADU
village_590230,590230,VELAVARTHIPADU
village_590231,590231,POTLAPADU
village_590232,590232,MEDIKONDURU
village_590233,590233,PONUGUPADU KHANDRIKA
village_590234,590234,MANGALAGIRIPADU
village_590235,590235,DOKIPARRU
village_590236,590236,VISADALA
village_590237,590237,PERICHERLA
village_590238,590238,CHINA PALAKALURU
village_590239,590239,PEDA PALAKALURU (PART)
village_590240,590240,JONNALAGADDA
village_590241,590241,GORANTLA (PART)
village_590242,590242,NALLAPADU (R)
village_590243,590243,GUNTUR (R)
village_590244,590244,ANKIREDDIPALEM (R)
village_590245,590245,POTHUR
village_590246,590246,CHOWDAVARAM
village_590247,590247,ETUKUR
village_590248,590248,BUDAMPADU
village_590249,590249,KOPPURAVURU
village_590250,590250,NAMBUR
village_590251,590251,PEDAKAKANI
village_590252,590252,VENIGANDLA
village_590253,590253,AGATHA VARAPPADU
village_590254,590254,TAKKELLAPADU
village_590255,590255,UPPALAPADU
village_590256,590256,DEVARAYABHOTLAPALEM
village_590257,590257,TANGELLAMUDI
village_590258,590258,ANUMARLAPUDI
village_590259,590259,CHILUVURU
village_590260,590260,TUMMAPUDI
village_590261,590261,SRUNGARAPURAM
village_590262,590262,PEDAKONDUR
village_590263,590263,GODAVARRU
village_590264,590264,CHINAPALEM
village_590265,590265,PERAKALAPUDI
village_590266,590266,MORAMPUDI
village_590267,590267,KANTAMRAJU KONDURU
village_590268,590268,PENUMUDI
village_590269,590269,DUGGIRALA
village_590270,590270,EMANI
village_590271,590271,CHINTALAPUDI
village_590272,590272,DEVARAPALLE AGRAHARAM
village_590273,590273,VALLABHAPURAM
village_590274,590274,MUNNANGI
village_590275,590275,DANTHALUR
village_590276,590276,KUNCHAVARAM
village_590277,590277,ATHOTA
village_590278,590278,SIRIPURAM
village_590279,590279,CHIVALUR
village_590280,590280,PIDAPARRU
village_590281,590281,KOLLIPARA
village_590282,590282,CHEMUDUPADU
village_590283,590283,DAVULURU
village_590284,590284,THUMULURU
village_590285,590285,BOMMUVARIPALEM
village_590286,590286,ANNAVARAM
village_590287,590287,KOLAKALURU
village_590289,590289,NANDIVELUGU
village_590290,590290,GUDIVADA
village_590291,590291,SANGAM JAGARLAMUDI
village_590292,590292,ANGALAKUDURU
village_590293,590293,PINAPADU (R)
village_590294,590294,KATEVARAM
village_590295,590295,NELAPADU
village_590296,590296,BURRIPALEM
village_590297,590297,CHINA RAVURU (R)
village_590298,590298,PEDARAVURU
village_590299,590299,GODAVARRU
village_590300,590300,NARAKODUR
village_590301,590301,VEJENDLA
village_590302,590302,SUDDAPALLE
village_590303,590303,MEESARAGADDA ANANTHAVARAM
village_590304,590304,SEKURU
village_590305,590305,VADLAMUDI
village_590306,590306,SREERANGAPURAM
village_590307,590307,CHEBROLU
village_590308,590308,PATHAREDDIPALEM
village_590309,590309,MANCHALA
village_590310,590310,KORNEPADU
village_590311,590311,ANANTHAVARAPPADU
village_590312,590312,CHAMALLAMUDI
village_590313,590313,KURNOOTHALA
village_590314,590314,GARAPADU
village_590315,590315,KATRAPADU
village_590316,590316,YAMARRU
village_590317,590317,PALLAPADU
village_590318,590318,KAREMPUDIPADU
village_590319,590319,VATTICHERUKURU
village_590320,590320,LEMALLEPADU
village_590321,590321,KOVELAMUDI
village_590322,590322,MUTLURU
village_590323,590323,EDULAPALEM
village_590324,590324,ENAMADALA
village_590325,590325,KONDEPADU
village_590326,590326,PRATHIPADU
village_590327,590327,NADIMPALEM
village_590328,590328,KONDAJAGARLAMUDI
village_590329,590329,GOTTIPADU
village_590330,590330,GANIKAPUDI
village_590331,590331,MALLAYAPALEM
village_590332,590332,VANGIPURAM
village_590333,590333,KOPPARRU
village_590334,590334,ANNAPARRU
village_590335,590335,RAJUPALEM
village_590336,590336,ANNAVARAM
village_590337,590337,UPPALAPADU
village_590338,590338,PALAPARRU
village_590339,590339,PEDANANDIPADU
village_590340,590340,VARAGANI
village_590341,590341,GORIJAVOLUGUNTAPALEM
village_590342,590342,RAVIPADU
village_590343,590343,PUSULUR
village_590344,590344,KATRAPADU
village_590345,590345,VALLUR
village_590346,590346,KOLLIMARLA
village_590347,590347,PANDRAPADU
village_590348,590348,GARIKAPADU
village_590349,590349,BHALLUKANUDUPALEM
village_590350,590350,KAKUMANU
village_590351,590351,KOMMURU
village_590352,590352,KONDAPATUR
village_590353,590353,APPAPURAM
village_590354,590354,BODIPALEM
village_590355,590355,RETUR
village_590356,590356,JUPUDI
village_590357,590357,BRAHMANAKODUR
village_590358,590358,VELLALUR
village_590359,590359,MAMILLAPALLE
village_590360,590360,AREMANDA
village_590361,590361,DANDAMUDI
village_590362,590362,MUNIPALLE
village_590363,590363,PATCHALATADIPARRU
village_590364,590364,DOPPALAPUDI
village_590365,590365,MANNAVA
village_590366,590366,UPPARAPALEM
village_590367,590367,KONDAMUDI
village_590368,590368,JADAVALLI
village_590369,590369,VADDEMUKKALA
village_590370,590370,CHINTALAPUDI
village_590371,590371,VALLABHARAOPALEM
village_590372,590372,NANDUR
village_590373,590373,MULUKUDURU
village_590374,590374,PENUGUDURUPADU
village_590375,590375,VALIVERU
village_590376,590376,EDLAPALLE
village_590377,590377,CHINAPARIMI
village_590378,590378,MANDURU
village_590379,590379,PEDAGADELAVARRU
village_590380,590380,TSUNDUR
village_590381,590381,VETAPALEM
village_590382,590382,KOTHAPALLE NARIKELLAPALLE
village_590383,590383,THOTTEMPUDI
village_590384,590384,MODUKURU
village_590385,590385,ALAPADU
village_590386,590386,KUCHIPUDI
village_590387,590387,MULPUR
village_590388,590388,PEDDAPUDI
village_590389,590389,KODITADIPARRU
village_590390,590390,MOPARRU
village_590391,590391,THURUMELLA
village_590392,590392,AMRUTHALUR
village_590393,590393,PANCHALAVARAM
village_590394,590394,YELAVARRU
village_590395,590395,PYAPARRU
village_590396,590396,BODAPADU
village_590397,590397,INTUR
village_590398,590398,GOVADA
village_590400,590400,JAMPANI
village_590401,590401,CHADALAWADA
village_590402,590402,KUCHALLAPADU
village_590403,590403,VARAHAPURAM
village_590404,590404,VEMURU
village_590405,590405,POTHUMARRU
village_590406,590406,PERAVALIPALEM
village_590407,590407,PERAVALI
village_590408,590408,CHAVALI
village_590409,590409,BALIJEPALLE
village_590410,590410,ABBANAGUDAVALLI
village_590411,590411,PENUMARRU
village_590412,590412,ANANTHAVARAM
village_590413,590413,CHILUMURU
village_590414,590414,IPUR
village_590415,590415,GAJULLANKA
village_590416,590416,PEDALANKA
village_590417,590417,KOLLUR
village_590418,590418,BODDULURUPADU
village_590419,590419,RAVIKAMPADU
village_590420,590420,GURIVINDAPALLE
village_590421,590421,CHINAPULIVARRU
village_590422,590422,DONEPUDI
village_590423,590423,POTHARLANKA
village_590424,590424,SIVANGULAPALEM
village_590425,590425,ADDEPALLI
village_590426,590426,BHATTIPROLU
village_590427,590427,SUREPALLE
village_590428,590428,KONETIPURAM
village_590429,590429,PALLEKONA
village_590430,590430,GORIGAPUDI
village_590431,590431,PEDAPULIVARRU
village_590432,590432,VELLATURU
village_590433,590433,PESARLANKA
village_590434,590434,PEDALANKA
village_590435,590435,OLERU
village_590436,590436,RAMBHOTLAPALEM
village_590437,590437,KAVURU
village_590438,590438,BALUSULAPALEM
village_590439,590439,ARUMBAKA
village_590440,590440,PONNAPALLE
village_590441,590441,NADIMPALLE
village_590442,590442,GUDAVALLI
village_590443,590443,KANAGALA
village_590444,590444,RAJAVOLU
village_590445,590445,AREPALLE
village_590446,590446,KOMALI
village_590447,590447,SANGUPALEM KODUR
village_590448,590448,CHANDOLE
village_590449,590449,PITTALAVANIPALEM
village_590450,590450,KHAJIPALEM
village_590451,590451,ALLUR
village_590452,590452,YAZALI
village_590453,590453,BUDDAM
village_590454,590454,KARLAPALEM
village_590455,590455,GANAPAVARAM
village_590456,590456,PERALI
village_590457,590457,JILLELLAMUDI
village_590458,590458,GOPAPURAM
village_590459,590459,POONDLA
village_590460,590460,ETHERU
village_590461,590461,PALAPARTHIPADU
village_590462,590462,GUDIPUDI
village_590463,590463,NEREDUPALLE
village_590464,590464,BHARTHIPUDI
village_590465,590465,APPIKATLA
village_590466,590466,VELICHERLA
village_590467,590467,MULAPALEM
village_590468,590468,JAMMULAPALEM
village_590469,590469,CHERUVU
village_590470,590470,NARASAYAPALEM
village_590471,590471,MURUKONDAPADU
village_590472,590472,KANKATAPALEM
village_590473,590473,BAPATLA WEST (R)
village_590474,590474,BAPATLA EAST (R)
village_590475,590475,MARUPROLUVARIPALEM (R)
village_590476,590476,ADIVI
village_590477,590477,MUTHUPALLE AGRAHARAM
village_590478,590478,PALLAPATLA
village_590479,590479,KUCHINAPUDI
village_590480,590480,PREGNAM
village_590481,590481,AMUDALAPALLI
village_590482,590482,NIZAMPATNAM
village_590483,590483,ADAVULADEEVI
village_590484,590484,DINDI
village_590485,590485,PEDDAVARAM
village_590486,590486,THOTAPALLE
village_590487,590487,DHULIPUDI
village_590488,590488,PAMIDIMARRU
village_590489,590489,ELETIPALEM
village_590490,590490,NAGARAM
village_590491,590491,PUDIWADA
village_590492,590492,SIRIPUDI
village_590493,590493,PEDAPALLE
village_590494,590494,PEDAMATLAPUDI
village_590495,590495,EDUPALLE
village_590496,590496,ALLAPARRU
village_590498,590498,KARUMURU
village_590499,590499,BETHAPUDI
village_590500,590500,PETERU
village_590501,590501,PENUMUDI
village_590502,590502,CHATRAGADDA
village_590503,590503,KAMARAJUGADDA
village_590504,590504,NALLURU
village_590505,590505,ARAVAPALLE
village_590506,590506,UPPUDI
village_590507,590507,ISUKAPALLE (R)
village_590508,590508,SINGUPALEM
village_590509,590509,VISWESWARAM
village_590510,590510,CHODAYAPALEM
village_590511,590511,KAITHEPALLE
village_590512,590512,POTUMERAKA
village_590513,590513,GANGADIPALEM
village_590514,590514,PALUTLA
village_590515,590515,NEKKANTI
village_590516,590516,GUTTALACHERUVU
village_590517,590517,ALLATAM
village_590518,590518,PONNALA BAYALU
village_590519,590519,NARUTHADIKALA
village_590520,590520,SUDDAKUNTA PENTA
village_590521,590521,BURU GUNDALA
village_590522,590522,BAI PENTA
village_590523,590523,BILLAGONDI PENTA
village_590524,590524,GARINI PENTA
village_590525,590525,MADAM CHALAMA
village_590526,590526,DARA BAYALU
village_590527,590527,TELUGURAYANI CHERUVU
village_590528,590528,VENKATADRI PALEM
village_590529,590529,RAYAVARAM
village_590530,590530,MILLAMPALLE
village_590531,590531,YERRAGONDA PALEM
village_590532,590532,ALLI PALEM
village_590533,590533,NAIDAKKA CHERLA
village_590534,590534,DADDANALA
village_590535,590535,LINGAMVANI PALLE
village_590536,590536,AMMANI GUDI PADU
village_590537,590537,GURRAPUSALA
village_590538,590538,KATARUVANI PALLE
village_590539,590539,KOLUKULA
village_590540,590540,GOLLAVIDIPI
village_590541,590541,RAMACHANDRA PURAM
village_590542,590542,LALAPURAM
village_590543,590543,GANGA PALEM
village_590544,590544,BOYALA PALLE
village_590545,590545,BOYALA PALLE (S.H.O)
village_590546,590546,GURIJE PALLE
village_590547,590547,MURIKIMALLAPENTA
village_590548,590548,YENDRA PALLE
village_590549,590549,KOMAROLU
village_590550,590550,CHAPALA MADUGU
village_590551,590551,KAVALA KUNTLA
village_590552,590552,RACHA KONDA
village_590553,590553,PULLALACHERUVU
village_590554,590554,GARAPENTA
village_590555,590555,UPPALADINNE PENTA
village_590556,590556,CHENNAPALEM
village_590557,590557,MARRIVEMULA
village_590558,590558,SATHA KODU
village_590559,590559,CHOWTAPALLE
village_590560,590560,MUTUKULA
village_590561,590561,NARASA PURAM
village_590562,590562,MANE PALLE
village_590563,590563,AYYAGARI PALLE
village_590564,590564,ISUKATRIPURAVARAM
village_590565,590565,CHOWTAPA CHARLA
village_590566,590566,MADHAVANI PALLE
village_590567,590567,DUVVALI
village_590568,590568,RAMASAMUDRAM
village_590569,590569,MITTAPALEM
village_590570,590570,GANAPAVARAM
village_590571,590571,MEDAPI
village_590572,590572,ANNASAMUDRAM
village_590573,590573,KANKANALA PALLE
village_590574,590574,TRIPURANTHAKAM
village_590575,590575,RAJU PALEM
village_590576,590576,LELLA PALLE
village_590577,590577,VISWANADHAPURAM
village_590578,590578,THIMMANA PALEM
village_590579,590579,MUKTUMPURAM
village_590580,590580,DUPADU
village_590581,590581,GOLLA PALLE
village_590582,590582,NARASINGAPURAM
village_590583,590583,MIRIAM PALLE
village_590584,590584,CHINA ARUTLA
village_590585,590585,PEDA ARUTLA
village_590586,590586,THUMMALA BAYALU
village_590587,590587,CHINTHALA
village_590588,590588,MARRIPALEM
village_590589,590589,PEDA BOMMALA PURAM
village_590590,590590,DORNALA
village_590591,590591,YADAVALLI
village_590592,590592,PEDACHAMA
village_590593,590593,ROLLA PENTA
village_590594,590594,PEDAMANTHANALA
village_590595,590595,CHINA MANTHANALA
village_590596,590596,NALLAGUNTLA
village_590597,590597,NALLA GUNTLA GUDEM
village_590598,590598,YEGUVA CHERLO PALLE
village_590599,590599,CHILAKA CHERLA GUDEM
village_590600,590600,AYINAMUKKALA
village_590601,590601,CHINA DORNALA
village_590602,590602,KATA KANI PALLE
village_590603,590603,SANIKAVARAM
village_590604,590604,KALANUTHALA
village_590605,590605,SUNKESULA
village_590606,590606,PEDA ARAVEEDU
village_590607,590607,S.KOTHA PALLE
village_590608,590608,PRAGALLAPADU
village_590609,590609,BADVEEDU
village_590610,590610,BOYADA GUMPULA
village_590611,590611,THOKA PALLE
village_590612,590612,CHATLA MITTA
village_590613,590613,OBULAKKAPALLE
village_590614,590614,AMBAPURAM
village_590615,590615,CUMBAMPADU
village_590616,590616,THANGIRALA PALLE
village_590617,590617,GOBBURU
village_590618,590618,DEVARAJUGATTU
village_590619,590619,BATTEPADU
village_590620,590620,CHANDAVARAM
village_590621,590621,POLE PALLE
village_590622,590622,PADAMARA LAKSHMIPURAM
village_590623,590623,RAMAPURAM
village_590624,590624,RUDRA SAMUDRAM
village_590625,590625,BADA PURAM
village_590626,590626,VEERA VENKATA PURAM
village_590627,590627,YERRABALEM
village_590628,590628,VABBAPURAM
village_590629,590629,NARASIMHANAYUNI PALEM
village_590630,590630,INDLA CHERUVU
village_590631,590631,RAGAMAKKA PALLE
village_590632,590632,BHUMANAPALLE
village_590633,590633,MALLAM PETA
village_590634,590634,KOTCHERLA KOTA
village_590635,590635,SIDDAYAPALEM
village_590636,590636,ANANTHAVARAM
village_590637,590637,MANGINAPUDI
village_590638,590638,POCHAMAKKA PALLE
village_590639,590639,PADAMATI VENKATA PURAM
village_590640,590640,LAKSHMI NARAYANA PURAM
village_590641,590641,PEDDANNA PALEM
village_590642,590642,GUDIPADU
village_590643,590643,ARAVALLIPADU
village_590644,590644,VADDIPADU
village_590645,590645,KALAVALA PALLE
village_590646,590646,SANGAPURAM
village_590647,590647,TELLA PADU
village_590648,590648,WEST KAMBHAMPADU
village_590649,590649,JAGANNADHAPURAM
village_590650,590650,WEST KASIPURAM
village_590651,590651,KALLUR
village_590652,590652,WEST NAIDUPALEM
village_590653,590653,AVULAMANDA
village_590654,590654,MUSTLA GANGAVARAM
village_590655,590655,WEST VEERAYA PALEM
village_590656,590656,BAYYA VARAM
village_590657,590657,DEKANAKONDA
village_590658,590658,PEDDAVARAM
village_590659,590659,NAMASSIVAYA PURAM
village_590660,590660,MALLAYA PALEM
village_590661,590661,KURICHEDU
village_590662,590662,PERAMBOTLA PALEM
village_590663,590663,POTLAPADU
village_590664,590664,GANGADONA KONDA
village_590665,590665,WEST GANGAVARAM
village_590666,590666,ALAVALAPADU
village_590667,590667,BODANAMPADU
village_590668,590668,VELLALA CHERUVU
village_590669,590669,GOPAPURAM
village_590670,590670,KAMEPALLE
village_590671,590671,SANTHAMAGULURU
village_590672,590672,TANGEDU MALLI
village_590673,590673,GURIJEPALLE
village_590674,590674,KOPPARAM
village_590675,590675,ELCHUR
village_590676,590676,KUNDURU (WEST)
village_590677,590677,KUNDURU (EAST)
village_590678,590678,KOMMALA PADU
village_590679,590679,KOPPERA PALEM
village_590680,590680,UPPUMAGULURU
village_590681,590681,VEMAVARAM
village_590682,590682,KONIDENA
village_590683,590683,BALLIKURAVA
village_590684,590684,CHENNUPALLE
village_590685,590685,SANKARALINGAM GUDIPADU
village_590686,590686,MUKTESWARAM
village_590687,590687,GUNTUPALLE
village_590688,590688,VAIDANA
village_590689,590689,KUKATLA PALLE
village_590690,590690,GORRE PADU
village_590691,590691,KOPPERA PADU
village_590692,590692,VALLA PALLE
village_590693,590693,NAGARAJU PALLE
village_590694,590694,RAJUPALEM
village_590695,590695,MARTUR
village_590696,590696,BOBBE PALLE
village_590697,590697,JONNA THALI AGRAHARAM
village_590698,590698,DARSIAGRAHARAM
village_590699,590699,VALAPARLA
village_590700,590700,JANGAMAHESWARAPURAM
village_590701,590701,LAKKAVARAM AGRAHARAM
village_590702,590702,BOLLA PALLE
village_590703,590703,KOLALA PUDI
village_590704,590704,KONANKI
village_590705,590705,DRONADULA
village_590706,590706,ANANTHAVARAM
village_590707,590707,ENAMADALA
village_590708,590708,YEDDANAPUDI
village_590709,590709,VINJANAMPADU
village_590710,590710,POLURU
village_590711,590711,GANNAVARAM
village_590712,590712,PUNURU
village_590713,590713,JAGARLAMUDI
village_590714,590714,GARNEPUDI
village_590715,590715,EDUBADU
village_590716,590716,INAGALLU
village_590717,590717,ADUSUMALLE
village_590718,590718,GOLLAPUDI
village_590719,590719,CHERUKURU
village_590720,590720,RAMANAYAPALEM
village_590721,590721,BODAWADAMANDAGUNTA
village_590722,590722,DEVARA PALLE
village_590723,590723,CHENNUBHOTLA PALEM
village_590724,590724,PARCHUR
village_590725,590725,NUTHALAPADU
village_590726,590726,UPPUTUR
village_590727,590727,VEERANNA PALEM
village_590728,590728,DAGGUBADU
village_590729,590729,KESAVARAPPADU
village_590730,590730,KODAVALIVARI PALEM
village_590731,590731,SWARNA
village_590732,590732,AUDI PUDI
village_590733,590733,KUNKALAMARRU
village_590734,590734,KARAMCHEDU
village_590735,590735,NAGANDLA
village_590736,590736,IDUPULAPADU
village_590737,590737,PUSAPADU
village_590738,590738,PAVULUR
village_590739,590739,INKOLLU
village_590740,590740,GANGA VARAM
village_590741,590741,KONIKI
village_590742,590742,DUDDUKUR
village_590743,590743,BHIMAVARAM
village_590744,590744,RAMAKURU
village_590745,590745,KONDA MANJULUR
village_590746,590746,BYTAMANJULUR
village_590747,590747,MUPPAVARAM
village_590748,590748,KONDAMUR
village_590749,590749,KOTAPADU
village_590750,590750,BUDAVADA
village_590751,590751,JANAKAVARAM PANGULURU
village_590752,590752,RENINGAVARAM
village_590753,590753,KASYAPURAM
village_590754,590754,ALAVALAPADU
village_590755,590755,THURPU THAKKELLA PADU
village_590756,590756,THURPU KOPPERA PADU
village_590757,590757,CHANDALUR
village_590758,590758,NUZENDLA PALLE
village_590759,590759,MYLAVARAM
village_590760,590760,UPPALAPADU
village_590761,590761,VEMPARALA
village_590762,590762,CHINAKOTHA PALLE
village_590763,590763,DHARMAVARAM
village_590764,590764,KALAVAKURU
village_590765,590765,CHAKRAYA PALEM
village_590766,590766,GOPALAPURAM
village_590767,590767,NARASIMHA PURAM
village_590768,590768,BOMMANAMPADU
village_590769,590769,ADDANKI (NORTH) (U)
village_590770,590770,RAMAYAPALEM (U)
village_590771,590771,KOTIKALAPUDI
village_590772,590772,KUNKUPADU
village_590773,590773,MODEPALLE
village_590774,590774,DHENUVA KONDA
village_590775,590775,NANNURUPADU
village_590776,590776,MANI KESWARAM
village_590777,590777,ADDANKI (SOUTH) (U)
village_590778,590778,KOMMAVARAM
village_590779,590779,EDARA
village_590780,590780,BHEEMAVARAM
village_590781,590781,JAMMALAMADAKA
village_590782,590782,PURIMETLA
village_590783,590783,MARELLA
village_590784,590784,BHATLA PALLE
village_590785,590785,KHAMBHAM PADU (EAST)
village_590786,590786,NUZELLA PALLE
village_590787,590787,THAMMALURU
village_590788,590788,UMAMAHESWARAPURAM
village_590789,590789,VEMULABANDA
village_590790,590790,VEMULA
village_590791,590791,CHINTALAPUDI
village_590792,590792,KELLAM PALLE
village_590793,590793,BRUNDAVANAM
village_590794,590794,PULIPADU
village_590795,590795,BASAVA PURAM
village_590796,590796,PEDAVULLAGALLU
village_590797,590797,CHINNAVULLAGALLU
village_590798,590798,NADIMPALLIVARI KHANDRIKA
village_590799,590799,PASUPUGALLU
village_590800,590800,SINGANA PALEM
village_590801,590801,MUNDLAMURU
village_590802,590802,VEMPADU
village_590803,590803,PEDDARAVIPADU
village_590804,590804,POLAVARAM
village_590805,590805,SANKARAPURAM
village_590806,590806,AVISANAVARIPALEM
village_590807,590807,BANDELLAPAYA
village_590808,590808,ABBAYA PALEM
village_590809,590809,THUMMEDALAPADU
village_590810,590810,CHANDALURU
village_590811,590811,CHALIVENDRA
village_590812,590812,VENKATACHALAM PALLE
village_590813,590813,THANAM CHINTHALA
village_590814,590814,POTHA VARAM
village_590815,590815,DEVAVARAM
village_590816,590816,THIMMAYA PALEM
village_590817,590817,DARSI
village_590818,590818,BALA PURAM
village_590819,590819,LANKOJANA PALLE
village_590820,590820,JAMMIGUMPALA @ K.S.PALEM
village_590821,590821,BUKKA PURAM
village_590822,590822,BANDIVELIGANDLA
village_590823,590823,YERROBANA PALLE
village_590824,590824,GANESWARA PURAM
village_590825,590825,EAST VENKATA PURAM
village_590826,590826,RAMACHANDRA PURAM
village_590827,590827,RAJAM PALLE
village_590828,590828,EAST CHOUTAPALEM
village_590829,590829,EAST VEERAYA PALEM
village_590830,590830,MOHIDDIN PURAM
village_590831,590831,CHERUVU KOMMA PALEM
village_590832,590832,SEETHA SAGARAM
village_590833,590833,POTHA KAMURU
village_590834,590834,SAMANTHAPUDI
village_590835,590835,AKKAMAMBA PURAM
village_590836,590836,JAMUKULADINNE
village_590837,590837,ANNA VARAM
village_590838,590838,LAKSHMI NARAYANA PURAM
village_590839,590839,KOTHAPALLE
village_590840,590840,KORLAMADUGU
village_590841,590841,THRIPURA SUNDARI PURAM
village_590842,590842,KRISHNA PURAM
village_590843,590843,PEDAUYYALAWADA
village_590844,590844,CHINA UYYALAWADA
village_590845,590845,JAMMANA PALLE
village_590846,590846,NIKARAM PALLE
village_590847,590847,PEDA NAGULAVARAM
village_590848,590848,IDUPUR
village_590849,590849,GAJJALA KONDA
village_590850,590850,PEDA YACHAVARAM
village_590851,590851,MARKAPUR (R)
village_590852,590852,VEMULA KOTA
village_590853,590853,KOLABHIMUNIPADU
village_590854,590854,AKKACHERUVU
village_590855,590855,GOTTIPADIA
village_590856,590856,THIPPAYA PALEM
village_590857,590857,BHUPATHI PALLE
village_590858,590858,BONDALA PADU
village_590859,590859,MALYAVANTHUNI PADU
village_590860,590860,BADEKHANPETA
village_590861,590861,CHINTAKUNTA
village_590862,590862,SIVARAM PURAM
village_590863,590863,YELLA PURAM
village_590864,590864,KRISHNAPURAM
village_590865,590865,NARASIMHA PURAM
village_590866,590866,GOGULADINNE
village_590867,590867,RAYAVARAM
village_590868,590868,VELAGALAPAYA
village_590869,590869,GANNEPALLE
village_590870,590870,MAGUTUR
village_590871,590871,POTTI BASAVAI PALLE
village_590872,590872,KAKARLA
village_590873,590873,PEDA KANDUKUR
village_590874,590874,AYYAVARI PALLE
village_590875,590875,DONAKONDA
village_590876,590876,ARDHAVEEDU
village_590877,590877,BOLLU PALLE
village_590878,590878,PAPINENI PALLE
village_590879,590879,YERRAGUNTLA
village_590880,590880,BOGOLU
village_590881,590881,LINGAPURAM KHANDRIKA
village_590882,590882,LINGA PURAM
village_590883,590883,YERRABALEM
village_590884,590884,ANANTHA PALLE
village_590885,590885,THURIMELLA
village_590886,590886,CHINA CUMBUM
village_590887,590887,PORUMAMILLA PALLE
village_590888,590888,KAGITALAGUDEM
village_590889,590889,HAZARAT GUDEM
village_590890,590890,KANDULA PURAM
village_590891,590891,JANGAMGUNTLA
village_590892,590892,LANJA KOTA
village_590893,590893,NADIM PALLE
village_590894,590894,AURANGA BAD
village_590895,590895,RAVIPADU
village_590896,590896,CUMBUM (CT)
village_590897,590897,GORUGUNTHALA PADU
village_590898,590898,SEETANAGULAVARAM
village_590899,590899,SUREPALLE
village_590900,590900,KETHAGUDIPI
village_590901,590901,GANUGAPENTA
village_590902,590902,POTHALAPADU
village_590903,590903,KANDALLA PALLE
village_590904,590904,RAGASAMUDRAM
village_590905,590905,KALUZUWWALAPADU
village_590906,590906,JANGAMREDDI PALLE
village_590907,590907,JAGANNADHA PURAM
village_590908,590908,THUMMALA CHERUVU
village_590909,590909,TELLAPADU
village_590910,590910,TARLUPADU
village_590911,590911,KARUMANI PALLE
village_590912,590912,MEERJA PETA
village_590913,590913,GOLLA PALLE
village_590914,590914,ROLAGAM PADU
village_590915,590915,PATHE PURAM
village_590916,590916,NAGENDLA MUDUPU
village_590917,590917,CHENNA REDDI PALLE
village_590918,590918,TADIVARI PALLE
village_590919,590919,MANGALA KUNTA
village_590920,590920,OBAYA PALLE
village_590921,590921,KONDA REDDI PALLE
village_590922,590922,LAKSHMAKKA PALLE
village_590923,590923,GANIVANI PADU
village_590924,590924,VAGEMADUGU
village_590925,590925,MUMMAYAPALEM
village_590926,590926,BASAVA PURAM
village_590927,590927,MUNAGAPADU
village_590928,590928,VELIGANDLA
village_590929,590929,NAGARAJU GUNTA
village_590930,590930,CHINTA GUNTA
village_590931,590931,BODA PADU
village_590932,590932,BURADA PALEM
village_590933,590933,AMBAPURAM
village_590934,590934,REGUMANI PALLE
village_590935,590935,GURRALA MADUGU
village_590936,590936,GARLADINNE
village_590937,590937,MARRI PALEM
village_590938,590938,VADDI MADUGU
village_590939,590939,ASWARAYUNI PALEM
village_590940,590940,VEDURRALLA PADU
village_590941,590941,KONAKANAMITLA
village_590942,590942,VEERABHADRA PURAM
village_590943,590943,SIDDAVARAM
village_590944,590944,KATRAGUNTA
village_590945,590945,THUVVA PADU
village_590946,590946,VINJAVARTHI PADU
village_590947,590947,SALANUTHALA
village_590948,590948,CHINAMANAGUNDAM
village_590949,590949,NAGAMPALLE
village_590950,590950,BUDAMKAYALA PADU
village_590951,590951,GOTLAGATTU
village_590952,590952,GARIMANA PENTA
village_590953,590953,BATCHALAKURAPADU
village_590954,590954,CHINARIKATLA
village_590955,590955,IRASALAGUNDAM
village_590956,590956,PEDARIKATLA
village_590957,590957,EGALAPADU
village_590958,590958,KESAVABHOTLA PALEM
village_590959,590959,PAMULAPADU
village_590960,590960,KUNCHEPALLE
village_590961,590961,DASALLA PALLE
village_590962,590962,RAMULAVEEDU
village_590963,590963,MALLAVARAM
village_590964,590964,ZUVVALERU
village_590965,590965,SUDANAGUNTA
village_590966,590966,THUMMAGUNTA
village_590967,590967,KONDAYA PALEM
village_590968,590968,SALAKANUTHALA
village_590969,590969,MUGA CHINTHALA
village_590970,590970,DONDLERU
village_590971,590971,OBULAKKA PALLE
village_590972,590972,KAMBHALAPADU
village_590973,590973,JAFALA PURAM
village_590974,590974,NANDI PALEM
village_590975,590975,RAMAYANA KANDRIKA
village_590976,590976,MADALAVARI PALEM
village_590977,590977,AKKA CHERUVU
village_590978,590978,NIMMAVARAM
village_590979,590979,TEEGADURTHIPADU
village_590980,590980,AMUDALA PALLE
village_590981,590981,ANNA VARAM
village_590982,590982,CHINTAGUM PALLE
village_590983,590983,LAKSHMI PURAM
village_590984,590984,THALAMALLA
village_590985,590985,UPPALA PADU
village_590986,590986,YELURU
village_590987,590987,T.SALLURU
village_590988,590988,PODILI (CT)
village_590989,590989,DOSAKAYALAPADU
village_590990,590990,MANNEPALLE
village_590991,590991,VITHALAPURAM
village_590992,590992,MALKAPURAM
village_590993,590993,TALLUR
village_590994,590994,MADHAVARAM
village_590995,590995,RAMABHADRAPURAM
village_590996,590996,BELLAMKONDAVARI PALEM
village_590997,590997,SARVAMITTA
village_590998,590998,LAKKAVARAM
village_590999,590999,SANKARANARAYANAPURAM
village_591000,591000,BODDIKURA PADU
village_591001,591001,SURAYA PALEM
village_591002,591002,NAGAMBHOTLA PALEM
village_591003,591003,SOMAVRAPPADU
village_591004,591004,SIVARAMPURAM
village_591005,591005,ANAMANAMUR
village_591006,591006,BODDUVANI PALEM
village_591007,591007,SOMAVARAPPADU
village_591008,591008,KORISAPADU
village_591009,591009,PICHIKALAGUDIPADU
village_591010,591010,RAVINUTHALA
village_591011,591011,DYVALA RAVURU
village_591012,591012,PAMIDI PADU
village_591013,591013,RACHAPUDI
village_591014,591014,PRASANGULA PADU
village_591015,591015,WADA
village_591016,591016,IPURU PALEM (PART)
village_591017,591017,GAVINIVARI PALEM
village_591018,591018,CHIRALA (CT)
village_591019,591019,PANDILLA PALLE
village_591020,591020,PULLARI PALEM
village_591021,591021,KOTHA PETA (PART)
village_591022,591022,NAYANI PALLE
village_591023,591023,VETAPALEM (CT)
village_591024,591024,SANTHARAVURU
village_591025,591025,GONASAPUDI
village_591026,591026,CHINTHAGUM PALLE
village_591027,591027,KADAVAKUDURU
village_591028,591028,MOTU PALLE
village_591029,591029,CHINAGANJAM
village_591030,591030,PEDAGANJAM
village_591031,591031,KOTHAKOTA
village_591032,591032,NIDAMANUR
village_591033,591033,POTHAVARAM
village_591034,591034,CHADALAWADA
village_591035,591035,MADDIRALA PADU
village_591036,591036,CHEKURA PADU
village_591037,591037,CHEERVANUPPALA PADU
village_591038,591038,AMMANA BROLU
village_591039,591039,NAGULUPPALA PADU
village_591040,591040,KANDLAGUNTA
village_591041,591041,THIMMASAMUDRAM
village_591042,591042,MADDIRALA MUPPALLA
village_591043,591043,EDUMUDI
village_591044,591044,MATTIGUNTA
village_591045,591045,UPPUGUNDUR
village_591046,591046,MACHAVARAM
village_591047,591047,RAPARLA
village_591048,591048,KANUPARTHI
village_591049,591049,GARLAPADU
village_591050,591050,GADIYAPUDI
village_591051,591051,ANNANGI
village_591052,591052,GUNDLA PALLE
village_591053,591053,RACHAVARI PALEM
village_591054,591054,KEERTHI PADU
village_591055,591055,VELLAM PALLE
village_591056,591056,KOLACHANAKOTA
village_591057,591057,MALLAVARAM
village_591058,591058,VENKATESWARAPURAM
village_591059,591059,DODDAVARAM
village_591060,591060,NELATUR
village_591061,591061,MADDIPADU
village_591062,591062,SEETHARAMPURAM
village_591063,591063,NANDIPADU
village_591064,591064,INAMANAMELLUR
village_591065,591065,DODDAVARAPPADU
village_591066,591066,PEDA KOTHA PALLE
village_591067,591067,LINGAMGUNTA
village_591068,591068,EDUGUNDLAPADU
village_591069,591069,DEVARAPALEM
village_591070,591070,ILAPAVULURU
village_591071,591071,RANGASAI PURAM
village_591072,591072,PALLA MALLI
village_591073,591073,NEKUNAMBADU
village_591074,591074,CHANDRAPADU
village_591075,591075,YERRAGUDIPADU
village_591076,591076,MANCHIKALAPADU
village_591077,591077,TORRAGUDI PADU
village_591078,591078,BANDLAMUDI
village_591079,591079,PADAMATINAIDUPALEM
village_591080,591080,KANDURIVARI AGRAHARAM
village_591082,591082,NIPPATLAPADU
village_591083,591083,BUDAVADA
village_591084,591084,MYLAVARAM
village_591085,591085,RAJUPALEM - LAXMIPURAM
village_591086,591086,PULIKONDA
village_591087,591087,CHINA RAVIPADU
village_591088,591088,BHUSURA PALLE
village_591089,591089,RAMACHANDRA PURAM
village_591090,591090,PIDATHALAPUDI
village_591091,591091,GUNDUVARI LAXMIPURAM
village_591092,591092,GONUGUNTA
village_591093,591093,RAJU PALEM
village_591094,591094,GUNDLA SAMUDRAM
village_591095,591095,GOSUKONDA AGRAHARAM
village_591096,591096,KELLAM PALLE
village_591097,591097,PANNURU
village_591098,591098,KAKARLA
village_591099,591099,CHILAMKURU
village_591100,591100,RAMAYAPALEM
village_591101,591101,CHIMATA
village_591102,591102,VALLAYA PALEM
village_591103,591103,NIRMANAPURAM
village_591104,591104,MARRIPUDI
village_591105,591105,THIPPALA DEVI PALLE
village_591106,591106,ANKEPALLE
village_591107,591107,KUCHIPUDI
village_591108,591108,GARLA PETA
village_591109,591109,VANKAMARRI PALEM
village_591110,591110,RAMACHANDRAPURAM
village_591111,591111,VEMA VARAM
village_591112,591112,GANJIPALEM
village_591113,591113,SANNAMUR
village_591114,591114,JUVVI GUNTA
village_591115,591115,DHARAMAVARAM
village_591116,591116,VENKATA KRISHNA PURAM
village_591117,591117,THANGELLA
village_591118,591118,AYYAPARAJU PALEM
village_591119,591119,PEDDIVENKATAYA PALLE
village_591120,591120,ANNADA PURAM
village_591121,591121,UMMANA PALLE
village_591122,591122,HANUMANTHA PURAM
village_591123,591123,VEMULA PADU
village_591124,591124,MOHAMMADA PURAM
village_591125,591125,THIMMAREDDI PALLE
village_591126,591126,RASEEDU PURAM
village_591127,591127,KOTATHIPPALA
village_591128,591128,KONDAREDDI PALLE
village_591129,591129,NEELAKANTA PURAM
village_591130,591130,NALLAGANDLA
village_591131,591131,CHINAGOLLA PALLE
village_591132,591132,PEDAGOLA PALLE
village_591133,591133,VALICHERLA
village_591134,591134,NANDANAVANAM
village_591135,591135,VEERARAMA PURAM
village_591136,591136,RAMAYA PALLE
village_591137,591137,MUPPALA PADU
village_591138,591138,VEERAGAREDDI PALLE
village_591139,591139,DASALLA PALLE
village_591140,591140,KUTAGUNDLA
village_591141,591141,DODDI CHINTALA
village_591142,591142,HANUMANTHUNIPADU
village_591143,591143,HAZEE PURAM
village_591144,591144,MASAYA PETA
village_591145,591145,UPENDRA PURAM
village_591146,591146,JAGGAMBOTLA KRISHNAPURAM
village_591147,591147,ONDUTLA
village_591148,591148,PUSALAPADU
village_591149,591149,BESTAWARIPETA
village_591150,591150,PAPAYAPALLE
village_591151,591151,SOMAVARAPETA
village_591152,591152,CHINTHALA PALEM
village_591153,591153,NEKUNAMBAD
village_591154,591154,SALAKALAVEEDU
village_591155,591155,DATHARA KRISHNAPURAM
village_591156,591156,CHINA OBENENI PALLE
village_591157,591157,RETLA PALLE
village_591158,591158,PEDA OBENENI PALLE
village_591159,591159,POTHAVARAM
village_591160,591160,PITIKAYAGULLA
village_591161,591161,BASINE PALLE
village_591162,591162,MADHANA PULLALA CHERUVU
village_591163,591163,MOKSHA GUNDUM
village_591164,591164,PACHALA VENKATA PURAM
village_591165,591165,GALIJERUGULLA
village_591166,591166,KONA PALLE
village_591167,591167,AKAVEEDU
village_591168,591168,VENTHURLA PADU
village_591169,591169,CHINNAGANI PALLE
village_591170,591170,CHOLLAVEEDU
village_591171,591171,JALLIVANI PULLALA CHERUVU
village_591172,591172,ANUMULA PALLE
village_591173,591173,MADHAVA PURAM
village_591174,591174,SOMIDEVI PALLE
village_591175,591175,PALAKAVEEDU
village_591176,591176,DADANAGURUVAI PALLE
village_591177,591177,RACHERLA
village_591178,591178,BHUPANA GUNTLA
village_591179,591179,EDAVALLI
village_591180,591180,GUDIMETLA
village_591181,591181,MALAKONDAPENTAGUDEM
village_591182,591182,ISUKAGUNDAM GUDEM
village_591183,591183,AMBAVARAM
village_591184,591184,THIMMA PURAM
village_591185,591185,TRIPURA PURAM
village_591186,591186,THAMBALLA PALLE
village_591187,591187,PODILI KONDA PALLE
village_591188,591188,NARAVA
village_591189,591189,NARASIMHUNI PALLE
village_591190,591190,KONGALA VEEDU
village_591191,591191,MODAM PALLE
village_591192,591192,CHATTI REDDY PALLE
village_591193,591193,KRISTAM SETTI PALLE
village_591194,591194,KANCHI PALLE
village_591195,591195,BOGADA
village_591196,591196,MUNDLA PADU
village_591197,591197,KOTHA KOTA
village_591198,591198,KOMMUNURU
village_591199,591199,SANJEEVARAO PETA
village_591200,591200,GADIKOTA
village_591201,591201,UYYALA WADA
village_591202,591202,GIDDALURU (CT)
village_591203,591203,DADDAWADA
village_591204,591204,NAGIREDDIPALLE
village_591205,591205,TATICHERLA
village_591206,591206,NALLAGUNTLA
village_591207,591207,RAJUPALEM
village_591208,591208,GUDURU MORAVAI PALLE
village_591209,591209,VENNAM PALLE
village_591210,591210,LINGAREDDI PALLE
village_591211,591211,KRISTAM PALLE
village_591212,591212,EDAMAKALLU
village_591213,591213,PULLAREDDI PALLE
village_591214,591214,CHINTHALA PALLE
village_591215,591215,KOMAROLU
village_591216,591216,BADINENI PALLE
village_591217,591217,RAMAVARI PALLE
village_591218,591218,SURAVARI PALLE
village_591219,591219,MOTTU PALLE
village_591220,591220,BEDUSU PALLE
village_591221,591221,BRAHMANA PALLE
village_591222,591222,REDDICHERLA
village_591223,591223,ALLINAGARAM
village_591224,591224,PANDUVA NAGULA VARAM
village_591225,591225,JANGAM NARASAYA PALLE
village_591226,591226,K.KESAVABOTLAVARI KHANDRIKA
village_591227,591227,PULIKUNTLA RALLA PALLE
village_591228,591228,GANESUNI PALLE
village_591229,591229,PANDUVA
village_591230,591230,GANDLA SEETHARAM PURAM
village_591231,591231,GANNA VARAM
village_591232,591232,GURUGUPADU
village_591233,591233,KANKANAM PADU
village_591234,591234,KANKANAM PADU AGRAHARAM
village_591235,591235,BALLAVARAM
village_591236,591236,PERUGUPALLE
village_591237,591237,HUSSAIN PURAM
village_591238,591238,MANAMADUGU
village_591239,591239,BONTHAGUNTA PALLE
village_591240,591240,MOGALLUR
village_591241,591241,VELIGANDLA
village_591242,591242,RAMAGOPALAPURAM
village_591243,591243,RAMALINGA PURAM
village_591244,591244,IMMADI CHERUVU
village_591245,591245,VEDULLA CHERUVU
village_591246,591246,KOTALA PALLE
village_591247,591247,CHODAVARAM
village_591248,591248,MARAPAGUNTA
village_591249,591249,NAGIREDDY PALLE
village_591250,591250,GANUGA PENTA
village_591251,591251,BADUGULERU
village_591252,591252,CHALLAGIRIGALA
village_591253,591253,DIRISAVANCHA
village_591254,591254,YADAVALLI
village_591255,591255,PUNUGODU KHANDRIKA
village_591256,591256,KANCHIPURAM
village_591257,591257,PUNUGODU
village_591258,591258,THUMMAGUNTA
village_591259,591259,CHAKIRALA
village_591260,591260,SANKAVARAM
village_591261,591261,SOMANAPALLE
village_591262,591262,BOMMIREDDI PALLE
village_591263,591263,GUDIPADU
village_591264,591264,TALLUR
village_591265,591265,HAZIS PURAM
village_591266,591266,KODIGUDLA PADU (WEST)
village_591267,591267,CHINA IRLAPADU
village_591268,591268,PERAMGUDI PALLE
village_591269,591269,POLAVARAM
village_591270,591270,NIMMA MAHESWARAPURAM
village_591271,591271,KALAGATLA
village_591272,591272,GOSULAVEEDU
village_591273,591273,AYYANAPALEM
village_591274,591274,RACHAGUNDLAPADU
village_591275,591275,LINGOJIPURAM
village_591276,591276,CHINAALAVALA PADU
village_591277,591277,TAKKELLAPADU
village_591278,591278,UMAMAHESWARAPURAM
village_591279,591279,JAMMALAMADAKA
village_591280,591280,CHENNAKESAVAPURAM
village_591281,591281,VANGAPADU
village_591282,591282,KRISHNA PURAM
village_591283,591283,GURAVAJIPETA
village_591284,591284,CHIRLA DINNE
village_591285,591285,VIJAYA GOPALA PURAM
village_591286,591286,BALAVENKATA PURAM
village_591287,591287,BALLI PALLE
village_591288,591288,VISWANADHA PURAM
village_591289,591289,KANIGIRI (U) (CT)
village_591290,591290,MUGACHINTALA
village_591291,591291,NENNURUPADU
village_591292,591292,GURRAPPADIA
village_591293,591293,PETLURU
village_591294,591294,G DHARBAKULAVARIKHANDRIKA
village_591295,591295,C G ANANTHA BHOTLA VARI KHANDRIKA
village_591296,591296,C G MAMIDALAVARIKHANDRIKA
village_591297,591297,ANAKARLAPUDI
village_591298,591298,KONDAPI GADIYARAM VARI KHANDRIKA
village_591299,591299,CHINAKANDLA GUNTA
village_591300,591300,C G CHAMARTHIVARIKHANDRIKA
village_591301,591301,PETLURUKURUGANTIVARIKHANDRIKA
village_591302,591302,PETLURUMOCHARLAVARI KHANDRIKA
village_591303,591303,PEDAKANDLAGUNTA
village_591304,591304,ILAVERA
village_591305,591305,KONDAPI
village_591306,591306,PERIDEPI
village_591307,591307,MUPPAVARAM
village_591308,591308,CHODAVARAM
village_591309,591309,VENNURU
village_591310,591310,CHINA VENKANA PALEM
village_591311,591311,K.UPPALAPADU
village_591312,591312,LAKSHMI PURAM
village_591313,591313,RUDRAVARAM
village_591314,591314,GURUVAREDDY PALEM
village_591315,591315,MYNAMPADU
village_591316,591316,ENDLURU
village_591317,591317,PERNAMETTA (PART)
village_591318,591318,GANGAVARAM
village_591319,591319,KONAGANI VARI PALEM
village_591320,591320,PIDATHALAGUDI PADU
village_591321,591321,GUMMALAM PADU
village_591322,591322,YENIKAPADU
village_591323,591323,BHATLA MACHAVARAM
village_591324,591324,MATTI PADU
village_591325,591325,CHILAKAPADU
village_591326,591326,PADAMATI THAKKELLA PADU
village_591327,591327,MANGAMURU
village_591328,591328,THROVAGUNTA
village_591329,591329,KARAVADI
village_591330,591330,ULICHI
village_591331,591331,DEVARAM PADU
village_591332,591332,CHEJERLA
village_591333,591333,KOPPOLU (R)
village_591334,591334,GUDIMELLA PADU
village_591335,591335,MUKTHINUTALA PADU (R)
village_591336,591336,KOTHAMAMIDIPALEM (R)
village_591337,591337,VENGAMUKKA PALEM
village_591338,591338,SARVEREDDY PALEM
village_591339,591339,YERAJERLA
village_591340,591340,CHERUVU KOMMU PALEM
village_591341,591341,MANGALADRI PURAM
village_591342,591342,PELLURU (R)
village_591343,591343,NARASA PURAM
village_591344,591344,MALLESHWARAPURAM
village_591345,591345,ALLUR
village_591346,591346,PADARTHI
village_591347,591347,ALLURU KOTHA PATNAM
village_591348,591348,RAJU PALEM
village_591349,591349,ETHAMUKKALA
village_591350,591350,PAYAKARI KHANDRIKA
village_591351,591351,MADANUR
village_591352,591352,KONIJEDU
village_591353,591353,PONDURU
village_591354,591354,M.NIDAMALUR
village_591355,591355,MARLAPADU
village_591356,591356,KANDUKUR
village_591357,591357,KARUMANCHI
village_591358,591358,JAYAVARAM
village_591359,591359,MALLAVAR PADU
village_591360,591360,GOSUVANDLA KATTUBADI
village_591361,591361,VALLURU
village_591362,591362,VASEPALLEPADU
village_591363,591363,SOMAVARAPPADU
village_591364,591364,VALLURU KAVALIMANYAM
village_591365,591365,TURUPUNAIDUPALEM
village_591366,591366,TANGUTUR
village_591367,591367,ANANTHAVARAM
village_591368,591368,VELAGAPUDI
village_591369,591369,P.MAMIDALAVARI KHANDRIKA
village_591370,591370,NARASIMHANAYANI KHANDRIKA
village_591371,591371,VARDHINENI PALEM
village_591372,591372,PATCHEVA
village_591373,591373,KAMEPALLE AGRAHARAM
village_591374,591374,KAME PALLE
village_591375,591375,ILAVARAM MAMIDALA VARI KHANDRIKA
village_591376,591376,CHATUKUPADU
village_591377,591377,PAIDI PADU
village_591378,591378,RAMACHANDRAPURAM
village_591379,591379,N V V KHANDRIKA
village_591380,591380,NARASINGOLU
village_591381,591381,J.G.KHANDRIKA
village_591382,591382,YEDULURU PADU
village_591383,591383,CHIRRIKURA PADU
village_591384,591384,DAVAGUDUR
village_591385,591385,THUMADU
village_591386,591386,PALETI PADUMACHARLAVARI KHANDRIKA
village_591387,591387,PALETI PADU
village_591388,591388,VAVILETI PADU
village_591389,591389,P.G. KHANDRIKA
village_591390,591390,ZARUGUMILLI
village_591391,591391,N.M.V. KHANDRIKA
village_591392,591392,NANDANAVANAM
village_591393,591393,K.BITRAGUNTA
village_591394,591394,MEKAPADU (Z)
village_591395,591395,KOTAPADU
village_591396,591396,RAJOLUPADU
village_591397,591397,MANGINAPADU
village_591398,591398,CHENNIPADU
village_591399,591399,PACHAVABALA GOPALAPURAM
village_591400,591400,RAVULA KOLLU
village_591401,591401,UPPALA DINNE
village_591402,591402,VEMPADU
village_591403,591403,MUPPALLA
village_591404,591404,SINGARA BOTLA PALEM
village_591405,591405,VELLATURIKALIDASUVARIKHANDRIKA
village_591406,591406,VELLATURU
village_591407,591407,PONNALURU
village_591408,591408,PONNALURU GUDAVARI KHANDRIKA
village_591409,591409,CHERUKURU
village_591410,591410,BOGANAMPADU
village_591411,591411,MALEPADU
village_591412,591412,LINGAM GUNTA
village_591413,591413,CHOUTA PALEM
village_591414,591414,IPPAGUNTA
village_591415,591415,PEDAVENKANNA PALEM
village_591416,591416,TALAKONDAPADU
village_591417,591417,MUDDAPADU
village_591418,591418,BATTUPALLE
village_591419,591419,CHOWTA GOGULA PALLE
village_591420,591420,PEDA ALAVALA PADU
village_591421,591421,NEREDU PALLE
village_591422,591422,POTHAVARAM
village_591423,591423,MARELLA
village_591424,591424,RAMA GOVINDA PURAM
village_591425,591425,PEDACHERLO PALLE
village_591426,591426,MURUGAMMI
village_591427,591427,CHINAVARI MADUGU
village_591428,591428,PITCHI GUNTA PALLE
village_591429,591429,PEDAVARI MADUGU
village_591430,591430,GOSIGUNDALA
village_591431,591431,VEPAGUM PALLE
village_591432,591432,CHINTHAGUM PALLE
village_591433,591433,GUNTU PALLE
village_591434,591434,SANKARA PURAM
village_591435,591435,VITTALA PURAM
village_591436,591436,PEDA IRLA PADU
village_591437,591437,LAKSHMAKKA PALLE
village_591438,591438,DEVAKI MARRI
village_591439,591439,THUNGODU
village_591440,591440,TALANEELAMALA
village_591441,591441,VENKATAYA CHERUVU
village_591442,591442,BOYAMADUGULA
village_591443,591443,VIRANCHI PURAM
village_591444,591444,PEDAGOGULAPALLE
village_591445,591445,MUNDLAPADU
village_591446,591446,CHINTALA PALEM
village_591447,591447,ARIVEMULA
village_591448,591448,YEKUNAM PURAM
village_591449,591449,THUMMAGUNTA
village_591450,591450,DARSIGUNTA PETA
village_591451,591451,BONTHA VARI PALLE
village_591452,591452,MEDANULU VENGANA PALLE
village_591453,591453,BODAVULA DINNE
village_591454,591454,KONDABAINA PALLE
village_591455,591455,RANGANAYUNI PALLE
village_591456,591456,DARSI THIMMAKKA PALLE
village_591457,591457,CHANDRA SEKHARA PURAM
village_591458,591458,MUSUNOOR
village_591459,591459,KOMATIGUNTA
village_591460,591460,CHINTHAPUDI
village_591461,591461,NAGULAVARAM
village_591462,591462,KOVILAM PADU
village_591463,591463,ANIKALLA PALLE
village_591464,591464,NALLAMADUGULA
village_591465,591465,UPPALAPADU
village_591466,591466,GUNTACHENNAM PALLE
village_591467,591467,REGULA CHILAKA
village_591468,591468,CHENNAPANAYUNI PALLE
village_591469,591469,VATLA BAYULU
village_591470,591470,MALAMEEDI PALLE
village_591471,591471,KOTHA PALLE
village_591472,591472,AMBAVARAM
village_591473,591473,PEDARAJU PALEM
village_591474,591474,NALAJANAM PADU
village_591475,591475,KAMBHAM PADU
village_591476,591476,KATTAKINDA PALLI
village_591477,591477,CHILAMKUR
village_591478,591478,DADIREDDI PALLLE
village_591479,591479,GUMMALAMPADU
village_591480,591480,VAGGAMPALLE
village_591481,591481,RAVIGUNTAPALLE
village_591482,591482,NASIKATRAYAMBAKAM
village_591483,591483,INIMERLA
village_591484,591484,CHILAKAPADU
village_591485,591485,MOTRAVULAPADU
village_591486,591486,CHINTHALAPALEM
village_591487,591487,ANUMALAKONDA
village_591488,591488,BUKKAPURAM
village_591489,591489,DUBAGUNTA
village_591490,591490,EAST KODIGUDLAPADU
village_591491,591491,TIRAGANDLA DINNE
village_591492,591492,PUTTAMNAIDU PALLE
village_591493,591493,MOPADU
village_591494,591494,BALIJAPALEM
village_591495,591495,AYYAVARIPALLE
village_591496,591496,AYYANNAKOTA
village_591497,591497,MALAKONDAPURAM
village_591498,591498,BODAVADA
village_591499,591499,SIDDAVARAM
village_591500,591500,BOTLA GUDUR
village_591501,591501,KARROLLAPADU
village_591502,591502,KAMBALADINNE
village_591503,591503,RENIMADUGU
village_591504,591504,PAMUR (CT)
village_591505,591505,VEERANNA PALEM
village_591506,591506,POLINENI CHERUVU
village_591507,591507,RAMACHANDRAPURAM
village_591508,591508,NAWABPALEM
village_591509,591509,EAST POLINENI PALEM
village_591510,591510,VOLETIVARIPALEM
village_591511,591511,CHUNDI
village_591512,591512,RAMALINGAPURAM
village_591513,591513,AYYAVARIPALLE
village_591514,591514,Z.UPPALAPADU
village_591515,591515,KONDASAMUDRAM
village_591516,591516,SAMEERAPALEM
village_591517,591517,NEKUNAMPURAM @ POKUR
village_591518,591518,NUKAVARAM
village_591519,591519,KAKUTUR
village_591520,591520,NEKUNAM PURAM K.KANDRIKA
village_591521,591521,SINGAMNENIPALLE
village_591522,591522,KONDAREDDIPALEM
village_591523,591523,NALADALAPUR
village_591524,591524,SAKHAVARAM
village_591525,591525,KALAVALLA
village_591526,591526,G.MEKA PADU
village_591527,591527,MUPPALAKESARAMVARIKANDRIKA
village_591528,591528,PANDALAPADU
village_591529,591529,JILLELAMUDI
village_591530,591530,VIKKIRALAPETA
village_591531,591531,PALUKUR
village_591532,591532,KONDIKANDUKUR
village_591533,591533,KOVUR
village_591534,591534,ANANTHA SAGARAM
village_591535,591535,MAHADEVAPURAM (R)
village_591536,591536,OGUR
village_591537,591537,KANCHARAGUNTA
village_591538,591538,KONDAMUDUSU PALEM
village_591539,591539,ANANDAPURAM
village_591540,591540,MOPADU
village_591541,591541,MACHAVARAM
village_591542,591542,MADANAGOPALAPURAM
village_591543,591543,PALUR
village_591544,591544,DONDA PADU
village_591545,591545,KALIKIVAYA
village_591546,591546,KANUMALLA
village_591547,591547,SANAMPUDI
village_591548,591548,SINGARAYAKONDA
village_591549,591549,SOMARAJUPALLE
village_591550,591550,PAKALA
village_591551,591551,BINGINI PALLE
village_591552,591552,MULAGUNTAPADU (CT)
village_591553,591553,SINGARAYAKONDA (RS) (CT)
village_591554,591554,JAGAMREDDI KHANDRIKA
village_591555,591555,VENGALAPURAM
village_591556,591556,MUKTESWARAM
village_591557,591557,MALA KONDA RAYUNIPALEM
village_591558,591558,VEERA RAGHAVUNI KOTA
village_591559,591559,VISWANADHAPURAM
village_591560,591560,THIMMAREDDY PALEM
village_591561,591561,LINGASAMUDRAM
village_591562,591562,MOGILICHERLA
village_591563,591563,NARASIMHAPURAM
village_591564,591564,RACHERUVURAJUPALEM
village_591565,591565,CHEEMALAPENTA
village_591566,591566,PENTRALA
village_591567,591567,RALLAPADU
village_591568,591568,GANGAPALEM
village_591569,591569,THURPURAJUPALEM
village_591570,591570,THUNUGUNTA
village_591571,591571,ANNEBOINAPALLE
village_591572,591572,CHINAPAVANI
village_591573,591573,MUTYALAPADU
village_591574,591574,PARAKONDA PADUAGRAHARAM
village_591575,591575,PARAKONDAPADU
village_591576,591576,DAPPALAMPADU
village_591577,591577,GUNDLAPALEM
village_591578,591578,KOTHAPETA
village_591579,591579,SWARNAJIPURAM
village_591580,591580,GUDLURU
village_591581,591581,BASIREDDY PALEM
village_591582,591582,DARAKANIPADU
village_591583,591583,PURETIPALLE
village_591584,591584,VENKAM PETA
village_591585,591585,CHINALA TRAPI
village_591586,591586,NAYUDUPALEM
village_591587,591587,AMMAVARI PALEM
village_591588,591588,POTLURU
village_591589,591589,MOCHERLA
village_591590,591590,RAVUR
village_591591,591591,CHEVURU
village_591592,591592,ATMAKUR
village_591593,591593,MANNETI KOTA
village_591594,591594,KAREDU
village_591595,591595,K.RAJUPALEM
village_591596,591596,KOLLURUPADU
village_591597,591597,BHEEMAVARAM
village_591598,591598,BADDEPUDI
village_591599,591599,KRISHNAPURAM
village_591600,591600,VEEREPALLE
village_591601,591601,CHAGALLU
village_591602,591602,CHAKI CHERLA
village_591603,591603,RAMAYAPATNAM
village_591604,591604,CHINTHODU
village_591605,591605,PABBULETIPALLE
village_591606,591606,CHINA NAGAMPALLE
village_591607,591607,PEDDA NAGAMPALLE
village_591608,591608,GUNDUPALLE
village_591609,591609,MARAMREDDIPALLE
village_591610,591610,JAYAPURAM
village_591611,591611,NEMALLADINNE
village_591612,591612,DEVISETTIPALLE
village_591613,591613,SEETHARAMAPURAM
village_591614,591614,NARAYANAMPET
village_591615,591615,PANDRANGI
village_591616,591616,SINGAREDDIPALLE
village_591617,591617,AYYAVARIPALLE
village_591618,591618,GANGAVARAM
village_591619,591619,BALAYAPALLE
village_591620,591620,DEVARAJUSURAYAPALLE
village_591621,591621,DEVAMMACHERUVU
village_591622,591622,VEMPALLETHOKA
village_591623,591623,BASINENIPALLE
village_591624,591624,PADAMATI ROMPIDODLA
village_591625,591625,PAPPULAVARIPALLE
village_591626,591626,KOTAYAPALLE
village_591627,591627,ARLAPADIYA
village_591628,591628,KRISHNAMPALLE
village_591629,591629,CHOWDEPALLE
village_591630,591630,GANDIPALEM
village_591631,591631,GUDINARAVA
village_591632,591632,THIRUMALAPURAM
village_591633,591633,SUNNAMVARICHINTALA
village_591634,591634,GANNEPALLE
village_591635,591635,KURRAPALLE
village_591636,591636,SAKUNALAPALLE
village_591637,591637,PULLAYAPALLE
village_591638,591638,BANDAGANIPALLE
village_591639,591639,GANGULAVARI CHERUVU PALLE
village_591640,591640,UDAYAGIRI @ KONDAYAPALEM
village_591641,591641,APPASAMUDRAM
village_591642,591642,PAMURUPALLE
village_591643,591643,PEDDIREDDIPALLE
village_591644,591644,THODUGUPALLE
village_591645,591645,THURPUPALEM
village_591646,591646,VIRUVOORU
village_591647,591647,KONDAYAPALEM
village_591648,591648,THOTALACHERUVUPALLE
village_591649,591649,YERRAMREDDIPALLE
village_591650,591650,MOHAMMADAPURAM
village_591651,591651,GOLLAPALLE
village_591652,591652,VEMPADU
village_591653,591653,DAMANCHERLA
village_591654,591654,DAKKANUR
village_591655,591655,TURPUROMPIDODLA
village_591656,591656,BONGARAVULAPADU
village_591657,591657,NARASIMHAPURAM
village_591658,591658,BHASKARAPURAM
village_591659,591659,VARIKUNTAPADU
village_591660,591660,KANCHERUVU
village_591661,591661,ISKAPALLI
village_591662,591662,GUVVADI
village_591663,591663,THURPU BOYAMADUGULA
village_591664,591664,ALIVELUMANGAPURAM
village_591665,591665,THURPU CHENNAMPALLE
village_591666,591666,JADADEVI
village_591667,591667,KANIAMPADU
village_591668,591668,RAMADEVULAPADU
village_591669,591669,GANESWARAPURAM
village_591670,591670,ISKADAMERLA
village_591671,591671,KASTURINAIDUPALLE
village_591672,591672,VELIGANDLA
village_591673,591673,MARRIGUNTA
village_591674,591674,GUDAVALLURU (KONDAPURAM)
village_591675,591675,NEKUNAMPETA
village_591676,591676,SAIPETA
village_591677,591677,BHIMAVARAPPADU
village_591678,591678,KUMARA VENKATAPURAM
village_591679,591679,KOMMI
village_591680,591680,SATYAVOLU
village_591681,591681,PARLAPALLE
village_591682,591682,MALLAVARAPPADU
village_591683,591683,GANUGAPENTA
village_591684,591684,AUDIMURTHIPURAM
village_591685,591685,THURPU- BRAHMANAPALLE
village_591686,591686,CHINTHALADEVI
village_591687,591687,THURPUYERRABALLE
village_591688,591688,GARIMENAPENTA
village_591689,591689,YERRABOTLAPALLE
village_591690,591690,CHALLAGIRIGALA
village_591691,591691,GOTTIGUNDALA
village_591692,591692,SETTIPALEM
village_591693,591693,THURPU- JANGALAPALLE
village_591694,591694,KUNKUVARIPALEM
village_591695,591695,RAMANUJAPURAM
village_591696,591696,CHODAVARAM
village_591697,591697,KESAVARAM
village_591698,591698,GATTUPALLE
village_591699,591699,JAMMALAPALEM
village_591700,591700,JALADANKI
village_591701,591701,ANNAVARAM
village_591702,591702,CHINA KRAKA
village_591703,591703,KODANDARAMAPURAM
village_591704,591704,BRAHMANAKRAKA
village_591705,591705,SOMAVARAPPADU
village_591706,591706,KRISHNAPADU
village_591707,591707,CHAMADALA
village_591708,591708,CHALAMCHERLA
village_591709,591709,RAJUVARI CHINTALA PALEM
village_591710,591710,KOTHAPALLE
village_591711,591711,MADDURUPADU (PART)
village_591712,591712,RUDRAKOTA
village_591713,591713,CHENNAYAPALEM
village_591714,591714,ANEMADUGU
village_591715,591715,THUMMALAPENTA
village_591716,591716,MANNANGIDINNE
village_591717,591717,KAVALI BIT - II (RURAL)
village_591718,591718,KAVALI BIT - I (RURAL)
village_591719,591719,BUDAMAGUNTA
village_591720,591720,MUSUNURU (PART)
village_591721,591721,GOWRAVARAM
village_591722,591722,THALLAPALEM
village_591723,591723,THALLURU
village_591724,591724,JAKKEPALLIGUDUR
village_591725,591725,BOGOLE
village_591726,591726,KOVURPALLE
village_591727,591727,BITRAGUNTA
village_591728,591728,UMAMAHESWARAPURAM
village_591729,591729,ALLIMADUGU
village_591730,591730,MUNGAMUR
village_591731,591731,SAMBASIVAPURAM
village_591732,591732,JUVVALADINNE
village_591733,591733,SIDDAVARAPU VENKATESUPALEM
village_591734,591734,MALLAYAPALEM
village_591735,591735,THELLAPADU
village_591736,591736,CHINA ANNALURU
village_591737,591737,DUBAGUNTA
village_591738,591738,KRAKUTURU
village_591739,591739,KUMMARAKONDURU
village_591740,591740,PEDAKONDURU
village_591741,591741,RAVULAKOLLU
village_591742,591742,KALIGIRI
village_591743,591743,VEERANAKOLLU
village_591744,591744,NAGASAMUDRAM
village_591745,591745,VENKANNAPALEM
village_591746,591746,PEDA ANNALURU
village_591747,591747,VELAGAPADU
village_591748,591748,KAVALI MUSTHAPURAM
village_591749,591749,KOTHAPETA
village_591750,591750,ANANTHAPURAM
village_591751,591751,SIDDANA KONDURU
village_591752,591752,PARIKOTA
village_591753,591753,LAKSHMIPURAM
village_591754,591754,GUDLADONA
village_591755,591755,CHAKALAKONDA
village_591756,591756,JANARDHANAPURAM
village_591757,591757,KATEPALLE
village_591758,591758,THAMIDAPADU
village_591759,591759,UTUKURU
village_591760,591760,RAVIPADU
village_591761,591761,NANDIGUNTA
village_591762,591762,VINJAMUR
village_591763,591763,SANKAVARAM
village_591764,591764,GUNDEMADAKALA
village_591765,591765,NALLAGONDA
village_591766,591766,KISTIPURAM
village_591767,591767,CHINTHALAPALEM
village_591768,591768,CHANDRAPADIA
village_591769,591769,BUKKAPURAM
village_591770,591770,THEDDUPADU
village_591771,591771,THIMMAPURAM
village_591772,591772,KOTHAPETA
village_591773,591773,NARRAWADA
village_591774,591774,MANDALLAPALLE
village_591775,591775,MANDALLANAIDUPALLE
village_591776,591776,SOMALAREGADA
village_591777,591777,DUTTALUR
village_591778,591778,BRAHMESWARAM
village_591779,591779,YERUKOLLU
village_591780,591780,RACHAVARIPALLE
village_591781,591781,PAPAMPALLE
village_591782,591782,VENKATAMPETA
village_591783,591783,AYYANAPALLE
village_591784,591784,NANDIPADU
village_591785,591785,BHYRAVARAM
village_591786,591786,CHABOLU
village_591787,591787,KAMPASAMUDRAM
village_591788,591788,BUDAWADA
village_591789,591789,CHILAKAPADU
village_591790,591790,KADIRINENIPALLE
village_591791,591791,CHINAMACHANUR
village_591792,591792,NAGARAJUPADU
village_591793,591793,NERADANAMPADU
village_591794,591794,BHEEMAVARAM
village_591795,591795,ALLAMPADU
village_591796,591796,IRLAPADU
village_591797,591797,PEGALLAPADU
village_591798,591798,BRAHMANAPALLE
village_591799,591799,NAGINENIGUNTA
village_591800,591800,SINGANAPALLE
village_591801,591801,PADAMATINAIDUPALLE
village_591802,591802,CHUNCHULUR
village_591803,591803,PALLAVOLU
village_591804,591804,PONGURU
village_591805,591805,NANDAVARAM
village_591806,591806,DHARMARAO CHERUVUPALLE
village_591807,591807,GANDLAVEDU
village_591808,591808,BOTIKARLAPADU
village_591809,591809,PADAKANDLA
village_591810,591810,ARAVEDU
village_591811,591811,KARATAMPADU
village_591812,591812,BOYILA CHIRUVELLA
village_591813,591813,NABBINAGARAM
village_591814,591814,PAMIDIPADU
village_591815,591815,NELLOREPALEM
village_591816,591816,CHIRUVELLA KHANDRIKA
village_591817,591817,NARAMPETA
village_591818,591818,MAHIMALUR
village_591819,591819,NAGULAPADU
village_591820,591820,JANGALAPALLE
village_591821,591821,DEPURU
village_591822,591822,BANDARUPALLE
village_591823,591823,KANUPURUPALLE
village_591824,591824,NUVVURUPADU
village_591825,591825,ATMAKUR
village_591826,591826,VASILI
village_591827,591827,BATTEPADU
village_591828,591828,DUBAGUNTA
village_591829,591829,CHOUTA BHEEMAVARAM
village_591830,591830,GUDIPADU
village_591831,591831,GUMPARLAPADU
village_591832,591832,PANDIPADU
village_591833,591833,PEDABBIPURAM
village_591834,591834,RAJAVOLU
village_591835,591835,PONUGODU
village_591836,591836,ANUMASAMUDRAMPETA
village_591837,591837,KAKARLAPADU
village_591838,591838,ZAMMAVARAM
village_591839,591839,KAVALI YADAVALLI
village_591840,591840,VELPULAGUNTA
village_591841,591841,KUNALAMMAPADU
village_591842,591842,AKBARABAD
village_591843,591843,ZUVVALAGUNTAPALLE
village_591844,591844,CHIRAMANA
village_591845,591845,CHANDULURUPADU
village_591846,591846,ANUMASAMUDRAM
village_591847,591847,KUPPURUPADU
village_591848,591848,KONDAMEEDA KONDURU
village_591849,591849,HASANAPURAM
village_591850,591850,SRIKOLANU
village_591851,591851,BODAGUDIPADU
village_591852,591852,MANUBOLUPADU
village_591853,591853,MARELLAPADU
village_591854,591854,DUNDIGAM
village_591855,591855,ITHAMPADU
village_591856,591856,RANGASAMUDRAM
village_591857,591857,LINGALAPADU
village_591858,591858,KATRAYAPADU
village_591859,591859,VELUPODU
village_591860,591860,KAMINENIPALEM
village_591861,591861,DAMAVARAM
village_591862,591862,ANANTHAVARAM
village_591863,591863,ULAVAPALLE
village_591864,591864,KOTHAPALLE KOWRUGUNTA
village_591865,591865,DAGADARTHI
village_591866,591866,CHENNURU
village_591867,591867,THIRUVEEDHIPADU
village_591868,591868,THURIMERLA
village_591869,591869,YELAMANCHIPADU
village_591870,591870,PEDAPUTHEDU
village_591871,591871,CHOUTAPUTHEDU
village_591872,591872,UCHAGUNTAPALEM
village_591873,591873,VELICHERLA
village_591874,591874,SINGAPETA
village_591875,591875,ALLURUPETA
village_591876,591876,ISAKAPALLE
village_591877,591877,GOGULAPALLE
village_591878,591878,ALLUR
village_591879,591879,GRADDAGUNTA
village_591880,591880,BATRAKAGOLLU
village_591881,591881,NORTH AMULURU
village_591882,591882,KALAMBOTLAVARI KHANDRIKA
village_591883,591883,ANATHABOTLAVARI KHANDRIKA
village_591884,591884,BEERAMGUNTA
village_591885,591885,NORTH MOPURU
village_591886,591886,INDUPURU
village_591887,591887,PURINI
village_591888,591888,DAMPURU
village_591889,591889,VAVILLA
village_591890,591890,CHOWKACHERLA
village_591891,591891,PARLAPALLE
village_591892,591892,VIDAVALUR
village_591893,591893,MUDIVARTHI
village_591894,591894,ALAGANIPADU
village_591895,591895,DANDIGUNTA
village_591896,591896,VARINI
village_591897,591897,UTUKURU
village_591898,591898,GOTLAPALEM
village_591899,591899,KOTHAVANGALLU
village_591900,591900,YELLAYAPALEM
village_591901,591901,GANDAVARAM
village_591902,591902,BODDUVARIPALEM
village_591903,591903,TALAMANCHI
village_591904,591904,DAMEGUNTA
village_591905,591905,BASAVAIPALEM
village_591906,591906,VENKANNAPURAM
village_591907,591907,GUNDALAMMAPALEM
village_591908,591908,NAIDUPALEM
village_591909,591909,KODAVALUR
village_591910,591910,NORTH RAJUPALEM
village_591911,591911,ALURUPADU
village_591912,591912,MANEGUNTAPADU
village_591913,591913,RAMANNAPALEM
village_591914,591914,MUNULAPUDI
village_591915,591915,VAVVERU
village_591916,591916,NAGAMAMBAPURAM
village_591917,591917,REBALA
village_591918,591918,ISAKAPALEM
village_591919,591919,CHELLAYAPALEM
village_591920,591920,KAVETIPALEM
village_591921,591921,PANCHEDU
village_591922,591922,MINAGALLU
village_591923,591923,JONNAWADA
village_591924,591924,PENUBALLE
village_591925,591925,KALAYAKAGOLLU
village_591926,591926,SREERANGARAJA -PURAM
village_591927,591927,DAMARAMADUGU
village_591928,591928,PERAMANA
village_591929,591929,NEELAYAPALEM
village_591930,591930,KORIMERLA KHANDRIKA
village_591931,591931,KORIMERLA
village_591932,591932,KOLAGATLA
village_591933,591933,SANGAM
village_591934,591934,PADAMATIPALEM
village_591935,591935,THARUNAVAYA
village_591936,591936,TALUPURUPADU
village_591937,591937,CHENNAVARAPPADU
village_591938,591938,MARRIPADU
village_591939,591939,JANGALA KHANDRIKA
village_591940,591940,KALIGIRI KONDURU
village_591941,591941,VANGALLU
village_591942,591942,DUVVURU
village_591943,591943,MAKTHAPURAM
village_591944,591944,ANNAREDDIPALEM
village_591945,591945,KOTITHEERTHAM
village_591946,591946,YANAMADALA
village_591947,591947,BILLUPADU
village_591948,591948,KAKIVAYA
village_591949,591949,NAGULAVELLATURU
village_591950,591950,KALAYAPALEM
village_591951,591951,CHEJERLA
village_591952,591952,THIMMAYAPALEM
village_591953,591953,GOLLAPALLE
village_591954,591954,PERUMALLAPADU
village_591955,591955,PELLERU
village_591956,591956,MAMUDURU
village_591957,591957,PATHAPADU
village_591958,591958,PADERU
village_591959,591959,VAVILERU
village_591960,591960,CHITTALURU
village_591961,591961,NERNOOR
village_591962,591962,YETURU
village_591963,591963,CHAPURALLAPALLE
village_591964,591964,BOMMAVARAM
village_591965,591965,THOLIJAPURAM
village_591966,591966,GOWRAVARAM
village_591967,591967,AMANICHIRUVELLA
village_591968,591968,INAGALUR
village_591969,591969,ANANTHASAGARAM
village_591970,591970,KAMIREDDIPADU
village_591971,591971,MANGUPALLE
village_591972,591972,PATHALAPALLE
village_591973,591973,PADAMATI KAMBHAMPADU
village_591974,591974,SOMASILA
village_591975,591975,UPPALAPADU
village_591976,591976,VAREKUNTAPADU
village_591977,591977,BEDUSUPALLE
village_591978,591978,DEVARAYAPALLE BIT- I
village_591979,591979,DEVARAYAPALLE BIT-II
village_591980,591980,MINAGALLU
village_591981,591981,REVURU
village_591982,591982,KULLURU
village_591983,591983,BRAHMANAPALLE
village_591984,591984,BADDEVOLU
village_591985,591985,KALUVOYA
village_591986,591986,ISAKAPALLE
village_591987,591987,NUKANAPALLE
village_591988,591988,TELUGURAYAPURAM
village_591989,591989,THOPUGUNTA AGRAHARAM
village_591990,591990,THOPUGUNTA
village_591991,591991,MADANNAGARIPALLE
village_591992,591992,CHINTALAPALEM
village_591993,591993,UYYALAPALLE
village_591994,591994,KOTURUPALLE
village_591995,591995,YERRABALLE
village_591996,591996,CHEEPINAPI
village_591997,591997,CHINTALATMAKURU
village_591998,591998,PALLAKONDA
village_591999,591999,KESAMANENIPALLE
village_592000,592000,CHINA GOPAVARAM
village_592001,592001,KANUPURUPALLE
village_592002,592002,DACHURU
village_592004,592004,TEGACHERLA
village_592005,592005,GARIMENAPENTA
village_592006,592006,GONUPALLE
village_592007,592007,PENUBARTHI GOPASAMUDRAM
village_592008,592008,PENUBARTHI
village_592009,592009,KASULANATIVARI KHANDRIKA
village_592010,592010,LINGAPALEM
village_592011,592011,SUDDAMALLA
village_592012,592012,GURIVINDAPUDI
village_592013,592013,AKILAVALASA
village_592014,592014,GUNDAVOLU
village_592017,592017,KAMBHALAPALLE
village_592018,592018,ADURUPALLE
village_592019,592019,SANAYAPALEM
village_592020,592020,THATIPALLE
village_592021,592021,SANKURATHRIPALLE
village_592022,592022,VEPINAPIAKKMAMBAPURAM
village_592023,592023,TUMAYA
village_592024,592024,NELLEPALLE
village_592025,592025,GILAKAPADU
village_592026,592026,GANDURUPALLE
village_592027,592027,NAYANIPALLE
village_592028,592028,CHUTTUPALEM
village_592029,592029,MUNAGALA VENKATAPURAM
village_592030,592030,GONU NARASAYAPALEM
village_592031,592031,VEERAYAPALEM
village_592032,592032,BOJJANAPALLE
village_592033,592033,RAVIGUNTAPALLE
village_592034,592034,RAPUR
village_592035,592035,YEPURU
village_592036,592036,PANGILI
village_592037,592037,KOTURUPADU
village_592038,592038,BANDEPALLE
village_592039,592039,SIDDAVARAM
village_592040,592040,PULIGILAPADU
village_592041,592041,JOREPALLE
village_592042,592042,JOREPALLE AKKAMAMBAPURAM
village_592043,592043,BHOGASAMUDRAM
village_592044,592044,BATHULAPALLE
village_592045,592045,SURAYAPALEM
village_592046,592046,VIROOR
village_592047,592047,NEDURUPALLE
village_592048,592048,VELIGANTIPALEM
village_592049,592049,NALLAPALEM
village_592050,592050,THATIPARTHI
village_592051,592051,MAHAMMADAPURAM
village_592052,592052,BATHULAPALLEPADU
village_592053,592053,PRABAGIRIPATNAM
village_592054,592054,NAVOORU
village_592055,592055,ALTHURTHI
village_592056,592056,RAVALLA YERUGUNTAPALEM
village_592057,592057,KANUPARTHI
village_592058,592058,NANDIVAYA
village_592059,592059,AYYAGARIPALEM
village_592060,592060,THODERU
village_592061,592061,MARUPURU
village_592062,592062,CHATAGOTLA
village_592063,592063,PODALAKUR
village_592064,592064,GURAVAYAPALEM
village_592065,592065,MOGALLUR
village_592066,592066,ANKUPALLE
village_592067,592067,PULIKOLLU
village_592068,592068,VAVINTAPARTHI
village_592069,592069,UCHAPALLE
village_592070,592070,DUGGUNTA RAJUPALEM
village_592071,592071,UTLA PALEM
village_592072,592072,DUGGUNTA
village_592073,592073,DEGAPUDI RAJUPALEM
village_592074,592074,DEGAPUDI
village_592075,592075,INUKURTHY
village_592076,592076,MARRIPALLE GOPASAMUDRAM
village_592077,592077,PARLAPALLE
village_592078,592078,BIRADAVOLU
village_592079,592079,GOLLA KANDUKUR
village_592080,592080,SAJJAPURAM
village_592081,592081,VELLANTI
village_592082,592082,KANDAMUR
village_592083,592083,UPPUTUR
village_592084,592084,SOUTH MOPUR
village_592085,592085,MOGALLAPALEM
village_592086,592086,MATTEMPADU
village_592087,592087,AMANCHERLA
village_592088,592088,MANNAVARAPPADU
village_592089,592089,MULUMUDI
village_592090,592090,DEVARAPALEM
village_592091,592091,POTTEPALEM
village_592092,592092,AKKACHERUVUPADU
village_592093,592093,OGURUPADU
village_592094,592094,AMBAPURAM
village_592095,592095,DONTHALI
village_592096,592096,KANUPARTHIPADU
village_592097,592097,ALLIPURAM (PART)
village_592098,592098,GUDIPALLIPADU
village_592099,592099,PEDDA CHERUKUR
village_592100,592100,CHINTAREDDIPALEM (PART)
village_592101,592101,GUNDLAPALEM (OG) (PART)
village_592102,592102,KAKUPALLE-I
village_592103,592103,KAKUPALLE -II (MADARAJA GUDUR)
village_592104,592104,PENUBARTHI
village_592105,592105,BUJA BUJA NELLORE (CT)
village_592106,592106,NELLORE (BIT.1) (OG)
village_592107,592107,KALLURPALLE (OG)
village_592108,592108,VISAVAVILETIPADU (OG)
village_592109,592109,PATUR
village_592110,592110,GANGAVARAM
village_592111,592111,POTHIREDDIPALEM
village_592112,592112,PADUGUPADU
village_592113,592113,KOVUR
village_592114,592114,CHERLOPALEM
village_592115,592115,MODEGUNTA
village_592116,592116,VEGUR
village_592117,592117,LEGUNTAPADU
village_592118,592118,INAMADUGU
village_592119,592119,PALLIPADU
village_592120,592120,LEBUR BIT – I
village_592121,592121,NIDUMUSALI
village_592122,592122,MUDIVARTHI PALEM
village_592123,592123,KUDITHIPALEM
village_592124,592124,GANGAPATNAM
village_592125,592125,MYPADU
village_592126,592126,SOMARAJUPALLE
village_592127,592127,KOMARIKA
village_592128,592128,PUNNUR
village_592129,592129,LEBUR BIT - II
village_592130,592130,INDUKURPET BIT - II
village_592131,592131,INDUKURPET BIT - I
village_592132,592132,JANGAMVANI DORUVU
village_592133,592133,POGADA DORUVU KHANDRIKA
village_592134,592134,KODURUTURU
village_592135,592135,CHINNA CHERUKUR
village_592136,592136,NARUKUR
village_592137,592137,PEDURU
village_592138,592138,MUNGALADORUVU
village_592139,592139,AMULUR (SOUTH)
village_592140,592140,VILUKANIPALLE
village_592141,592141,POTLAPUDI
village_592142,592142,KOTHAPALEM
village_592143,592143,VENKANAPALEM
village_592144,592144,KODURU-I
village_592145,592145,KODURU -II
village_592146,592146,KODURU KHANDRIKA
village_592147,592147,EDURU - I
village_592148,592148,THOTAPALLE
village_592149,592149,T.P.GUDUR BIT-II
village_592150,592150,VARIGONDA
village_592151,592151,T.P.GUDUR BIT-I
village_592152,592152,ANANTHAPURAM
village_592153,592153,SIVARAMPURAM
village_592154,592154,EDURU - II
village_592155,592155,BRAHMADEVAM
village_592156,592156,PIDATAPOLUR
village_592157,592157,AMUDALAPADU
village_592158,592158,PYNAMPURAM
village_592159,592159,NELATURU
village_592160,592160,MAMIDIPUDI
village_592161,592161,VALLURUVARI KHANDRIKA
village_592162,592162,VALLURU
village_592163,592163,SURVEPALLE BIT - V
village_592164,592164,EPURU BIT-I-A
village_592165,592165,NARIKELLAPALLE
village_592166,592166,MOLLUR
village_592167,592167,MUTHUKUR
village_592168,592168,EPURU BIT - I - B
village_592169,592169,KRISHNAPATNAM
village_592170,592170,PALICHERLAPADU
village_592171,592171,KURICHERLAPADU
village_592172,592172,KASUMURU
village_592173,592173,KANUPUR BIT-II @ CHOWTAPALEM
village_592174,592174,KANUPURU BIT - I
village_592175,592175,KANDALAPADU
village_592176,592176,KUMKUMPUDI
village_592177,592177,KAKUTURU
village_592178,592178,KANTEPALLE
village_592179,592179,NAGULAVARAM
village_592180,592180,ANIKEPALLE
village_592181,592181,SURVEPALLE BIT-I
village_592182,592182,SURVEPALLE BIT – II
village_592183,592183,IDIMEPALLE
village_592184,592184,EDAGALI
village_592185,592185,PUDIPARTHI
village_592186,592186,SURVEPALLE-III @ ISKAPALEM
village_592187,592187,SURVEPALLE-IV @ N.G.PALEM
village_592188,592188,PUNJULURUPADU
village_592189,592189,EPURU BIT - II (G V R PALEM)
village_592190,592190,VADLAPUDI
village_592191,592191,AKKAMPETA
village_592192,592192,CHERUKUMUDI
village_592193,592193,PARLAPADU
village_592194,592194,MUDDUMUDI
village_592195,592195,ANUPALLIPADU
village_592196,592196,GURIVINDAPUDI
village_592197,592197,BANDEPALLE
village_592198,592198,MADAMANURU
village_592199,592199,KUDITHIPALLE
village_592200,592200,KAGITHALAPURU
village_592201,592201,MANUBOLU
village_592202,592202,PIDUR
village_592203,592203,KOLANUKUDURU
village_592204,592204,PIDURUPALEM
village_592205,592205,VENKANAPALEM
village_592206,592206,BADDEVOLU
village_592207,592207,KATTUVAPALLE
village_592208,592208,KANDALI
village_592209,592209,CHENNURU - I
village_592210,592210,MITTATHMAKURU
village_592211,592211,VINDURU
village_592212,592212,CHENNURU – II (PART)
village_592213,592213,NELLATUR (OG) (PART)
village_592214,592214,PALICHERLA
village_592215,592215,PALICHERLARAJUPALEM
village_592216,592216,MANGALAPUR
village_592217,592217,REDDIGUNTA
village_592218,592218,CHEMIDTHI
village_592219,592219,KOMMANETURU
village_592220,592220,N.SANGAMESWARASWAMY KHANDRIKA
village_592221,592221,NERNUR
village_592222,592222,GOLLAPALLE
village_592223,592223,KUNDAKURU
village_592224,592224,VEDICHERLA
village_592225,592225,VENDODU
village_592226,592226,KANDRA
village_592227,592227,KONDAGUNTA
village_592228,592228,MEKANUR
village_592229,592229,AYYAVARIPALEM
village_592230,592230,GUDURU (EAST) (OG)
village_592231,592231,GUDURU (WEST) (OG)
village_592232,592232,MUNAGAPADU
village_592233,592233,PERUMALLAPADU
village_592234,592234,MALICHEDU
village_592235,592235,KALICHEDU
village_592236,592236,DEVARAVEMUR
village_592237,592237,ORUPALLE @ TURIMERLA
village_592238,592238,ORUPALLE
village_592239,592239,TOCHAM
village_592240,592240,KRISHNAREDDIPALLE
village_592241,592241,THIMMANARAMAPURAM
village_592242,592242,KOMATIGUNTA RAJUPALEM
village_592243,592243,GULIMCHERLA
village_592244,592244,CHAGANAM
village_592245,592245,JAFLAPURAM
village_592246,592246,JOGIPALLE
village_592247,592247,UTUKUR
village_592248,592248,POKKANDALA
village_592249,592249,GRIDDALUR
village_592250,592250,RAMASAGARAM
village_592251,592251,MOLAKALAPUNDLA
village_592252,592252,RAGANARAMAPURAM
village_592253,592253,THIPPIREDDIPALLE
village_592254,592254,LINGASAMUDRAM
village_592255,592255,MITTAPALLE
village_592256,592256,THOKALAPUDI
village_592257,592257,SAMUDRALAVARI KHANDRIKA
village_592258,592258,ADHVANNA PUNARAYANAKATTUBADI
village_592259,592259,KOMMIPADU
village_592260,592260,EDULAKHANDRIKA
village_592261,592261,POTHEGUNTA
village_592262,592262,CHEEKAVOLU
village_592263,592263,VEMULACHEDU
village_592264,592264,NALABOTLAPALLE
village_592265,592265,PATHALLAPALLE
village_592266,592266,PALUR
village_592267,592267,ANANTHAMADUGU
village_592268,592268,DEVULAPALLE
village_592269,592269,KOTHACHERUVU
village_592270,592270,MADHAVAIAHPALEM
village_592271,592271,CHERLOPALLE
village_592272,592272,VELIKALLU
village_592273,592273,VEERA KUMMARA YACHASAMUDRAM
village_592274,592274,SWARNAYACHA SAMUDRAM
village_592275,592275,MARLAGUNTA
village_592276,592276,VEMBULURU
village_592277,592277,VELAMPALLE
village_592278,592278,GOLLAVARIGUNTA
village_592279,592279,KUPPAYAPALEM
village_592280,592280,VEMPATIVARIPALLE
village_592281,592281,DAKKILI
village_592282,592282,KANDALAVARIPALLE
village_592283,592283,SANGANAPALLE
village_592284,592284,YELLAVAJJULAPALLE
village_592285,592285,PATHANALAPADU
village_592286,592286,KOTHANALAPADU
village_592287,592287,BHEEMAVARAM
village_592288,592288,DAGGAVOLU
village_592289,592289,DANDAVOLU UPPARAPALLE
village_592290,592290,VENGAMANAIDUPALLE
village_592291,592291,SREEPURAM
village_592292,592292,NADIMPALLE
village_592293,592293,DANDAVOLU
village_592294,592294,KONESWARABHATLAPALLE
village_592295,592295,MOPURU
village_592296,592296,CHAKALAPALLE
village_592297,592297,NAIDUPALEM
village_592298,592298,LINGASAMUDRAM
village_592299,592299,DATTANAGARAM
village_592300,592300,ATTALASIDDAVARAM
village_592301,592301,NOOTHALACHERUVU
village_592302,592302,ALTHURUPADU
village_592303,592303,NAMASIVAYAPURAM
village_592304,592304,SURAYAPALEM
village_592305,592305,NAGULAPADU
village_592306,592306,THIMMAYAPALEM
village_592307,592307,PALUGODU
village_592308,592308,PEDAYACHASAMUDRAM
village_592309,592309,NAGAVOLU
village_592310,592310,CHEEKIRENIPALLE
village_592311,592311,THEERTHAMPADU
village_592312,592312,MAHASAMUDRAM
village_592313,592313,THIMMANAGUNTA
village_592314,592314,CHENNASAMUDRAM
village_592315,592315,VEDURUGUNTA
village_592316,592316,CHAPALAPALLE
village_592317,592317,MATUMADUGU
village_592318,592318,CHINTALA CHERUVU KHANDRIKA
village_592319,592319,PARAVOLU
village_592320,592320,BALASAMUDRAM
village_592321,592321,VISWANADHAPURAM
village_592322,592322,BANGARUYACHASAMUDRAM
village_592323,592323,KALAPADU
village_592324,592324,THADIKALAPADU KHANDRIKA
village_592325,592325,VARADANAPALLE
village_592326,592326,KANDANALAPADU
village_592327,592327,POGULAVARIPALLE
village_592328,592328,PAPAMAMBAPURAM
village_592329,592329,LAKSHMIRAMPALLE
village_592330,592330,KUPPAMPALLE
village_592331,592331,PATRAPALLE
village_592332,592332,AMMAPALEM
village_592333,592333,MUDDAMPALLE
village_592334,592334,YACHASAMUDRAM
village_592335,592335,JANGALAPALLE
village_592336,592336,GUNDALASAMUDRAM
village_592337,592337,JUVVIMANI KHANDRIKA
village_592338,592338,AKKAMAMBAPURAM
village_592339,592339,CHINTHAGUNTA
village_592340,592340,PALAKONDA SATRAM
village_592341,592341,SIDDAVARAM
village_592342,592342,PALEMKOTA
village_592343,592343,PAPAMMACHERUVU- KHANDRIKA
village_592344,592344,RAMASASTRULAVARI KHANDRIKA
village_592345,592345,MOKKALAPUDI
village_592346,592346,LALAPETA
village_592347,592347,THRIPURANTAKA BHATLAPALLE
village_592348,592348,SOMASANIGUNTA (PART)
village_592349,592349,BOMMAGUNTA
village_592350,592350,PETLURU
village_592351,592351,SUNKARAVARIPALLE
village_592352,592352,MADICHENU KHANDRIKA
village_592353,592353,CHINTHALAPALLEVARI KHANDRIKA
village_592354,592354,J.APPALACHARYULA KHANDRIKA
village_592355,592355,DHARMACHATLAVARI KHANDRIKA
village_592356,592356,DACHERUVU
village_592357,592357,VADDIPALLE
village_592358,592358,CHELIKAMPADU MANNEGUNTA
village_592359,592359,CHELIKAMPADU
village_592360,592360,C.GUNTAVENGANNA KHANDRIKA
village_592361,592361,KURJAGUNTA
village_592362,592362,MANNEGUNTA
village_592363,592363,BASAVAYAGUNTA
village_592364,592364,POOLARANGADUPALLE
village_592365,592365,AKBARNIVASA KHANDRIKA
village_592366,592366,KYLASANADHAPURAM
village_592367,592367,GOTLAGUNTA
village_592368,592368,CHINA GOTLAGUNTA
village_592369,592369,MOGALLAGUNTA
village_592370,592370,BUSAPALEM
village_592371,592371,VALLIVEDU
village_592372,592372,THIMMAYAGUNTA
village_592373,592373,PEDA BANDARUPALLE
village_592374,592374,CHINA BANDARUPALLE
village_592375,592375,LINGAMANAIDUPALLE
village_592376,592376,PANJAM
village_592377,592377,ALIVELU MANGAPURAM
village_592378,592378,KAMMAPALLE
village_592379,592379,YATHALURU
village_592380,592380,UPPARAPALLE
village_592381,592381,SINGAMAMBAPURAM
village_592382,592382,MANIGADARU KHANDRIKA
village_592383,592383,VIDWAT KUMARA YACHASAMUDRAM
village_592384,592384,CHINNANNAPETA
village_592385,592385,KALAVALAPUDI
village_592386,592386,KUMMARAPETA
village_592387,592387,VAKYAM
village_592388,592388,NINDALI
village_592389,592389,VENKATAREDDIPALLE
village_592390,592390,ALIMILI
village_592391,592391,AMBALAPUDI
village_592392,592392,CHUTTI
village_592393,592393,KADAGUNTA
village_592394,592394,CHALLANARASU KHANDRIKA
village_592395,592395,RAMAPURAM
village_592396,592396,BALAYAPALLE
village_592397,592397,MANNURU
village_592398,592398,PALLIPADU
village_592399,592399,GOTTIKADU
village_592400,592400,SUBRAHMANYAM
village_592401,592401,YACHAVARAM
village_592402,592402,VENGAMAMBAPURAM
village_592403,592403,AKKASAMUDRAM
village_592404,592404,KAYYURU
village_592405,592405,PAKAPUDI
village_592406,592406,PIGILAM KOTHAPALEM
village_592407,592407,JAYAMPU
village_592408,592408,NAIDUCHERUVU KHANDRIKA
village_592409,592409,HASTAKAVERI
village_592410,592410,KOMMALAGUNTA
village_592411,592411,JARLAPADU
village_592412,592412,PIGILAM
village_592413,592413,ARIGEPALLE
village_592414,592414,TIKKAVARAM
village_592415,592415,TALLAPALLE
village_592416,592416,SIDDAGUNTA
village_592417,592417,NIDIGALLU
village_592418,592418,KATRAGUNTA
village_592419,592419,BOYANAGUNTA
village_592420,592420,KARIMENAGUNTA
village_592421,592421,KAMAKURU
village_592422,592422,KOTAMBEDU
village_592423,592423,SURABHIVARI KHANDRIKA
village_592424,592424,KALAGANDA
village_592425,592425,UTLAPALLE
village_592426,592426,PAPIREDDIPALLE
village_592427,592427,KONAMGUNTA
village_592428,592428,GOLLAGUNTA
village_592429,592429,CHILAMANURU
village_592430,592430,SANGAVARAM
village_592431,592431,MURAHARIDONDRAO KHANDRIKA
village_592432,592432,MALLEMALA
village_592433,592433,BHYRAVARAM
village_592434,592434,KOVURIVARIGUNTA
village_592435,592435,MELCHURU
village_592436,592436,CHAKRACHARYULAVARI KHANDRIKA
village_592437,592437,PERIMIDI
village_592438,592438,LINGAREDDIPALLE
village_592439,592439,L.J.KATTUBADI
village_592440,592440,RANGARAJASAMUDRAM
village_592441,592441,INUGUNTA
village_592442,592442,RAVIPADU
village_592443,592443,PALEMPADU
village_592444,592444,BANDARUGUNTA
village_592445,592445,RAJANAGARAM
village_592446,592446,ARIMANIPADU
village_592447,592447,BHUVANAGIRIPALEM
village_592448,592448,PEDA PARIYA
village_592449,592449,RAJUPALEM
village_592450,592450,RUDRAYAPALEM
village_592451,592451,ACHARLAPARLAPALLE
village_592452,592452,KURUGONDA
village_592453,592453,BHATHALAPURAM
village_592454,592454,MANAMALA
village_592455,592455,KONDAVALLIPADU
village_592456,592456,VIJAYANELLORE
village_592457,592457,VENKATAREDDIPALEM
village_592458,592458,VAKATIVARI KHANDRIKA
village_592459,592459,OJILI
village_592460,592460,RAGHAVAREDDIPALEM
village_592461,592461,RACHAPALEM
village_592462,592462,PINAPARIYAPADU
village_592463,592463,CHILLAMANICHENU
village_592464,592464,POLIPADU
village_592465,592465,KARJAMEDU
village_592466,592466,GURRAMKONDA
village_592467,592467,SAGUTURU
village_592468,592468,VEERLAGUNAPADU
village_592469,592469,THIRUMALAPUDI
village_592470,592470,KUNDAM
village_592471,592471,ENUGUWADA
village_592472,592472,KOTHA CHERUVU
village_592473,592473,KARURU
village_592474,592474,ATHIVARAM
village_592475,592475,ATHIVARAM KOTHAPALEM
village_592476,592476,MUMMAYAPALEM
village_592477,592477,MACHAVARAM
village_592478,592478,KARABALLAVOLU
village_592479,592479,BHATLAKANUPURU
village_592480,592480,NEMALLAPUDI
village_592481,592481,MANAVALI
village_592482,592482,PUNNEPALLE
village_592483,592483,GARUDAGUNTA AGRAHARAM
village_592484,592484,GRADDAGUNTA
village_592485,592485,KOTHAPETA
village_592486,592486,JOSYULAVARI KHANDRIKA
village_592487,592487,CHILLAKUR (PART)
village_592488,592488,THEEPANUR
village_592489,592489,NAKKALAKALVA KHANDRIKA
village_592490,592490,NELABALLI
village_592491,592491,ODURU
village_592492,592492,BUDANAM
village_592493,592493,KADIVEDU
village_592494,592494,MUTYALAPADU (RURAL)
village_592495,592495,PENTAPADU
village_592496,592496,THIKKAVARAM
village_592497,592497,UDATHAVARIPARLAPALLE
village_592498,592498,YOGESWARUNIPALLE
village_592499,592499,THONUKUMALA
village_592500,592500,KALAVA KONDA
village_592501,592501,ANKULAPATURU
village_592502,592502,PONNAVOLU
village_592503,592503,CHINTHAVARAM
village_592504,592504,YERURU
village_592505,592505,MOMIDI
village_592506,592506,THAMMINAPATNAM
village_592507,592507,TURPU KANUPUR
village_592508,592508,ADDEPALLE
village_592509,592509,BALLAVOLU
village_592510,592510,IPPAPUDI
village_592511,592511,UDATHAVARIPALEM
village_592512,592512,ANNAMBAKA
village_592513,592513,VALLIPADU
village_592514,592514,VELLAPALEM
village_592515,592515,PALLAMALA
village_592516,592516,PALLAMALA KHANDRIKA
village_592517,592517,KESAVARAM
village_592518,592518,MADDALI
village_592519,592519,CHITTODU
village_592520,592520,RUDRAVARAM
village_592521,592521,GUDALI
village_592522,592522,LAKSHMAKKA KHANDRIGA @ CHEMBADIPALEM
village_592523,592523,THINNELAPUDI
village_592524,592524,KOTA
village_592525,592525,CHENDODU
village_592526,592526,KOTHAPALEM
village_592527,592527,NELLOREPALLE
village_592528,592528,KARLAPUDI
village_592529,592529,SIDDAVARAM
village_592530,592530,KOTHAPATNAM
village_592531,592531,PUTCHALAPALLE
village_592532,592532,ILLUKURUPADU
village_592533,592533,UTHAMANELLORE
village_592534,592534,VANJIVAKA
village_592535,592535,ALLAMPADU
village_592536,592536,YARAGATIPALLE
village_592537,592537,MOLAGANUR
village_592538,592538,VALAMEDU
village_592539,592539,PAMANJI
village_592540,592540,VAGARRU @ TUPILIPALEM
village_592541,592541,PATHETIPALEM
village_592542,592542,JAMINKOTHAPALEM
village_592543,592543,GANGANAPALEM
village_592544,592544,PULIKORRU @ BALIREDDIPALEM
village_592545,592545,NAMKADU BIT - I
village_592546,592546,POLLAKHANDRIKA
village_592547,592547,ISKAMATTU
village_592548,592548,JUVVINATTU
village_592549,592549,ANDALAMALA
village_592550,592550,BUDIDALAWAGU
village_592551,592551,KONDURU
village_592552,592552,NAMKADU BIT - II
village_592553,592553,KAPPARAMPADU
village_592554,592554,MANYALANATTU
village_592555,592555,GUNDLU
village_592556,592556,NAGULAMARRI
village_592557,592557,CHENNAPPAGARIMITTA
village_592558,592558,KOTHA CHERUVU @ SAHEBULAPALEM
village_592559,592559,PEDDA CHERUVU
village_592560,592560,NELLIPUDI
village_592561,592561,VAKADU
village_592562,592562,KASIPURAM
village_592563,592563,KONDAPURAM
village_592564,592564,MUTTEMBAKA
village_592565,592565,DURGAVARAM
village_592566,592566,CHERUKUMULAM
village_592567,592567,KALLURU
village_592568,592568,KODIWAKA
village_592569,592569,UTTARA POLAM
village_592570,592570,TIRUMUR
village_592571,592571,CHEEMALAPADU
village_592572,592572,DUGGARAJA PATNAM
village_592573,592573,PAMBALI
village_592574,592574,REDDIPALEM BIT - I
village_592575,592575,REDDIPALEM BIT - II
village_592576,592576,PUDILAYADORUVU
village_592577,592577,GUNUPADU
village_592578,592578,METTU
village_592579,592579,PELLAKURU
village_592580,592580,UPPALAMARTHI
village_592581,592581,YAKASIRI
village_592582,592582,ADDEPUDI
village_592583,592583,MARLAMUDI JANGALAPALLE
village_592584,592584,ESWARAWAKA
village_592585,592585,CHITTAMUR
village_592586,592586,SOMASAMUDRAM
village_592587,592587,PADARTHIVARI- KHANDRIKA
village_592588,592588,PITTIVANIPALLE
village_592589,592589,VADLAVANIPALLE
village_592590,592590,PUTRAGUNTA
village_592591,592591,RAYAREDDIPALEM
village_592592,592592,POTHUNAYANIPALLE
village_592593,592593,MANGALAVARIPALLE
village_592594,592594,MUKKIDIPALEM
village_592595,592595,GANGUPALEM
village_592596,592596,MALLAM
village_592597,592597,RANGANATHAPURAM
village_592598,592598,KOGILI
village_592599,592599,TADIMEDU
village_592600,592600,MANNEMALA
village_592601,592601,YELLASIRI
village_592602,592602,MOLAKALAPUDI
village_592603,592603,CHILLAMURU
village_592604,592604,VARTHUR NORTH
village_592605,592605,ARURU
village_592606,592606,PERANTRAVULAMITTA
village_592607,592607,DEVUNI KHANDRIKA
village_592608,592608,GOLLAPALEM
village_592609,592609,KOTHAPALEM
village_592610,592610,KOKKUPALEM
village_592611,592611,JALAPEDDIPALEM
village_592612,592612,PALAMPARTHY
village_592613,592613,ELLORE
village_592614,592614,VELIGAJULAPALLE
village_592615,592615,BURADAGALI KOTHAPALEM
village_592616,592616,KALAGURTHIPADU
village_592617,592617,KUMMARAPALEM
village_592618,592618,VENGAMAMBAPURAM
village_592619,592619,PANDLURU
village_592620,592620,KALLIPEDU
village_592621,592621,KAPULURU
village_592622,592622,CHILLAMATHUR
village_592623,592623,KUCHIWADA
village_592624,592624,THANNAMALA
village_592625,592625,ANNAMEDU
village_592626,592626,AYYAPAREDDIPALEM
village_592627,592627,MARLAPALLE
village_592628,592628,THUMMUR (R)
village_592629,592629,THIMMAJI KHANDRIKA
village_592630,592630,VADDIGUNTA KHANDRIKA
village_592631,592631,YERRAMSETTIPALEM
village_592632,592632,MENAKURU
village_592633,592633,KONETIRAJUPALEM
village_592634,592634,DWARAKAPURAM
village_592635,592635,LANKAPALEM
village_592636,592636,PALEPOLAM
village_592637,592637,BHEEMAVARAM
village_592638,592638,CHIGURUPADU AGRAHARAM
village_592639,592639,CHIGURUPADU
village_592640,592640,JUVVALAPALEM
village_592641,592641,KARUMANCHIVARI KHANDRIKA
village_592642,592642,BIRADAWADA
village_592643,592643,PUDURU
village_592644,592644,ATHALAPALEM
village_592645,592645,GOTTIPROLU
village_592646,592646,RAVULAGUNTA
village_592647,592647,ARAVAPERIMIDI
village_592648,592648,PUDERU
village_592649,592649,VINNAMALA (CT)
village_592650,592650,L.A.SAGARAM (CT)
village_592651,592651,KALAVAKUR
village_592652,592652,ANAKAVOLU
village_592653,592653,PALACHUR
village_592654,592654,CHAVALI
village_592655,592655,PENNEPALLE
village_592656,592656,TALAVAYIPADU
village_592657,592657,KANURU
village_592658,592658,ROSANURU
village_592659,592659,SIRASANAMBEDU
village_592660,592660,JEELLAPATUR
village_592661,592661,CHILLAKUR
village_592662,592662,PELLAKUR
village_592663,592663,KOTHUR
village_592664,592664,CHINTAPUDI
village_592665,592665,PULLURU
village_592666,592666,P.C.KHANDRIKA
village_592667,592667,NELEBALLI
village_592668,592668,PUNABAKA
village_592669,592669,SETTIGUNTA
village_592670,592670,ARDHAMALA
village_592671,592671,ARLAPADU
village_592672,592672,CHEMBEDU
village_592673,592673,CHENNAPPANAIDUPETA
village_592674,592674,BANGARAMMAPETA
village_592675,592675,NANDIMALA
village_592676,592676,YERRAGUNTA
village_592677,592677,UDIPUDI
village_592678,592678,MODUGULAPALEM
village_592679,592679,NELABALLI
village_592680,592680,NELLOREPALLE
village_592681,592681,MUCHALAGUNTA
village_592682,592682,KOTHAPALLE
village_592683,592683,SINGANALATHURU
village_592684,592684,KATTUVAPALLE
village_592685,592685,KARIKADU
village_592686,592686,K.D.KHANDRIKA
village_592687,592687,ANEGOTTAM
village_592688,592688,KARATAMUDI
village_592689,592689,POOLATHOTA
village_592690,592690,P.KHANDRIKA (ARIGUNDRAM)
village_592691,592691,MYLANGAM
village_592692,592692,NELAPATTU
village_592693,592693,VENGAMAMBAPURAM
village_592694,592694,VENUMBAKA
village_592695,592695,YEKOLLU
village_592696,592696,AKKARAPAKA
village_592697,592697,ANEPUDI (NADIMI KHANDRIKA)
village_592698,592698,DAMARAYA KHANDRIKA
village_592699,592699,KALLURU
village_592700,592700,KALLURU KHANDRIKA
village_592701,592701,VELUKADU
village_592702,592702,SURAGUNTA TAGELU
village_592703,592703,ADAPAMUDI
village_592704,592704,SURAPU AGRAHARAM
village_592705,592705,MELUPAKA
village_592706,592706,MAVILLAPADU
village_592707,592707,THANEYALI
village_592708,592708,BUDURU
village_592709,592709,VEDURUPATTU
village_592710,592710,UTCHURU
village_592711,592711,VETAGIRIPALEM
village_592712,592712,BURADAMADUGU
village_592713,592713,MODUGULAPALEM
village_592714,592714,LINGAMPADU
village_592715,592715,TALLAMPADU
village_592716,592716,AYYAPALEM
village_592717,592717,MINAMANAMUDI
village_592718,592718,CHANDANAMUDI
village_592719,592719,THOGARAMUDI
village_592720,592720,SRIDHANAMALLI
village_592721,592721,MANERI
village_592722,592722,MALLAYAPALEM
village_592723,592723,MEEZURU
village_592724,592724,VELAGALAPANNURU
village_592725,592725,SUDDAMADUGU THAGELU
village_592726,592726,ACHUKATLA
village_592727,592727,MANGA NELLORE
village_592728,592728,DAMA NELLORE
village_592729,592729,SUGGUPALLE
village_592730,592730,RAMACHANDRAGUNTA
village_592731,592731,MATHAKAMUDI
village_592732,592732,UGGUMUDI
village_592733,592733,MANGALAMPADU
village_592734,592734,ILLUPURU
village_592735,592735,KONNEMBATTU
village_592736,592736,MANNARUPOLURU
village_592737,592737,VATRAPALEM
village_592738,592738,KESAVAREDDIPALEM
village_592739,592739,DAVADIGUNTA
village_592740,592740,PADAMATI KHANDRIKA
village_592741,592741,ZUVVI CHELIKA
village_592742,592742,KRISHNAREDDI THAGELU
village_592743,592743,PANDALAGUNTA
village_592744,592744,SULLURU JAPTHIKATTUBADI
village_592745,592745,NOOKALAPALEM
village_592746,592746,NADENLAVARI KHANDRIKA
village_592747,592747,SARVAREDDI KHANDRIKA
village_592748,592748,SAMANTHAMALLAM
village_592749,592749,ABAKA
village_592750,592750,JANGALAPALLE
village_592751,592751,KOMMINENIPALLE
village_592752,592752,KOTAPOLURU
village_592753,592753,MANNEMUTHERI
village_592754,592754,DEGALAPALEM
village_592755,592755,K.C.NARASIMHUNIGUNTA
village_592756,592756,GOPALAREDDIPALEM
village_592757,592757,KUDIRI
village_592758,592758,KUDIRI THIPPA KHANDRIKA
village_592759,592759,ATAKANITHIPPA
village_592760,592760,KORIDI
village_592761,592761,DAMARAYA
village_592762,592762,KADAPATRA
village_592763,592763,PANTRANGAM
village_592764,592764,SHAR PROJECT
village_592765,592765,YERRABALEM (CT)
village_592766,592766,SULLURU (SULLURPETA) (CT)
village_592767,592767,VENDLURUPADU
village_592768,592768,MAMBATTU
village_592769,592769,KADALURU
village_592770,592770,PULIVENDRA
village_592771,592771,KONDURU
village_592772,592772,GOLLALAMULUVU
village_592773,592773,VELAGALAVAGU
village_592774,592774,PALLEPALEM
village_592775,592775,THOPU KHANDRIKA
village_592776,592776,KARIJATHA
village_592777,592777,VATAMBEDU
village_592778,592778,DEVUNI KHANDRIKA
village_592779,592779,AKKAMPETA
village_592780,592780,GRADDAGUNTA
village_592781,592781,ANDAGUNDALA
village_592782,592782,TADA
village_592783,592783,PUDI
village_592784,592784,KARUR
village_592785,592785,BHEEMULAVARIPALEM
village_592786,592786,PERIAVATTU
village_592787,592787,RAMAPURAM
village_592788,592788,PANNAMGADU
village_592789,592789,VENADU
village_592790,592790,IRAKAM
village_592791,592791,TADA KHANDRIKA (CT)
village_592792,592792,MURUGAMPALLI
village_592793,592793,KODURU
village_592794,592794,NAGAMALLA DINNE
village_592795,592795,SANKEPALLI
village_592796,592796,YERRAGUDI
village_592797,592797,CHAMALURU
village_592798,592798,KOPPOLU
village_592799,592799,THALLAPRODDATUR
village_592800,592800,BUKKAPATNAM
village_592801,592801,FAKHIRPETA
village_592802,592802,K.BOMMEPALLI
village_592803,592803,NEKNAMPETA
village_592804,592804,CHOWTAPALLI
village_592805,592805,GANDALURU
village_592806,592806,OBANNAPETA
village_592807,592807,KONDAPURAM
village_592808,592808,MUTCHUMARRI
village_592809,592809,GANGAPURAM
village_592810,592810,REGADIPALLY
village_592811,592811,JOGAPURAM
village_592812,592812,K.SUGUMANCHIPALLE
village_592813,592813,K.BRAHMANAPALLE
village_592814,592814,K.VENKATAPURAM
village_592815,592815,BURUJUPALLI
village_592816,592816,KONAVARIPALLI
village_592817,592817,BEDADURU
village_592818,592818,YENAMALACHINTALA
village_592819,592819,SIVAPURAM
village_592820,592820,POTTIPADU
village_592821,592821,VENKAIAH KALVA
village_592822,592822,LINGAMANENIPALLE
village_592823,592823,CHENNAMANENIPALLE
village_592824,592824,LAVANURU
village_592825,592825,DONKUPALLI
village_592826,592826,S.TIMMAPURAM
village_592827,592827,PENJUVVI
village_592828,592828,ETURU
village_592829,592829,ANANTAPURAM
village_592830,592830,MURAPANDI
village_592831,592831,NAKKAVANIPALLE
village_592832,592832,DHODIUM
village_592833,592833,DHANNAVADA
village_592834,592834,VADDIRALA
village_592835,592835,CHINNA VENTHURLA
village_592836,592836,BESTAVEMULA VENKATAPURAM
village_592837,592837,BESTAVEMULA
village_592838,592838,KALLUTLA
village_592839,592839,AYYAVARI KAMBALA DINNE
village_592840,592840,NAWABPET
village_592841,592841,CHINNA KOMERLA
village_592842,592842,DUGGANA PALLE
village_592843,592843,TALAMANCHI PATNAM
village_592844,592844,MADHAVAPURAM
village_592845,592845,GOLLA UPPALAPADU
village_592846,592846,GOLLAPALLE
village_592847,592847,KONA ANNATHAPURAM
village_592848,592848,RAMACHANDRAYAPALLE
village_592849,592849,PONNAMPALLE
village_592850,592850,MALAMEEDI KAMBALA DINNE
village_592851,592851,NELANUTHALA
village_592852,592852,KHADERABAD
village_592853,592853,LINGAPURAM
village_592854,592854,MYLAVARAM
village_592855,592855,THORRIVEMULA
village_592856,592856,VEPARALA (CT)
village_592857,592857,DOMMARA NANDYALA (CT)
village_592858,592858,KONDASUNKESULA
village_592859,592859,DIGUVA KALVATALA
village_592860,592860,PAPAYAPALLE
village_592861,592861,NAGIREDDYPALLE
village_592862,592862,BHUTAMAPURAM
village_592863,592863,BHEEMAGUNDAM
village_592864,592864,GUNDLAKUNTA
village_592865,592865,BODITIPPANAPADU
village_592866,592866,B.VENKATAPURAM
village_592867,592867,GOPALAPURAM
village_592868,592868,PALUR
village_592869,592869,NAGARAJUPALLE
village_592870,592870,PEDDAMUDIUM
village_592871,592871,SUDDAPALLE
village_592872,592872,JANGALAPALLE
village_592873,592873,J.KOTTALAPALLE
village_592874,592874,UPPALUR
village_592875,592875,NEMALLADINNE
village_592876,592876,GARISALURU
village_592877,592877,BALAPANA GUDUR
village_592878,592878,CHINAMUDIUM
village_592879,592879,MEDIDINNE
village_592880,592880,CHIDIPIRALLADINNE
village_592881,592881,N.KOTTALAPALLE
village_592882,592882,CHINNAPASUPULA
village_592883,592883,PEDDAPASUPULA
village_592884,592884,ULAVAPALLE
village_592885,592885,G. KOTHAPALLE
village_592886,592886,GOPAYAPALLE
village_592887,592887,VELLALA
village_592888,592888,PAIDALA
village_592889,592889,DODDANALA
village_592890,592890,KULUR
village_592891,592891,GADEGUDUR
village_592892,592892,TANGATUR
village_592893,592893,THONDALADINNE
village_592894,592894,ERUVAPALEM
village_592895,592895,CHINNA JONNAVARAM
village_592896,592896,RAJUPALEM
village_592897,592897,ARAKATAVEMULA
village_592898,592898,PARLAPADU
village_592899,592899,CHINNASETTIPALLE
village_592900,592900,POTTIPADU
village_592901,592901,KORRAPADU
village_592902,592902,VELAVALI
village_592903,592903,IDAMADAKA
village_592904,592904,KANAGUDUR
village_592905,592905,RAMACHANDRAPURAM
village_592906,592906,DASARIPALLE
village_592907,592907,NEELAPURAM
village_592908,592908,JILLELA
village_592909,592909,PEDDA JONNAVARAM
village_592910,592910,DUVVUR
village_592911,592911,MADIREPALLE
village_592912,592912,CHINNA SINGANAPALLE
village_592913,592913,T.SALLABASAYAPALLE
village_592914,592914,GOLLAPALLE
village_592915,592915,MANERAMPALLE
village_592916,592916,RAJUPALEM
village_592917,592917,GUDIPADU
village_592918,592918,NELATURU
village_592919,592919,BALLAKKIVARIPALLE
village_592920,592920,MACHANAPALLE
village_592921,592921,ANNAPUSASTRULA PALLE
village_592922,592922,CHINTAKUNTA
village_592923,592923,YAKARLAPALEM
village_592924,592924,THIPPIREDDIPALLE
village_592925,592925,MUDIREDDIPALLE
village_592926,592926,MITTAMANIPALLE
village_592927,592927,ONIPENTA
village_592928,592928,AUDIREDDIPALLE
village_592929,592929,GANJIKUNTA
village_592930,592930,GADDAMAYAPALLE
village_592931,592931,LINGALADINNE
village_592932,592932,N.MYDUKUR
village_592933,592933,S.MYDUKUR
village_592934,592934,SIVAPURAM
village_592935,592935,ANNALUR
village_592936,592936,SOMAYAJULAPALLE
village_592937,592937,SETTIVARIPALLE
village_592938,592938,NANDYALAMPETA
village_592939,592939,MALLEPALLE
village_592940,592940,MUDUMALA
village_592941,592941,PALUGURALLAPALLE
village_592942,592942,PAPIREDDIPALLE
village_592943,592943,PALUGURALLAPALLE (PART IV)
village_592944,592944,SOMIREDDIPALLE
village_592945,592945,T.SOUDARAVARIPALLE
village_592946,592946,GODLAVEEDU
village_592947,592947,GUNDAPURAM
village_592948,592948,G.NARASIMHAPURAM
village_592949,592949,DIGUVA NELATUR
village_592950,592950,BOODAVADA
village_592951,592951,EGUVANELATUR
village_592952,592952,JANGAMRAJUPALLE
village_592953,592953,REKALAKUNTA
village_592954,592954,DARBHAVARIAGRAHARAM
village_592955,592955,D.LINGAMPALLE
village_592956,592956,DIRASAVANCHA
village_592957,592957,D.NARASIMHAPURAM
village_592958,592958,NAGISETTIPALLE
village_592959,592959,BALAYAPALLE
village_592960,592960,GUNTUVARIPALLE
village_592961,592961,VASUDEVAPURAM
village_592962,592962,UPPALUR
village_592963,592963,PITTIGUNTA
village_592964,592964,OBULAPURAM
village_592965,592965,NARASAPURAM
village_592966,592966,GANGANAPALLE
village_592967,592967,VARIKUNTA
village_592968,592968,NAYUNIPALLE
village_592969,592969,MOOLAPALLE
village_592970,592970,RAMPADU
village_592971,592971,KATHERAGANDLA
village_592972,592972,VENGALAMPALLE
village_592973,592973,PAGADALAPALLE
village_592974,592974,AKKEMGUNDLA
village_592975,592975,SAVISETTIPALLE
village_592976,592976,ITIGULLAPADU
village_592977,592977,AKKAMPET
village_592978,592978,VANKAMARRI
village_592979,592979,GANGAYAPALLE
village_592980,592980,REDDYPALLE
village_592981,592981,KOTHAKOTA
village_592982,592982,CHENNUPALLE
village_592983,592983,GOPAVARAMPALLE
village_592984,592984,EGUVA THAMBALLAPALLE
village_592985,592985,DIGUVA THAMBALLAPALLE
village_592986,592986,AYYAVARIPALLE
village_592987,592987,PATHA RAMAPURAM
village_592988,592988,SINGARAYAPALLE
village_592989,592989,BRAHMANAPALLE
village_592990,592990,RAJUPALEM
village_592991,592991,MALLUVARIPALLE
village_592992,592992,PULLAREDDYPALLE
village_592993,592993,MUSALAREDDIPALLE
village_592994,592994,MAMILLAPALLE (RURAL)
village_592995,592995,MAHANANDIPALLE
village_592996,592996,KALASAPADU
village_592997,592997,DULAMVARIPALLE
village_592998,592998,TELLAPADU
village_592999,592999,KONDAPETA
village_593000,593000,SIDDAMURTHYPALLE
village_593001,593001,PENDLIMARRI
village_593002,593002,SANKAVARAM
village_593003,593003,SANCHARALA
village_593004,593004,AKKALREDDIPALLE
village_593005,593005,LACHAMPALLE
village_593006,593006,SIDDANAKITCHAYAPALLE
village_593007,593007,KORRAPATUPALLE
village_593008,593008,MUSALREDDIPALLE
village_593009,593009,KAVALAKUNTLA
village_593010,593010,BUCHAMPALLE
village_593011,593011,CHERLOPALLE
village_593012,593012,DAMMANAPALLE
village_593013,593013,MARKAPURAM
village_593014,593014,PORUMAMILLA
village_593015,593015,RANGA SAMUDRAM
village_593016,593016,PULLIVEEDU
village_593017,593017,PERAMMAGARIPALLE
village_593018,593018,BOPPAPURAM
village_593019,593019,CHENNAREDDIPETA
village_593020,593020,CHINNAYAPALLE
village_593021,593021,S.VEERLAPALLE
village_593022,593022,CHINAYERASALA
village_593023,593023,SIDDAVARAM
village_593024,593024,S.SESHAMPALLE
village_593025,593025,S.LINGAMPALLE
village_593026,593026,T.SESHAMPALLE
village_593027,593027,CHALLAGIRIGELLA
village_593028,593028,YELLAPALLE
village_593029,593029,VENKATARAMAPURAM
village_593030,593030,ROWTHUPALLE
village_593031,593031,MIDDEPADU
village_593032,593032,GANUGAPENTA
village_593033,593033,CHENNAKRISHNAPURAM
village_593034,593034,MUNNELLI
village_593035,593035,BODUGUNDUPALLE
village_593036,593036,KODUR
village_593037,593037,CHANNAKESAPURAM
village_593038,593038,PAPANAPALLE
village_593039,593039,MARATIPALLE
village_593040,593040,ANKANAGODU GUNURU
village_593041,593041,A.KOTHAPALLE
village_593042,593042,VEMAKUNTA
village_593043,593043,MADHAVARAYUNIPALLE
village_593044,593044,KAMAKUNTA
village_593045,593045,M.NARASIMHAPURAM
village_593046,593046,MEKAVARIPALLE
village_593047,593047,PEDDULLAPALLE
village_593048,593048,KONDAMPALLE
village_593049,593049,PRABHALAVEEDU
village_593050,593050,VENKATAPURAM
village_593051,593051,THANGEDUPALLE
village_593052,593052,THIPPARAJUPALLE
village_593053,593053,TIRUVENGALAPURAM
village_593054,593054,ETHIRAJUPALLE
village_593055,593055,APPAJIPETA
village_593056,593056,ANANTHARAJUPURAM
village_593057,593057,C.KOTHAPALLE
village_593058,593058,ABBUSAHEBPETA
village_593059,593059,CHINTALACHERUVU
village_593060,593060,BAYANAPALLE
village_593061,593061,MOHINUDDINPURAM
village_593062,593062,IMADAPURAM @ PEDAKESAMPALLE
village_593063,593063,KONDUGARIPALLE
village_593064,593064,VANAMPULA
village_593065,593065,GOPALAPURAM
village_593066,593066,VEERAPALLE
village_593067,593067,KONASAMUDRAM
village_593068,593068,KONGALAVEEDU
village_593069,593069,THIPPANAPALLE
village_593070,593070,VENKATASETTIPALLE
village_593071,593071,RAJUPALEM
village_593072,593072,GODUGUNUR
village_593073,593073,PUTTAYAPALLE
village_593074,593074,KALVAPALLE
village_593075,593075,LAKKAVARIPALLE
village_593077,593077,GOPAVARAM
village_593078,593078,NORTH RAMAPURAM
village_593079,593079,SOUTH RAMAPURAM
village_593080,593080,BRAHMANAPALLE
village_593085,593085,BHUMAYAPALLE
village_593086,593086,BUDDAYAPALEM
village_593087,593087,PULLUR
village_593088,593088,NAGASANIPALLE
village_593089,593089,MACHUPALLE
village_593090,593090,PATHUR
village_593091,593091,KHAJIPET SUNKESULA
village_593092,593092,THUDUMULADINNE
village_593093,593093,MIDUTHURU
village_593094,593094,ETURU
village_593095,593095,THRIPURAVARAM
village_593096,593096,KOMMALURU
village_593097,593097,THAVVARIPALLE
village_593098,593098,RAVULAPALLE
village_593099,593099,DUMPALAGATTU
village_593100,593100,CHEMULLAPALLE
village_593101,593101,CHENNAMUKKAPALLE
village_593102,593102,MADUR
village_593103,593103,VENGANNAGARIPALLE
village_593104,593104,CHIYYAPADU
village_593105,593105,MORRAYAPALLE
village_593106,593106,PITCHAPADU
village_593107,593107,SOMAPURAM
village_593108,593108,BHADRIPALLE
village_593109,593109,NERRAWADA
village_593110,593110,KETHAVARAM
village_593111,593111,CHAPAD
village_593112,593112,PALLAVOLU
village_593113,593113,THUMMALAPADU
village_593114,593114,ALLADUPALLE
village_593115,593115,PEDDAGURUVALUR
village_593116,593116,BUDIDAPADU
village_593117,593117,ANANTHAPURAM
village_593118,593118,VEDURUR
village_593119,593119,KUTCHUPAPA
village_593120,593120,CHINNAGURVALUR
village_593121,593121,RANGASAYAPURAM
village_593122,593122,CHOWDUR
village_593123,593123,PEDDASETTIPALLE
village_593124,593124,DORASANIPALLE
village_593125,593125,KAMANUR
village_593126,593126,SARVIREDDIPALLE
village_593127,593127,KOTHAPALLE
village_593128,593128,UPPARAPALLE
village_593129,593129,THALLAMAPURAM
village_593130,593130,NANGANURPALLE
village_593131,593131,REGULAPALLE
village_593132,593132,YERRAGUNTLAPALLE
village_593133,593133,KALLUR
village_593134,593134,GOPAVARAM (CT)
village_593135,593135,MODAMEEDIPALLE (CT)
village_593136,593136,RAMESWARAM (CT)
village_593137,593137,BOLLAVARAM (R ) (OG)
village_593138,593138,SALEVARIUPPALAPADU
village_593139,593139,GUDEMCHERUVU
village_593140,593140,PONNATHOTA
village_593141,593141,DIGUVAPATNAM
village_593142,593142,GANDIKOTA
village_593143,593143,SANJEEVAPALLE
village_593144,593144,POORVA BOMMEPALLE
village_593145,593145,VEMAGUNTAPALLE
village_593146,593146,AMBAVARAM
village_593147,593147,KOTHAGUNTAPALLE
village_593148,593148,THUGUTLAPALLE
village_593149,593149,GORIGANUR
village_593150,593150,DHARMAPURAM
village_593151,593151,DANAVULAPADU
village_593152,593152,SUNNAPURALLAPALLE
village_593153,593153,PEDDANDLUR
village_593154,593154,DEVAGUDI
village_593155,593155,POORVAPU SUGUMANCHIPALLE
village_593156,593156,SIRIGEPALLE
village_593157,593157,MORAGUDI (CT)
village_593158,593158,DIGUVA BRAHMANAPALLE
village_593159,593159,KIBILI RAGHAVAPURAM
village_593160,593160,OBULAPURAM
village_593161,593161,KORRAPADU
village_593162,593162,MANGAPATNAM
village_593163,593163,DENEPALLE
village_593164,593164,ARAVETIPALLE
village_593165,593165,CHINTAKUNTA
village_593166,593166,YAMAVARAM
village_593167,593167,KOSINEPALLE
village_593168,593168,KADASANI KOTHAPALLE
village_593169,593169,PENIKALAPADU
village_593170,593170,RAJULAGURUVAIAHPALLE
village_593171,593171,K.THIMMAPURAM
village_593172,593172,NALLABALLE
village_593173,593173,BONDALAKUNTA
village_593174,593174,CHINNADUDYALA
village_593175,593175,PEDDADUDYALA
village_593176,593176,VELPUCHERLA
village_593177,593177,V.RAGHAVAPURAM
village_593178,593178,UPPALUR
village_593179,593179,KOLAVALI
village_593180,593180,MUDDANUR (CT)
village_593181,593181,CHAVVARIPALLE
village_593182,593182,NANDYALAMPALLE
village_593183,593183,PYDIPALEM
village_593184,593184,DEVATHAPURAM
village_593185,593185,JANGAMREDDIPALLE
village_593186,593186,THELIKI
village_593187,593187,MADDULAPAYA
village_593188,593188,RAVULAKOLANU
village_593189,593189,SUNKESULA
village_593190,593190,DUDDEKUNTA
village_593191,593191,KASANUR
village_593192,593192,SIMHADRIPURAM
village_593193,593193,GURJALA
village_593194,593194,BIDINAMCHERLA
village_593195,593195,HIMAKUNTLA
village_593196,593196,NIDIVELAGALA
village_593197,593197,AGRAHARAM
village_593198,593198,ANKALAMMAGUDUR
village_593199,593199,LOMADA
village_593200,593200,BALAPANUR
village_593201,593201,PARNAPALLE
village_593202,593202,KOMMANUTHALA
village_593203,593203,VELIDANDLA
village_593204,593204,BONALA
village_593205,593205,KAMASAMUDRAM
village_593206,593206,DONDLAVAGU
village_593207,593207,PEDDAKUDALA
village_593208,593208,LINGALA
village_593209,593209,LOPATNUTHALA
village_593210,593210,MURARICHINTALA
village_593211,593211,GUNAKANEPALLE
village_593212,593212,RAMANUTHALAPALLE
village_593213,593213,AMBAKAPALLE
village_593214,593214,HEROJIPURAM
village_593215,593215,CHINNAKUDALA
village_593216,593216,NARSINGARAOPALLE
village_593217,593217,VADLAVARIPALLE
village_593218,593218,IPPATLA
village_593219,593219,RAYALAPURAM
village_593220,593220,RAGIMANUPALLE
village_593221,593221,RACHUMARRIPALLE
village_593222,593222,ATCHAVALLE
village_593223,593223,ULIMELLA (R)
village_593224,593224,ERRABALLE
village_593225,593225,KONAMPALLE
village_593226,593226,CHINTALAJUTUR
village_593227,593227,PEDDAJUTUR
village_593228,593228,VELPULA
village_593229,593229,MEEDIPENTLA
village_593230,593230,VEMULA
village_593231,593231,GOLLALAGUDUR
village_593232,593232,NALLACHERUVUPALLE
village_593233,593233,PENDLURU
village_593234,593234,PERNAPADU
village_593235,593235,CHAGALERU
village_593236,593236,GONDIPALLE
village_593237,593237,V.KOTHAPALLE
village_593238,593238,BUCHUPALLE
village_593239,593239,BHADRAMPALLE
village_593240,593240,THONDUR
village_593241,593241,MALLELA
village_593242,593242,UDAVAGANDLA
village_593243,593243,AGADUR
village_593244,593244,INAGALUR
village_593245,593245,THELLUR
village_593246,593246,MADUR
village_593247,593247,GUNDLAMADUGU
village_593248,593248,SYDAPURAM
village_593249,593249,JALAPARTHI
village_593250,593250,PALUR
village_593251,593251,SANTHAKOVVUR
village_593252,593252,YADAVAKUNTA
village_593253,593253,THIMMAPURAMPETA
village_593254,593254,GOTUR
village_593255,593255,ANKIREDDIPALLE
village_593256,593256,VELDURTHI
village_593257,593257,URUTUR
village_593258,593258,TALAPANUR
village_593259,593259,PAYASAMPALLE
village_593260,593260,ALIDENA
village_593261,593261,LINGALA
village_593262,593262,KEERTHIPALLE
village_593263,593263,AYYAVARIPALLE
village_593264,593264,INDUKUR
village_593265,593265,KOMMADDI
village_593266,593266,MOILLACHERUVU
village_593267,593267,NORTHPALAGIRI
village_593268,593268,SOUTHPALAGIRI
village_593269,593269,TANGEDUPALLE
village_593270,593270,GONUMAKULAPALLE
village_593271,593271,ANIMELA
village_593272,593272,PILLIVARIPALLE
village_593273,593273,U.RAJUPALEM
village_593274,593274,P.GOPALAPURAM
village_593275,593275,CHINNADANDLURU
village_593276,593276,ILLURU
village_593277,593277,KALAMALLA
village_593278,593278,MALEPADU
village_593279,593279,POTLADURTHI
village_593280,593280,HANUMANAGUTTI
village_593281,593281,KATHUGUTAVENGANNAGARIPALLE
village_593282,593282,NIDIZIVVE
village_593283,593283,CHILAMKUR
village_593284,593284,PEDDANAPADU
village_593285,593285,VALASAPALLE
village_593286,593286,KODURU
village_593287,593287,T.SUNKESALA
village_593288,593288,THIPPALURU
village_593289,593289,YERRAGUNTLA (CT)
village_593290,593290,KOKATAM
village_593291,593291,SAMBATUR
village_593292,593292,VIBHARAMPURAM
village_593293,593293,GANGAVARAM
village_593294,593294,KAMALAPURAM
village_593295,593295,MIRAPURAM
village_593296,593296,C.GOPALAPURAM
village_593297,593297,PACHIKALAPADU
village_593298,593298,YERRAGUDIPADU
village_593299,593299,PANDILLAPALLE
village_593300,593300,NALLINGAYAPALLE
village_593301,593301,GOLLAPALLE
village_593302,593302,T.SADIPIRALA
village_593303,593303,RAMACHANDRAPURAM
village_593304,593304,PEDDACHEPPALLE
village_593305,593305,VANKAMADA
village_593306,593306,APPARAOPALLE
village_593307,593307,JAMBAPURAM
village_593308,593308,THURAKAPALLE
village_593309,593309,CHINNACHEPALLE
village_593310,593310,PODADURTHI
village_593311,593311,YELLAREDDIPALLE
village_593312,593312,LETAPALLE
village_593313,593313,DADIREDDIPALLE
village_593314,593314,TAPPETLA
village_593315,593315,LEBAKA
village_593316,593316,PEDDAPUTHA
village_593317,593317,CHINNAPUTHA
village_593318,593318,PAIDIKALVA
village_593319,593319,JANGAMPALLE
village_593320,593320,KOPPOLU
village_593321,593321,PUTHA CHINNAYAPALLE
village_593322,593322,KUMARUNIPALLE
village_593323,593323,VALLUR
village_593324,593324,KOTLURU
village_593325,593325,ISUKAPALLE
village_593326,593326,ANKAYAPALLE
village_593327,593327,VENKATESAPURAM
village_593328,593328,GOTUR
village_593329,593329,OBANA SOMAYAJULAPALLE
village_593330,593330,KODANDARAMAPURAM
village_593331,593331,AMBAVARAM
village_593332,593332,YADAVAPURAM
village_593333,593333,THOLLAGANGANAPALLE
village_593334,593334,SIVALAPALLE
village_593335,593335,KOKKARAYAPALLE
village_593336,593336,CHENNUR
village_593337,593337,DOULATHAPURAM
village_593338,593338,BAYANAPALLE
village_593339,593339,KANUPARTHI
village_593340,593340,NAZEERBEGPALLE
village_593341,593341,GURRAMPADU
village_593342,593342,RAMANAPALLE (PART)
village_593343,593343,UPPARAPALLE
village_593344,593344,DUGGANAPALLE
village_593345,593345,MUNDLAPALLE
village_593346,593346,RACHINNAYAPALLE
village_593347,593347,YERRABALLE
village_593348,593348,NALLAYAPALLE
village_593349,593349,KAMALAKURU
village_593350,593350,MADAPUR
village_593351,593351,THAMBALLAGONDI
village_593352,593352,GUJJALAVARIPALLE
village_593353,593353,SHROTRIYA VENKATAPURAM
village_593354,593354,KUMBHAGIRI
village_593355,593355,KAMASAMUDRAM
village_593356,593356,VEMALUR
village_593357,593357,KONDUR
village_593358,593358,ATLUR
village_593359,593359,MUTHUKUR
village_593360,593360,PIDATHALAVEERAYAPALLE
village_593362,593362,VARIKUNTA
village_593366,593366,THUDUR
village_593370,593370,DARJIPALLE
village_593371,593371,GOLLAPALLE
village_593372,593372,PENNAPERURU
village_593373,593373,KUDUMALUR
village_593374,593374,KOTAPADU
village_593375,593375,PONNAPALLE
village_593376,593376,GUNDLAMADA
village_593377,593377,BRAHMANAPALLE
village_593378,593378,KURUGUNTLAPALLE
village_593379,593379,MADHAVARAM
village_593380,593380,NARAYANARAJUPETA
village_593381,593381,RACHAGUDIPALLE
village_593382,593382,GANGAPERURU
village_593383,593383,VONTIMITTA
village_593384,593384,JOWKULAPALLE
village_593385,593385,MANGAMPETA
village_593386,593386,CHINTARAJUPALLE
village_593387,593387,MANTAPAMPALLE
village_593388,593388,KONARAJUPALLE
village_593389,593389,LINGAMPALLE
village_593390,593390,KADAPAYAPALLE
village_593391,593391,PONNAVOLU
village_593392,593392,TOKKOLU
village_593393,593393,MACHUPALLE
village_593394,593394,JYOTHI
village_593395,593395,VONTITHATIPALLE
village_593396,593396,S.RAJAMPETA
village_593397,593397,MULAPALLE
village_593398,593398,GUNDLAMOOLA
village_593399,593399,SIDHOUT
village_593400,593400,JANGALAPALLE
village_593401,593401,VELUGUPALLE
village_593402,593402,SHAKARAJUPALLE
village_593403,593403,NEKANAPURAM
village_593404,593404,KANUMALAPALLE
village_593405,593405,MANDAPALLE
village_593406,593406,PEDDAPALLE
village_593407,593407,KOPPARTHI
village_593408,593408,THADIGOTLA
village_593409,593409,PABBAPURAM
village_593410,593410,PAPASAHEBPET
village_593411,593411,CHERLOPALLE
village_593412,593412,BALUPALLE
village_593413,593413,K.RAMACHANDRAPURAM
village_593414,593414,KAMMAVARIPALLE
village_593415,593415,CHINTHAKOMMADINNE (PART)
village_593416,593416,APPARAJUPALLE
village_593417,593417,BOGGALAPALLE (PART)
village_593418,593418,BUGGALETIPALLE
village_593419,593419,RUDRAYAGARIPALLE
village_593420,593420,KOLUMULAPALLE
village_593421,593421,JAMAL PALLE
village_593422,593422,CHINNAKAMPALLE
village_593423,593423,PEDDAKAMPALLE
village_593424,593424,IPPAPENTA
village_593425,593425,KONDURU
village_593426,593426,NANDIMANDALAM
village_593427,593427,AMANIVISWANATHAPURAM
village_593428,593428,GONDIPALLE
village_593429,593429,TUMMALUR
village_593430,593430,CHABALI
village_593431,593431,MACHANUR
village_593432,593432,KOTHAPETA
village_593433,593433,BINDURAOPALLE
village_593434,593434,KONAYAPALLE
village_593435,593435,SANGATIPALLE
village_593436,593436,MOILLAKALAVA
village_593437,593437,EGUVA PALLE
village_593438,593438,RAMPATHADU
village_593439,593439,GANGANAPALLE
village_593440,593440,THIPPIREDDIPALLE
village_593441,593441,RAMAPURAM @ MITTAMEEDAPALLE
village_593442,593442,VELLATUR
village_593443,593443,CHENNAMRAJU PALLE
village_593444,593444,A.RAMACHANDRAPURAM
village_593445,593445,PENDLIMARRI
village_593446,593446,PAGADALAPALLE
village_593447,593447,CHINNA DASARIPALLE
village_593448,593448,CHEEMALAPENTA
village_593449,593449,KOTHAGIRIAPALLE
village_593450,593450,PEDDA DASARIPALLE
village_593451,593451,MUTHUKURU
village_593452,593452,RAMIREDDIPALLE
village_593453,593453,NAGURU
village_593454,593454,ALAVALAPADU
village_593455,593455,PAMULUR
village_593456,593456,KATHALURU
village_593457,593457,TALLAPALLE
village_593458,593458,T.VELAMVARIPALLE
village_593459,593459,VEMPALLE
village_593460,593460,ALIREDDIPALLE
village_593461,593461,IDUPULAPAYA
village_593462,593462,KUMARAKALVA
village_593463,593463,ADDALAMARRI
village_593464,593464,ANJANEYAPURAM
village_593465,593465,MARELLAMADAKA
village_593466,593466,GANDIKOVVUR
village_593467,593467,ERRABOMMANAPALLE
village_593468,593468,KATENENIYERRAGUDI
village_593469,593469,KALLURUPALLE
village_593470,593470,RAJUPALLE
village_593471,593471,KUPPAM
village_593472,593472,CHAKRAYAPET
village_593473,593473,CHILEKAMPALLE
village_593474,593474,NERSUPALLE
village_593475,593475,KONDAPPAGARIPALLE
village_593476,593476,SURABHI
village_593477,593477,MAHADEVAPALLE
village_593478,593478,GOTLAMITTA
village_593479,593479,TALAMUDIPI
village_593480,593480,KORLAKUNTA
village_593481,593481,PULIKUNTA
village_593482,593482,NOOLIVEEDU
village_593483,593483,PANDIKUNTA
village_593484,593484,THUMUKUNTA
village_593485,593485,GARUGUPALLE
village_593486,593486,GUNDLACHERUVU
village_593487,593487,GOPANAPALLE
village_593488,593488,PYARAMPALLE
village_593489,593489,VELIGALLU
village_593490,593490,GALIVEEDU
village_593491,593491,ARAVEEDU
village_593492,593492,EGUVAGOTTIVEEDU
village_593493,593493,DIGUVAGOTTIVEEDU
village_593494,593494,KALIBANDA
village_593495,593495,PARAMATIKONA
village_593496,593496,T.SAKIBANDA
village_593497,593497,VANDADI
village_593498,593498,MALLUR
village_593499,593499,DEVAGUDIPALLE
village_593500,593500,CHINNAMANDEM
village_593501,593501,BONAMALA
village_593502,593502,NARAYANAREDDIPALLE
village_593503,593503,MOTAKATLA
village_593504,593504,GUNNIKUNTLA
village_593505,593505,GURIGINJAKUNTA
village_593506,593506,DUDYALA
village_593507,593507,SAMBEPALLE
village_593508,593508,ROUTHUKUNTA
village_593509,593509,DEVAPATLA
village_593510,593510,SHO.SOMAVARAM
village_593511,593511,GUTTAPALLE
village_593512,593512,SETTIPALLE
village_593513,593513,POLIMERAPALLE
village_593514,593514,T SUNDUPALLE
village_593515,593515,BHAGAMPALLE
village_593516,593516,YERRAMANENIPALEM
village_593517,593517,REDDIVARIPALLE
village_593518,593518,GUNDLAPALLE
village_593519,593519,THIMMASAMUDRAM
village_593520,593520,AKKAMPALLE
village_593521,593521,PERUMALLAIAHGARIPALLE
village_593522,593522,RAYAVARAM
village_593523,593523,MADITHADU
village_593524,593524,CHINNAIAHGARIPALLE
village_593525,593525,PEDDINENIKALVA
village_593526,593526,MUDAMPADU
village_593527,593527,GUNTIMADUGU
village_593528,593528,KATIMAYAKUNTA
village_593529,593529,MADHAVARAM
village_593530,593530,YERRANAGUPALLE
village_593531,593531,GORLAMUDIVEEDU
village_593532,593532,YANDAPALLE
village_593533,593533,BOTLACHERUVU
village_593534,593534,PEDDAKALVAPALLE
village_593535,593535,CHERLOPALLE
village_593536,593536,MASAPET (R)
village_593537,593537,ABBAVARAM
village_593538,593538,INDUKURUPALLE
village_593539,593539,SYAMALAVARIPALLE
village_593540,593540,DULLAVARIPALLE
village_593541,593541,PEMMADAPALLE
village_593542,593542,SIBYALA
village_593543,593543,CHENNAMUKKAPALLE (CT)
village_593544,593544,BRAHMANA YERRAGUDI
village_593545,593545,DINNEPADU
village_593546,593546,GUDLAVARIPALLE
village_593547,593547,ANANTHAPURAM
village_593548,593548,LAKKIREDDIPALLE
village_593549,593549,DAPPEPALLE
village_593550,593550,PANDILLAPALLE
village_593551,593551,NARAHARIBHATLA PALLE
village_593552,593552,SOMABOTLAPALLE
village_593553,593553,KURNOOTHALA
village_593554,593554,MADDIREVULA
village_593555,593555,KAKULAVARAM
village_593556,593556,KALPANAYUNICHERUVU
village_593557,593557,GOPAGUDIPALLE
village_593558,593558,GUVVALACHERUVU
village_593559,593559,NEELAKANTHARAOPETA
village_593560,593560,SUDDAMALLA
village_593561,593561,NALLAGUTTAPALLE
village_593562,593562,SARASWATHIPALLE
village_593563,593563,RACHAPALLE
village_593564,593564,HASANAPURAM
village_593565,593565,CHITLUR
village_593566,593566,BANDLAPALLE
village_593567,593567,POTHUKURUPALLE
village_593568,593568,VONGIMALLA
village_593569,593569,YADABALLE
village_593570,593570,GADIKOTA
village_593571,593571,VEERABALLE
village_593572,593572,SOMAVARAM
village_593573,593573,PEDDIVEEDU
village_593574,593574,MATLI
village_593575,593575,ODIVEEDU
village_593576,593576,SANIPAYA
village_593577,593577,CHINTALAKUNTA
village_593578,593578,PATUR
village_593579,593579,NANDALUR
village_593580,593580,ADAPUR
village_593581,593581,YELLAMARAJUPALLE
village_593583,593583,RAMAMAMBAPURAM
village_593585,593585,RANGAYAPALLE
village_593586,593586,THIMMARAJUPALLE
village_593587,593587,POTHAPI
village_593588,593588,JANGALAPALLE
village_593589,593589,NOOKINENIPALLE
village_593590,593590,KUNDA NELLORE
village_593591,593591,KOMARUNIPALLE
village_593592,593592,TANGUTURU
village_593593,593593,TANGUTUR VENGAMAMBAPURAM
village_593594,593594,LEBAKA
village_593595,593595,NALLATHIMMAYAPALLE
village_593596,593596,LEBAKA MANGA MAMBA PURAM
village_593597,593597,NAGIREDDIPALLE (CT)
village_593598,593598,NARASINGARAJUPURAM
village_593599,593599,SIRIVARAM
village_593600,593600,THIRUNAMPALLE
village_593601,593601,THIMMAMAMBAPURAM
village_593602,593602,KONDUR
village_593604,593604,DAMANCHERLA
village_593605,593605,YELAGACHERLA MANGAMAMBAPURAM
village_593606,593606,VELAGACHERLA
village_593607,593607,PENAGALUR AGRAHARAM
village_593608,593608,KONDURUCHINRAYA SAMUDRAM
village_593609,593609,PENAGALUR
village_593610,593610,SIDDAVARAM
village_593611,593611,THIRUMALARAJUPETA
village_593612,593612,SINGAREDDIPALLE
village_593613,593613,KAMBALAKUNTA
village_593614,593614,INDLUR
village_593615,593615,SINGANAMALACHENNARAYASAMUDRAM
village_593616,593616,GIRIJAMAMBAPURAM
village_593617,593617,SINGANAMALAVENGAMAMBAPURAM
village_593618,593618,SINGANAMALA
village_593619,593619,KOMANTHARAJUPURAM
village_593620,593620,OBILI
village_593621,593621,JATTIVARIPALLE
village_593622,593622,NARAYANA NELLORE
village_593623,593623,NALLAPUREDDIPALLE
village_593624,593624,PONDALURVENKATAMPALLE
village_593625,593625,PONDALUR
village_593626,593626,ITIMARPURAM
village_593627,593627,MALEMARPURAM
village_593628,593628,MALLEMADUGU
village_593629,593629,CHINTALA CHELIKA
village_593630,593630,RAJUKUNTA
village_593631,593631,MYLAPALLE
village_593632,593632,DEVAMACHUPALLE
village_593633,593633,CHITVEL
village_593634,593634,KAMPASAMUDRAM
village_593635,593635,BHAKRAPURAM
village_593636,593636,CHERLOPALLE
village_593637,593637,THIMMAYAPALEM
village_593638,593638,K.S.AGRAHARAM
village_593639,593639,NAGIRIPADU
village_593640,593640,NETHIVARIPALLE
village_593641,593641,THUMMAKONDA
village_593642,593642,MAHARAJAPURAM @SIDDAREDDIPALLE
village_593643,593643,K.V.R.R. PURAM
village_593644,593644,KALVAVARIKANDRIKA
village_593645,593645,NAGAVARAM
village_593646,593646,PULAPATHURU
village_593647,593647,MANDAPALLE
village_593648,593648,SESHAMAMBAPURAM
village_593649,593649,GUNDLURU
village_593650,593650,TALLAPAKA
village_593651,593651,MADANAGOPALAPURAM
village_593652,593652,KITCHAMAMBAPURAM
village_593653,593653,SITARAMPURAM
village_593654,593654,POLI
village_593655,593655,RAJAMPET (R) (PART)
village_593656,593656,MANNUR
village_593657,593657,BAHIRAJAPALLE
village_593658,593658,HASTAVARAM
village_593659,593659,KOTHAPALLE
village_593660,593660,AKEPADU
village_593661,593661,R.BUDUGUNTAPALLE
village_593662,593662,ROLLAMADUGU
village_593663,593663,SRIRANGARAJAPURAM
village_593664,593664,BRAHMANAPALLE
village_593665,593665,ANANTHARAJUPURAM
village_593666,593666,UTUKUR
village_593667,593667,MITTAMEEDAPALLE
village_593668,593668,GOPAMAMBAPURAM
village_593669,593669,SREERANGARAJUPALEM
village_593670,593670,THIPPAYAPALLE
village_593671,593671,DEVASAMUDRAM
village_593672,593672,VATHALUR
village_593673,593673,IMMANUR
village_593674,593674,PULLAMPETA
village_593675,593675,PUTHANAVARIPALLE
village_593676,593676,ANANTAIAHGARIPALLE
village_593677,593677,RAMASAMUDRAM
village_593678,593678,UTUKURUCHALIVENDLA
village_593679,593679,UTUKURU VENKATAMPALLE
village_593680,593680,DANDLOPALLE
village_593681,593681,VALLURUPALLE
village_593682,593682,KOTHAPALLE AGRAHARAM
village_593683,593683,KOMMANAVARIPALLE
village_593684,593684,DALAVAIPALLE
village_593685,593685,APPARAJUPETA
village_593686,593686,GARALAMADUGU
village_593687,593687,A.CHANNAMAMBAPURAM
village_593688,593688,ANANTHASAMUDRAM
village_593689,593689,RANGAMPALLE
village_593690,593690,THIRUVENGALANATHARAJAPURAM
village_593691,593691,PERIGAVARAM
village_593692,593692,KETHARAJUPALLE
village_593693,593693,REDDIPALLE
village_593694,593694,VENKATESAPURAM
village_593695,593695,GOBBURUVARIPALLE
village_593696,593696,PEDDA RAMPADU
village_593697,593697,RALLACHERUVUPALLE
village_593698,593698,BOTIMEEDAPALLE
village_593699,593699,BOMMAVARAM
village_593700,593700,GOVINDAMPALLE
village_593701,593701,MUKKAVARIPALLE
village_593702,593702,CHINNA ORAMPADU
village_593703,593703,KORLAKUNTA
village_593704,593704,JILLELAMADAKA
village_593705,593705,YERRAGUNTAKOTA
village_593706,593706,GADELA
village_593707,593707,NUKANAPALLE
village_593708,593708,MANGAMPETA (CT)
village_593709,593709,ANANTHARAJUPETA
village_593710,593710,RAGHAVARAJUPURAM
village_593711,593711,GANGARAJUPURAM
village_593712,593712,VASUDEVAPURAM
village_593713,593713,VELLELAVARI KHANDRIKA
village_593714,593714,OBANAPALLE
village_593715,593715,KITCHAMAMBAPURAM AGRAHARAM
village_593716,593716,CHIYYAVARAM
village_593717,593717,K.BUDUGUNTAPALLE
village_593718,593718,KODUR (WEST)
village_593719,593719,KODUR (EAST)
village_593720,593720,UPPARAPALLE
village_593721,593721,SRINIVASAPURAM
village_593722,593722,SETTIGUNTA
village_593723,593723,NARAYANAPURAM
village_593724,593724,KAGGALLU
village_593725,593725,DIBBANADODDI
village_593726,593726,KACHAPURAM
village_593727,593727,RAMPURAM
village_593728,593728,BASAPURAM
village_593729,593729,MADHAVARAM
village_593730,593730,CHETNIHALLI
village_593731,593731,MANCHALA
village_593732,593732,KALLUDEVAKUNTA
village_593733,593733,CHILAKALADONA
village_593734,593734,BUDUR
village_593735,593735,SUGUR
village_593736,593736,RACHUMARRI
village_593737,593737,SUNKESWARI
village_593738,593738,SOWLA HALLI
village_593739,593739,MALAPALLE
village_593740,593740,PARAMANDODDI
village_593741,593741,SINGARAJANAHALLI
village_593742,593742,VAGARURU
village_593743,593743,KADIDODDI
village_593744,593744,ARLABANDA
village_593745,593745,PUTTAKUNTA
village_593746,593746,KAMANDODDI
village_593747,593747,KANDUKUR
village_593748,593748,MOOGALADODDI
village_593749,593749,BATRA BOMMALAPURAM
village_593750,593750,AGASANUR
village_593751,593751,SATHANUR
village_593752,593752,THUMBIGANUR
village_593753,593753,IRANGAL
village_593754,593754,BOMPALLE
village_593755,593755,D BELAGAL
village_593756,593756,DEVARABETTA
village_593757,593757,SAJJALAGUDDAM
village_593758,593758,JAMPAPURAM
village_593759,593759,CHIRTHANAKAL
village_593760,593760,DUDDI
village_593761,593761,YANDAPALLE
village_593762,593762,VANDAGALLU
village_593763,593763,JUMALADINNE
village_593764,593764,GOWDEGALLU
village_593765,593765,NELAKOSIGI
village_593766,593766,KOSIGI
village_593767,593767,PENDEKAL
village_593768,593768,CHINTAKUNTA
village_593769,593769,PALLIPADU
village_593770,593770,KALAVALAGUNDU
village_593771,593771,MARALI
village_593772,593772,GUDIKAMBALI
village_593773,593773,GURRALADODDI
village_593774,593774,VALLUR
village_593775,593775,HALVI
village_593776,593776,GOTHULADODDI
village_593777,593777,KATEDODDI
village_593778,593778,KUMBALANUR
village_593779,593779,NADICHAGI
village_593780,593780,MYALIGANUR
village_593781,593781,KATRIKI
village_593782,593782,PODALAKUNTA
village_593783,593783,MADIRE
village_593784,593784,CHUDI
village_593785,593785,THIPPALADODDI
village_593786,593786,KARANI
village_593787,593787,MALLANAHATTI
village_593788,593788,CHIRTAPALLE
village_593789,593789,SULAKERI
village_593790,593790,LINGALADINNE
village_593791,593791,AGASALADINNE
village_593792,593792,DOMMALADINNE
village_593793,593793,BANTAKUNTA
village_593794,593794,URUKUNDA
village_593795,593795,KAMAVARAM
village_593796,593796,ECHALAHAL
village_593797,593797,KOWTHALAM
village_593798,593798,VEERLADINNE
village_593799,593799,BAPURAM
village_593800,593800,ROWDUR
village_593801,593801,UPPARAHAL
village_593802,593802,KUNTANAHAL
village_593803,593803,BADINEHAL
village_593804,593804,YERIGIRI
village_593805,593805,THOVI
village_593806,593806,PEEKALABETTA
village_593807,593807,GAVIGATLU
village_593808,593808,BAPALADODDI
village_593809,593809,HULIKANVI
village_593810,593810,BASALADODDI
village_593811,593811,CHINNATUMBALAM
village_593812,593812,KAMBALADINNE
village_593813,593813,JALVADI
village_593814,593814,KAMBADAHAL
village_593815,593815,H MURVARI
village_593816,593816,KALLUKUNTA
village_593817,593817,MUCHIGERI
village_593818,593818,NOWLEKAL
village_593819,593819,MYAKADONA
village_593820,593820,CHINNA KADUBUR
village_593821,593821,TARAPURAM
village_593822,593822,RANGAPURAM
village_593823,593823,PEDDA KADUBUR
village_593824,593824,SOGANUR
village_593825,593825,K.THIMMAPURAM
village_593826,593826,TSALLAKUDLUR
village_593827,593827,DIVAMDINNE
village_593828,593828,GARLADINNE
village_593829,593829,PESALADINNE
village_593830,593830,ENIGABALA
village_593831,593831,PARLAPALLE
village_593832,593832,KALUGOTLA
village_593833,593833,SARDARPURAM
village_593834,593834,GUDIKAL
village_593835,593835,BANAVASI
village_593836,593836,KANDANATHI
village_593837,593837,MALAKAPURAM
village_593838,593838,KADIVELLA
village_593839,593839,KOTEKAL
village_593840,593840,KADIMETLA
village_593841,593841,DEVIBETTA
village_593842,593842,RALLADODDI
village_593843,593843,NADIKHAIRAVADI
village_593844,593844,IBHARAMPURAM
village_593845,593845,MACHAPURAM
village_593846,593846,HALAHARVI
village_593847,593847,DHARMAPURAM
village_593848,593848,MUGUTHI
village_593849,593849,NANDAVARAM
village_593850,593850,POOLACHINTA
village_593851,593851,GANGAVARAM
village_593852,593852,JOHARAPURAM
village_593853,593853,PEDDAKOTHILIKI
village_593854,593854,CHINNAKOTHILIKI
village_593855,593855,NAGALADINNE
village_593856,593856,KANAKAVEEDU
village_593857,593857,MITTASOMPURAM
village_593858,593858,GURUJALA
village_593859,593859,RAYACHOTY
village_593860,593860,T SOMALAGUDURU
village_593861,593861,PONAKALADINNE
village_593862,593862,MALASOMAPURAM
village_593863,593863,PALUKUDODDI
village_593864,593864,GUNDREVULA
village_593865,593865,KONDAPURAM
village_593866,593866,KOTHAKOTA
village_593867,593867,POLAKAL
village_593868,593868,C.BELAGAL
village_593869,593869,KAMBADAHAL
village_593870,593870,BURANDODDI
village_593871,593871,BRAHMANADODDI
village_593872,593872,MUNAGALA
village_593873,593873,JULAKALLU
village_593874,593874,PONNAKALLU
village_593875,593875,MALLAPURAM
village_593876,593876,REGADI KHANAPURAM
village_593877,593877,GUDUR
village_593878,593878,CHANUGONDLA
village_593879,593879,GUDIPADU
village_593880,593880,PENCHIKALAPADU
village_593881,593881,KURUVANAGALAPURAM
village_593882,593882,BUDIDAPADU
village_593883,593883,PARLA
village_593884,593884,K.MARKAPURAM
village_593885,593885,SALKAPURAM
village_593886,593886,A.GOKULAPADU
village_593887,593887,LAXMIPURAM
village_593888,593888,DUPADU
village_593889,593889,THADAKANAPALLE
village_593890,593890,PEDDA TEKUR
village_593891,593891,CHINNA TEKUR
village_593892,593892,BASTIPADU
village_593893,593893,BOLLAVARAM
village_593894,593894,PUSULUR
village_593895,593895,REMADUR
village_593896,593896,NAYAKALLU
village_593897,593897,KONGANAPADU
village_593898,593898,ULINDAKONDA
village_593899,593899,CHETLA MALLAPURAM
village_593900,593900,YAPARLAPADU
village_593901,593901,PEDDAPADU (OG)
village_593902,593902,PANDIPADU (OG)
village_593903,593903,R KONTHALAPADU
village_593904,593904,SUNKESULA
village_593905,593905,REMATA
village_593906,593906,ULCHALA
village_593907,593907,BASAVAPURAM
village_593908,593908,EDURUR
village_593909,593909,G.SINGAVARAM
village_593910,593910,NIDZUR
village_593911,593911,MUNAGALAPADU
village_593912,593912,PANCHALINGALA
village_593913,593913,E.THANDRAPADU
village_593914,593914,GONDIPARLA
village_593915,593915,RUDRAVARAM
village_593916,593916,NOOTHANAPALLE
village_593917,593917,DEVAMADA
village_593918,593918,PUDUR
village_593919,593919,GARGEYAPURAM
village_593920,593920,DIGUVAPADU
village_593921,593921,MAMIDALAPADU (CT)
village_593922,593922,B. THANDRAPADU (OG)
village_593923,593923,DINNADEVARAPADU (OG)
village_593924,593924,PASUPULA (OG)
village_593925,593925,SANTHANIKOTA
village_593926,593926,BIJINAVEMULA
village_593927,593927,KONIDELA
village_593928,593928,NAGATOOR
village_593929,593929,MADDIGATLA
village_593930,593930,MALYALA
village_593931,593931,ALLUR
village_593932,593932,NANDI KOTKUR
village_593933,593933,BOLLAVARAM
village_593934,593934,VADDAMANU
village_593935,593935,BRAHMANAKOTKUR
village_593936,593936,DAMAGATLA
village_593937,593937,MURVAKONDA
village_593938,593938,VEERAPURAM
village_593939,593939,YELLALA
village_593940,593940,MUCHUMARRI
village_593941,593941,PALAMARRI
village_593942,593942,BEERAVOLU
village_593943,593943,PATHAKOTA(EAST)
village_593944,593944,PATHAKOTA(WEST)
village_593945,593945,PAGIDYALA
village_593946,593946,LAXMAPURAM
village_593947,593947,MANDLEM
village_593948,593948,TARTUR
village_593949,593949,TANGADANCHA
village_593950,593950,BOLLAVARAM
village_593951,593951,TATIPADU
village_593952,593952,GANAPURAM
village_593953,593953,BANNUR
village_593954,593954,TARIGOPULA
village_593955,593955,LINGAPURAM
village_593956,593956,PARUMANCHALA
village_593957,593957,THUDICHERLA
village_593958,593958,SIDDHESWARAM
village_593959,593959,VEERABHADRADURGAM
village_593960,593960,SANGAMESWARAM
village_593961,593961,ERRAMATAM
village_593962,593962,MUSALIMADUGU
village_593963,593963,P GUMMADAPURAM
village_593964,593964,SIVAPURAM
village_593965,593965,KOTHAPALLE
village_593966,593966,GUVVALAKUNTA
village_593967,593967,NANDIKUNTA
village_593968,593968,GOKAVARAM
village_593969,593969,BATTUVARIPALLE
village_593970,593970,KOKKERANCHA
village_593971,593971,EDURUPADU
village_593972,593972,DUDYALA
village_593977,593977,KURUKUNDA
village_593978,593978,VADLA RAMAPURAM
village_593979,593979,INDIRESWARAM
village_593980,593980,PINNAPURAM
village_593981,593981,KRISHNAPURAM
village_593982,593982,ATMAKUR
village_593983,593983,KARIVENA
village_593984,593984,NALLAKALVA
village_593985,593985,SIDDEPALLE
village_593986,593986,SIDDAPURAM
village_593987,593987,BAIRLUTYGUDEM
village_593988,593988,NAGALOOTY GUDUM
village_593989,593989,POTHURAJUKUNTA
village_593990,593990,PESURUTLAGUDEM
village_593991,593991,THUMMALUR
village_593992,593992,JUTUR
village_593993,593993,CHELIMELLA
village_593994,593994,ISKALA
village_593995,593995,KAMBALAPALLE
village_593996,593996,BHANUMUKKALA
village_593997,593997,PAMULAPADU
village_593998,593998,MITTAKANDALA
village_593999,593999,VANALA
village_594000,594000,MADDUR
village_594001,594001,VEMPENTA
village_594002,594002,NAGALOOTY
village_594003,594003,VEEPANAGANDLA
village_594004,594004,BYRAPURAM
village_594005,594005,THIMMAPURAM
village_594006,594006,CHERAKUCHERLA
village_594007,594007,MIDTHUR
village_594008,594008,KADUMUR
village_594009,594009,MASAPETA
village_594010,594010,BANNUR
village_594011,594011,CHOWTAKUR
village_594012,594012,DEVANUR
village_594013,594013,CHINTALAPALLE
village_594014,594014,JALAKANUR
village_594015,594015,SUNKESULA
village_594016,594016,ROLLAPADU
village_594017,594017,ALAGANUR
village_594018,594018,TALAMUDIPI
village_594019,594019,NANNUR
village_594020,594020,PURICHERLA
village_594021,594021,KETHAVARAM
village_594022,594022,KANNAMADAKALA
village_594023,594023,THIPPAYAPALLE
village_594024,594024,SAKUNALA
village_594025,594025,BRAHMANAPALLE
village_594026,594026,HUSAINAPURAM
village_594027,594027,N.KONTHALAPADU
village_594028,594028,GUTTAPADU
village_594029,594029,ORVAKAL
village_594030,594030,MEEDIVEMULA
village_594031,594031,LODDIPALLE
village_594032,594032,BODDUVANIPALLE
village_594033,594033,UYYALAWADA
village_594034,594034,UPPALAPADU
village_594035,594035,KALVA
village_594036,594036,PALAKOLANU
village_594037,594037,SOMYAJULAPALLE
village_594038,594038,KOMAROLU
village_594039,594039,PULAKURTHY
village_594040,594040,VARKUR
village_594041,594041,MUDUMALAGURTHY
village_594042,594042,KODUMUR
village_594043,594043,PYALAKURTHY
village_594044,594044,AMADAGUNTLA
village_594045,594045,ANUGONDA
village_594046,594046,YERRADODDI
village_594047,594047,GORANTLA
village_594048,594048,LADDAGIRI
village_594049,594049,PEDDA MARRIVEEDU
village_594050,594050,ALWALA
village_594051,594051,PEDDA NELATUR
village_594052,594052,KULUMALA
village_594053,594053,GONEGANDLA
village_594054,594054,GANJIHALLI
village_594055,594055,B AGRAHARAM
village_594056,594056,BYLUPPALA
village_594057,594057,IRANBANDA
village_594058,594058,NERUDUPPALA
village_594059,594059,HANDRI KHAIRAWADI
village_594060,594060,ERRABADU
village_594061,594061,VEMUGODU
village_594062,594062,THIPPANUR
village_594063,594063,LINGAMDINNE
village_594064,594064,KURNUR
village_594065,594065,HANAVALU
village_594066,594066,SANTHEKUDLUR
village_594067,594067,PEDDA HARIVANAM
village_594068,594068,YADAVALLE
village_594069,594069,BALADUR
village_594070,594070,CHINNA GONEHAL
village_594071,594071,CHINNA HARIVANAM
village_594072,594072,MADIRE
village_594073,594073,KADITHOTA
village_594074,594074,G.HOSALLI
village_594075,594075,GANEKAL
village_594076,594076,PANDAVAGALLU
village_594077,594077,KUPPAGAL
village_594078,594078,PEDDA THUMBALAM
village_594079,594079,BILLEKALLU
village_594080,594080,JALIBENCHI
village_594081,594081,DODDANAKERI
village_594082,594082,MANTRIKI
village_594083,594083,DAYYALAGUDDAM
village_594084,594084,SULTHANAPURAM
village_594085,594085,PESALABANDA
village_594086,594086,KAPATI
village_594087,594087,AREKAL
village_594088,594088,CHINNAPENDEKAL
village_594089,594089,SAMBAGALLU
village_594090,594090,BYCHIGERI
village_594091,594091,S.KONDAPURAM
village_594092,594092,NAGANATHANA HALLI
village_594093,594093,NARANAPURAM
village_594094,594094,CHAGI
village_594095,594095,DIBBANAKAL
village_594096,594096,NETTEKAL
village_594097,594097,SALAKALAKONDA
village_594098,594098,BASARAKODU
village_594099,594099,HUVVANUR
village_594100,594100,VIRUPAPURAM
village_594101,594101,MANDAGIRI (RURAL)
village_594102,594102,ISVI (OG)
village_594103,594103,V.KONDAPURAM (OG)
village_594104,594104,BASAPURAM (OG)
village_594105,594105,DHANAPURAM (OG)
village_594106,594106,GONABAVI (OG)
village_594107,594107,GAJJEHALLI
village_594108,594108,VANDAVAGALI
village_594109,594109,INGALADAHAL
village_594110,594110,MADDI LINGADAHALLI
village_594111,594111,PEDDA GONEHAL
village_594112,594112,HEBBATAM
village_594113,594113,LINGADAHALLI
village_594114,594114,NERANIKI
village_594115,594115,YELLARTHY
village_594116,594116,CHINNAHYTA
village_594117,594117,HOLAGUNDA
village_594118,594118,HONNUR
village_594119,594119,NAGARAKANVI
village_594120,594120,MARLAMADIKI
village_594121,594121,MUDDATAMAGI
village_594122,594122,KOGILATHOTA
village_594123,594123,PEDDAHYTA
village_594124,594124,SAMMATHAGIRI
village_594125,594125,MUGUMANGONDI
village_594126,594126,SULUVOY
village_594127,594127,BALLUR
village_594128,594128,SIDDAPURAM
village_594129,594129,AMRUTHAPURAM
village_594130,594130,KURULEHALLI
village_594131,594131,BOLUGOTA
village_594132,594132,VIRUPAPURAM
village_594133,594133,BILEHAL
village_594134,594134,NITRAVATTI
village_594135,594135,GULYAM
village_594136,594136,J.HOSAHALLI
village_594137,594137,BAPURAM
village_594138,594138,PACHARLAPALLI
village_594139,594139,HALAHARVI
village_594140,594140,MACHANUR
village_594141,594141,HARDAGIRI
village_594142,594142,MEDEHAL
village_594143,594143,KAMINAHAL
village_594144,594144,CHINTHAKUNTA
village_594145,594145,MALLIKARJUNA HALLI
village_594146,594146,SIRUGAPURAM
village_594147,594147,KOKKARACHEDU
village_594148,594148,SREEDARAHAL
village_594149,594149,T SAKIBANDA
village_594150,594150,BEVINHAL
village_594151,594151,KURUKUNDA
village_594152,594152,A.GONEHAL
village_594153,594153,KAMMARACHEDU
village_594154,594154,KATRIKI
village_594155,594155,MUSANAHALLI
village_594156,594156,MARAKATTU
village_594157,594157,MANIKURTHI
village_594158,594158,ANGASKAL
village_594159,594159,MUDDANAGIRI
village_594160,594160,KARADIGUDDAM
village_594161,594161,HULEBEEDU
village_594162,594162,THUMBALABEEDU
village_594163,594163,PEDDAHOTTUR
village_594164,594164,ALUR
village_594165,594165,ARIKERA
village_594166,594166,KURUVALLI
village_594167,594167,HATHI BELGAL
village_594168,594168,MOLAGAVALLI
village_594169,594169,MULUGUNDAM
village_594170,594170,D KOTAKONDA
village_594171,594171,KARUMANCHI
village_594172,594172,BANAVANUR
village_594173,594173,KHYRUPPALA
village_594174,594174,MUTHKUR
village_594175,594175,BILLEKALLU
village_594176,594176,YATAKALLU
village_594177,594177,THURVAGAL
village_594178,594178,TANGARADONA
village_594179,594179,HALIGERA
village_594180,594180,BENIGERI
village_594181,594181,NAGARUR
village_594182,594182,CHINNAHOTHUR
village_594183,594183,CHIGELI
village_594184,594184,CHIRAMANDODDI
village_594185,594185,SANKARABANDA
village_594186,594186,CHOKKANAHALLI
village_594187,594187,ASPARI
village_594188,594188,JOHARAPURAM
village_594189,594189,POTLAPADU
village_594190,594190,TERNEKAL
village_594191,594191,PALAKURTHY
village_594192,594192,KAPPATRALLA
village_594193,594193,MACHAPURAM
village_594194,594194,P.KOTAKONDA
village_594195,594195,S.THIMMAPURAM
village_594196,594196,CHELLELICHELIMALA
village_594197,594197,JILLEDUBUDAKALA
village_594198,594198,KARIVEMULA
village_594199,594199,KUNKANUR
village_594200,594200,DEVANAKONDA
village_594201,594201,VELAMAKURU
village_594202,594202,NALLACHELIMAL
village_594203,594203,GUNDLAKONDA
village_594204,594204,AGAVELI
village_594205,594205,POTHUGAL
village_594206,594206,MANNEGUNTA
village_594207,594207,SHOTRIUM YERRAGUDI
village_594208,594208,TALLAGOKULAPADU
village_594209,594209,THOGARCHEDU
village_594210,594210,KRISHNAGIRI
village_594211,594211,YERUKALACHERUVU
village_594212,594212,CHUNCHU YERRAGUDI
village_594213,594213,LAKKASAGARAM
village_594214,594214,ALAMKONDA
village_594215,594215,KATARIKONDA
village_594216,594216,CHITYALA
village_594217,594217,KAMBALAPADU
village_594218,594218,AMAKATHADU
village_594219,594219,NARLAPURAM
village_594220,594220,MALLEPALLE
village_594221,594221,RAMALLAKOTA
village_594222,594222,PULLAGUMMI
village_594223,594223,KALUGOTLA
village_594224,594224,BUKKAPURAM
village_594225,594225,SARPARAJAPURAM
village_594226,594226,NARASAPURAM
village_594227,594227,SHO.BOYANAPALLE
village_594228,594228,VELDURTHI
village_594229,594229,CHERUKULAPADU
village_594230,594230,SUDEPALLE
village_594231,594231,BHOGOLU
village_594232,594232,SHO.PEREMULA
village_594233,594233,GOVARDHANAGIRI
village_594234,594234,LAXMINAGARAM
village_594235,594235,PENDAKAL
village_594236,594236,MUDDAVARAM
village_594237,594237,EMBOY
village_594238,594238,KOLUMULAPALLE
village_594239,594239,BUGGANIPALLE
village_594240,594240,GUTUPALLE
village_594241,594241,KOTHAPALLE
village_594242,594242,RANGAPURAM
village_594243,594243,AMBAPURAM
village_594244,594244,GOLLAGUTTA
village_594245,594245,BETHAMCHERLA (CT)
village_594246,594246,PINNAPURAM
village_594247,594247,GORUKALLU
village_594248,594248,KONDAJUTUR
village_594249,594249,CHILAKALA
village_594250,594250,BALAPANUR
village_594251,594251,KOWLUR
village_594252,594252,NERAWADA
village_594253,594253,PANYAM
village_594254,594254,THAMMARAJUPALLE
village_594255,594255,KONIDEDU
village_594256,594256,BHUPANAPADU
village_594257,594257,ALAMUR
village_594258,594258,GONAVARAM
village_594259,594259,S KOTHURU
village_594260,594260,GAGGATUR
village_594261,594261,ANUPUR
village_594262,594262,MADDUR
village_594263,594263,THOGARCHEDU
village_594264,594264,GANI
village_594265,594265,CHENNAKKAPALLE
village_594266,594266,MANCHALAKATTA
village_594267,594267,GADIVEMULA
village_594268,594268,KORRAPOLUR
village_594269,594269,BILAKALA GUDUR
village_594270,594270,BUJANUR
village_594271,594271,PESARAVAYI
village_594272,594272,CHINDUKURU
village_594273,594273,GADIGAREVULA
village_594274,594274,THIRUPADU
village_594275,594275,KORATAMADDI
village_594276,594276,DURVESI
village_594277,594277,KARIMADDALA
village_594278,594278,REGADIGUDUR
village_594279,594279,VELPANUR
village_594280,594280,MOTHUKUR
village_594281,594281,ABDULLAPURAM
village_594282,594282,GUNTHAKANDALA
village_594283,594283,VELGODE
village_594284,594284,BOYAREVULA
village_594285,594285,KUNTA
village_594286,594286,BHOJANAM
village_594287,594287,PARAMATUR
village_594288,594288,SANTHAJUTUR
village_594289,594289,PEDDA DEVALAPURAM
village_594290,594290,NARAYANAPURAM
village_594291,594291,GALI CHENNAIAH PALEM
village_594292,594292,RAMAPURAM
village_594293,594293,BANDI ATMAKUR
village_594294,594294,YERRAGUNTLA
village_594295,594295,KAKANUR
village_594296,594296,PARNAPALLE
village_594297,594297,ERNAPADU
village_594298,594298,AYYAVARI KODUR
village_594299,594299,BAYYAPU KODUR
village_594300,594300,KADAMALAKALVA
village_594301,594301,POLUR
village_594302,594302,RAYAMALPURAM
village_594303,594303,MUNAGALA
village_594304,594304,PULIMADDI
village_594305,594305,BHEEMAVARAM
village_594306,594306,KOTHAPALLI
village_594307,594307,BILLALAPURAM
village_594308,594308,KOTTALA
village_594309,594309,UDUMALPURAM (R) (PART)
village_594310,594310,CHAPIREVULA
village_594311,594311,PUSULUR
village_594312,594312,BRAHMANAPALLE
village_594313,594313,MITNALA
village_594314,594314,KANALA
village_594315,594315,CHABOLU
village_594316,594316,GUNTHANALA
village_594317,594317,AYYALUR (PART)
village_594318,594318,MOOLASAGARAM (R) (OG)
village_594319,594319,NOONEPALLE (R) (OG)
village_594320,594320,BOLLAVARAM
village_594321,594321,BUKKAPURAM
village_594322,594322,THIMMAPURAM
village_594323,594323,THAMMADAPALLE
village_594324,594324,NANDIPALLE
village_594325,594325,MASEEDUPURAM
village_594326,594326,GOPAVARAM
village_594327,594327,GAJULAPALLE
village_594328,594328,BASAVAPURAM
village_594329,594329,GOVINDPALLE
village_594330,594330,CHENNUR
village_594331,594331,GANGAVARAM
village_594332,594332,BOYALAKUNTLA
village_594333,594333,MAHADEVAPURAM
village_594334,594334,SIRVEL
village_594335,594335,KAMINENIPALLE
village_594336,594336,KOTAPADU
village_594337,594337,VANIKEMDINNE
village_594338,594338,JEENEPALLE
village_594339,594339,GUMPARAMANDINNE
village_594340,594340,YERRAGUNDLA
village_594341,594341,PASURAPADU
village_594342,594342,JULEPALLE
village_594343,594343,M.CHINTAKUNTA
village_594344,594344,S.NAGULAVARAM
village_594345,594345,SAMBAVARAM
village_594346,594346,DEEBAGUNTLA
village_594347,594347,KANALAPALLE
village_594348,594348,JILLELA
village_594349,594349,GOSPADU
village_594350,594350,TELLAPURI
village_594351,594351,RAYAPADU
village_594352,594352,S.KULURU
village_594353,594353,VANTIVELAGALA
village_594354,594354,M.KRISHNAPURAM
village_594355,594355,YALLURU
village_594356,594356,KATIKAVANIKUNTA
village_594357,594357,YERRAGUDI
village_594358,594358,HUSSAINAPURAM
village_594359,594359,SALAMABAD
village_594360,594360,CHERUPALLE
village_594361,594361,PALUKUR
village_594362,594362,RAMATHEERTHAM
village_594363,594363,BEERAVOLU
village_594364,594364,NANDIVARGAM
village_594365,594365,JILLELLA
village_594366,594366,THIMMAPURAM
village_594367,594367,NANDAVARAM
village_594368,594368,VENKATAPURAM
village_594369,594369,ENAKANDLA
village_594370,594370,MEERAPURAM
village_594371,594371,GULAMALIABAD
village_594372,594372,PASUPULA
village_594373,594373,KRISHNAGIRI
village_594374,594374,CHERLOKOTHURU
village_594375,594375,JWALAPURAM
village_594376,594376,PATHAPADU
village_594377,594377,YAGANTIPALLE
village_594378,594378,BATHULURUPADU
village_594379,594379,PANDLAPURAM
village_594380,594380,SANKALAPURAM
village_594381,594381,VITTALAPURAM
village_594382,594382,TANGUTOOR
village_594383,594383,APPALAPURAM
village_594384,594384,KYAPA
village_594385,594385,KAPULAPALLE
village_594386,594386,MITTAPALLE
village_594387,594387,RALLAKOTHURU
village_594388,594388,THAMMADAPALLE
village_594389,594389,JAMBULADINNE
village_594390,594390,NILUVUGONDLA
village_594391,594391,ILLURUKOTHAPALLE
village_594392,594392,GULAM NABIPETA
village_594393,594393,BANAGANAPALLE (CT)
village_594394,594394,BANUMUKKALA (CT)
village_594395,594395,YAPADINNE
village_594396,594396,EDDUPENTA
village_594397,594397,CHANUGONDLA
village_594398,594398,SHOTRIUM GUNDALA
village_594399,594399,KOTHA BURUJU
village_594400,594400,KOTHAKOTA
village_594401,594401,DEVARABANDA
village_594402,594402,KOCHERUVU
village_594403,594403,UNGARANIGUNDLA
village_594404,594404,DHONE
village_594405,594405,VENKATAPURAM
village_594406,594406,JAGADURTHI
village_594407,594407,UDUMULAPADU
village_594408,594408,KAMAGANIKUNTLA
village_594409,594409,SHOTRIUM VALASALA
village_594410,594410,CHINNA MALKAPURAM
village_594411,594411,NALAKADODDI
village_594412,594412,JUTUR
village_594413,594413,DEVANABANDA
village_594414,594414,CHINNA HULTHI
village_594415,594415,PEDDA HULTHI
village_594416,594416,HOSUR
village_594417,594417,PUTCHAKAYALAMADA
village_594418,594418,PATTIKONDA
village_594419,594419,DUDEKONDA
village_594420,594420,PANDIKONA
village_594421,594421,CHAKKARALLA
village_594422,594422,RAMADURGAM
village_594423,594423,THIMMAPURAM
village_594424,594424,NAGARADONA
village_594425,594425,NEMAKAL
village_594426,594426,NANCHARLA
village_594427,594427,DOULATHAPURAM
village_594428,594428,CHIPPAGIRI
village_594429,594429,KUNDANAGURTHI
village_594430,594430,DEGALAHAL
village_594431,594431,BELDONA
village_594432,594432,YERUR
village_594433,594433,GUMMANUR
village_594434,594434,KHAJIPURAM
village_594435,594435,BANTANAHAL
village_594436,594436,MADDIKERA (WEST)
village_594437,594437,MADDIKERA (NORTH)
village_594438,594438,BURUJULA
village_594439,594439,PERAVALI
village_594440,594440,MADDIKERA AGRAHARAM
village_594441,594441,MADDIKERA (EAST)
village_594442,594442,YEDAVALI
village_594443,594443,HAMPA
village_594444,594444,RATANA
village_594445,594445,TUGGALI
village_594446,594446,EDDULADODDI
village_594447,594447,PENDIKALLU
village_594448,594448,MUKKELLA
village_594449,594449,BONDIMADUGULA
village_594450,594450,LINGANENIDODDI
village_594451,594451,CHENNAMPALLE
village_594452,594452,PAGIDIROY
village_594453,594453,JONNAGIRI
village_594454,594454,GOOTY ERRAGUDI
village_594455,594455,KANDAMAKUNTLA
village_594456,594456,PEDDAPODILLA
village_594457,594457,SHROTRIUM RANGAPURAM
village_594458,594458,KALACHETLA
village_594459,594459,SHROTRIUM RAYAMPETA
village_594460,594460,SHROTRIUM NALLABALLE
village_594461,594461,POTHIDODDI
village_594462,594462,PEAPALLY
village_594463,594463,VENGALAMPALLE
village_594464,594464,METTUPALLE
village_594465,594465,JALADURGAM
village_594466,594466,MADHAVARAM
village_594467,594467,MUNIMADUGU
village_594468,594468,RACHERLA
village_594469,594469,NEREDUCHERLA
village_594470,594470,KOMMEMARRI
village_594471,594471,CHANDRAPALLE
village_594472,594472,GUDIPADU
village_594473,594473,JAKKASANIKUNTLA
village_594474,594474,BURUGULA
village_594475,594475,VAJRAGIRI
village_594476,594476,RAMAVARAM
village_594477,594477,METTUPALLE
village_594478,594478,GUNDLA SINGAVARAM
village_594479,594479,ANNAVARAM
village_594480,594480,VEMULAPADU
village_594481,594481,SIVAVARAM
village_594482,594482,CHENNAMPALLE
village_594483,594483,NICHENAMETLA
village_594484,594484,OWK
village_594485,594485,KUNUKUNTLA
village_594486,594486,UPPALAPADU
village_594487,594487,JUNUTHALA
village_594488,594488,CHERLAPALLE
village_594489,594489,SINGANAPALLE
village_594490,594490,SANGAPATNAM
village_594491,594491,CHANUGONDLA
village_594492,594492,SUNKESULA
village_594493,594493,RAMAPURAM (CT)
village_594494,594494,PEDDA KOPPERLA
village_594495,594495,CHINNA KOPPERLA
village_594496,594496,VALLAMPADU
village_594497,594497,LINGALA
village_594498,594498,REVANUR
village_594499,594499,MOGALAI UPPALUR
village_594500,594500,KALUGOTLA
village_594501,594501,JOLADARASI
village_594502,594502,VELAGATUR
village_594503,594503,BIJINAVEMULA
village_594504,594504,AMADALA
village_594505,594505,SOULDERDINNE
village_594506,594506,CHINTAKUNTA
village_594507,594507,KOILKUNTLA
village_594508,594508,GULLADURTHI
village_594509,594509,POTTIPADU
village_594510,594510,BHEEMUNIPADU
village_594511,594511,KAMPAMALLA
village_594512,594512,BEERAVOLU
village_594513,594513,KOTAKONDA
village_594514,594514,SREERANGAPURAM
village_594515,594515,YELLAVATHULA
village_594516,594516,CHINNA KAMBALOOR
village_594517,594517,PEDDA KAMBALOOR
village_594518,594518,VELAGALAPALLE
village_594519,594519,PERUR
village_594520,594520,ERRAGUDIDINNE
village_594521,594521,KONDAMAYAPALLE
village_594522,594522,RUDRAVARAM
village_594523,594523,R.NAGULAVARAM
village_594524,594524,CHANDALUR
village_594525,594525,CHILAKALOOR
village_594526,594526,MANDALOOR
village_594527,594527,MUTHALOOR
village_594528,594528,NARASAPURAM
village_594529,594529,ALAMUR
village_594530,594530,T.LINGAMDINNE
village_594531,594531,BATHALUR
village_594532,594532,NALLAGATLA
village_594533,594533,GOPALAPURAM
village_594534,594534,G.JAMBULADINNE
village_594535,594535,GUBAGUNDAM
village_594536,594536,DEVARAYAPURAM
village_594537,594537,PEDDACHINTAKUNTA
village_594538,594538,PADAKANDLA
village_594539,594539,OBULAMPALLE
village_594540,594540,YADAWADA
village_594541,594541,PALASAGARAM
village_594542,594542,ALLAGADDA
village_594543,594543,S.LINGAMDINNE
village_594544,594544,PATHA KANDUKUR
village_594545,594545,CHINTA KOMMADINNE
village_594546,594546,KOTHA KANDUKUR
village_594547,594547,R.KRISHNAPURAM
village_594548,594548,MITTALAPALLE
village_594549,594549,AHOBILAM
village_594550,594550,BACHEPALLE
village_594551,594551,GUNDUPAPALA
village_594552,594552,W.GOVINDINNE
village_594553,594553,CHAKARAJUVEMULA
village_594554,594554,BURRAREDDIPALLE
village_594555,594555,ARJUNAPURAM
village_594556,594556,KONDAPURAM
village_594557,594557,DORNIPADU
village_594558,594558,KRISTIPADU
village_594559,594559,RAMACHANDRAPURAM
village_594560,594560,HOTHRAMANDINNE
village_594561,594561,NATLA KOTHUR
village_594562,594562,KAMALAPURI
village_594563,594563,BONDALADINNE
village_594564,594564,VASANTHAPURAM
village_594565,594565,AKUMALLA
village_594566,594566,MUKKAMALLA
village_594567,594567,MUDIGEDU
village_594568,594568,EGGONI
village_594569,594569,SANJAMALA
village_594570,594570,MUCHALAPURI
village_594571,594571,KANALA
village_594572,594572,MANGAPALLE
village_594573,594573,ALVAKONDA
village_594574,594574,S DATTAPURAM
village_594575,594575,PERUSOMALA
village_594576,594576,GIDDALUR
village_594577,594577,RAMABHADRUNIPALLE
village_594578,594578,MIKKINENIPALLE
village_594579,594579,R LINGAM DINNE
village_594580,594580,NOSSAM
village_594581,594581,PETNIKOTA
village_594582,594582,KOLIMIGUNDLA
village_594583,594583,BELUM
village_594584,594584,BELUMSINGAVARAM
village_594585,594585,MIRJAPURAM
village_594586,594586,KOTAPADU
village_594587,594587,NANDIPADU
village_594588,594588,ITIKALA
village_594589,594589,CHINTALAYAPALLE
village_594590,594590,ABDULLAPURAM
village_594591,594591,KORUMANIPALLE
village_594592,594592,THOLLAMADUGU
village_594593,594593,SHOTRIUM CHENNAMPALLE
village_594594,594594,THIMMANAYUNIPETA
village_594595,594595,BOYALA TADIPATRI
village_594596,594596,BOYALA UPPALUR
village_594597,594597,HANUMANTHAGUNDAM
village_594598,594598,PEDDAVENTHURLA
village_594599,594599,ERRAGUDI
village_594600,594600,KALVATALA
village_594601,594601,THUMMALAPENTA
village_594602,594602,HARIVARAM
village_594603,594603,R.PAPAMPALLE
village_594604,594604,PADIGEPAD
village_594605,594605,SUDDAMALLA
village_594606,594606,NARSEPALLE
village_594607,594607,S.KOTHAPALLE
village_594608,594608,ALLUR
village_594609,594609,THUDUMULADINNE
village_594610,594610,GOVINDAPALLE
village_594611,594611,MAYALUR
village_594612,594612,RUPAMAGUDI
village_594613,594613,UYYALAWADA
village_594614,594614,INJEDU
village_594615,594615,KONDUPALLE
village_594616,594616,SARVAIPALLE
village_594617,594617,PEDDA EMMANUR
village_594618,594618,BODEMMANUR
village_594619,594619,KAKARAWADA
village_594620,594620,R JAMBULADINNE
village_594621,594621,VENGAMPALLE
village_594622,594622,CHINNA BODHANAM
village_594623,594623,RAMPALLE
village_594624,594624,PEDDA BODHANAM
village_594625,594625,THODENDLAPALLE
village_594626,594626,MUTHYALAPADU
village_594627,594627,D VANIPENTA
village_594628,594628,GODIGANURU
village_594629,594629,MADDURU
village_594630,594630,NELAMPADU
village_594631,594631,BRAHMANAPALLE
village_594632,594632,KALUGOTLAPALLE
village_594633,594633,GOTLUR
village_594634,594634,RAJOLE
village_594635,594635,MALLAVEMULA
village_594636,594636,CHAGALAMARRI
village_594637,594637,SETTIVEEDU
village_594638,594638,CHINTALA CHERUVU
village_594639,594639,PEDDA VANGALI
village_594640,594640,CHINNA VANGALI
village_594641,594641,MALAPANAGUDI
village_594642,594642,H.SIDDAPURAM
village_594643,594643,OBULAPURAM
village_594644,594644,D.HIREHAL
village_594645,594645,H.HOSSAHALLI
village_594646,594646,LAKSHMIPURAM
village_594647,594647,MADENAHALLI
village_594648,594648,LINGAMANAHALLI
village_594649,594649,JAJARAKAL
village_594650,594650,HIRDEHAL
village_594651,594651,PULAKURTHI
village_594652,594652,NAGALAPURAM
village_594653,594653,SOMALAPURAM
village_594654,594654,KUDULUR
village_594655,594655,DODAGATTA
village_594656,594656,KADALUR
village_594657,594657,HULIKAL
village_594658,594658,MURADI
village_594659,594659,MECHIRI
village_594660,594660,MALLAPURAM
village_594661,594661,CHADAM
village_594662,594662,BONDANKAL
village_594663,594663,GRAMADATLA
village_594664,594664,D.KONDAPURAM
village_594665,594665,VADRAHONNUR
village_594666,594666,KONTANAPALLI
village_594667,594667,UDEGOLAM
village_594668,594668,BAGINAYAKANA HALLI
village_594669,594669,AVULADATLA
village_594670,594670,NAGIREDDIPALLE
village_594671,594671,VEPARALLA
village_594672,594672,JUNJURAMPALLE
village_594673,594673,GANIGERA
village_594674,594674,YERRAGUNTA
village_594675,594675,HULIKERA
village_594676,594676,BENNIKAL
village_594677,594677,RATCHUMARRI
village_594678,594678,KANEKAL
village_594679,594679,UDEGOLAM
village_594680,594680,BRAHMASAMUDRAM
village_594681,594681,BIDURUKONTHAM
village_594682,594682,MEENAHALLI
village_594683,594683,GARUDACHEDU
village_594684,594684,THUMBIGANUR
village_594685,594685,N.HANUMAPURAM
village_594686,594686,SOLLAPURAM
village_594687,594687,MALYAM
village_594688,594688,KALEKURTHI
village_594689,594689,HANAKANAHAL
village_594690,594690,NEMAKALLU
village_594691,594691,UNTAKAL
village_594692,594692,BOMMANAHAL
village_594693,594693,KURUVALLI
village_594694,594694,SIDDARAMPURAM
village_594695,594695,HARESAMUDRAM
village_594696,594696,BOLLANAGUDDAM
village_594697,594697,KALLUDEVANAHALLI
village_594698,594698,BANDUR
village_594699,594699,UDDEHAL
village_594700,594700,KOLAGANAHALLI
village_594701,594701,ELANJI
village_594702,594702,SREEDHARAGHATTU
village_594703,594703,SINGANAHALLI
village_594704,594704,GOVINDAWADA
village_594705,594705,D.HONNUR
village_594706,594706,DONEKAL
village_594707,594707,KADADARABENCHI
village_594708,594708,GADEKAL
village_594709,594709,HANCHANAHAL
village_594710,594710,POLIKI
village_594711,594711,N.THIMMAPURAM
village_594712,594712,VELPUMADUGU
village_594713,594713,VIDAPANAKAL
village_594714,594714,MALAPURAM
village_594715,594715,KARAKAMUKKALA
village_594716,594716,HAVALIGI
village_594717,594717,PALTHUR
village_594718,594718,CHEEKALAGURIKI
village_594719,594719,UNDABANDA
village_594720,594720,KASAPURAM
village_594721,594721,SANGALA
village_594722,594722,DOSALUDIKI
village_594723,594723,GUNDALA
village_594724,594724,AMEENPALLE
village_594725,594725,KONGANAPALLE
village_594726,594726,SANKARABANDA
village_594727,594727,OBULAPURAM
village_594728,594728,YERRATHIMMARAYACHERVU
village_594729,594729,PATHA KOTHACHERVU
village_594730,594730,NAKKANADODDI
village_594731,594731,THIMMAPURAM
village_594732,594732,GUNTAKAL (R)
village_594733,594733,DONIMUKKALA
village_594734,594734,NELAGONDA
village_594735,594735,DANCHERLA
village_594736,594736,NAGASAMUDRAM
village_594737,594737,AYYAVARIPALLE
village_594738,594738,BETHAPALLE
village_594739,594739,UTAKALLU
village_594740,594740,UBICHERLA
village_594741,594741,KARADIKONDA
village_594742,594742,DHARMAPURAM
village_594743,594743,BASINEPALLE
village_594744,594744,KOJJEPALLE
village_594745,594745,RAJAPURAM
village_594746,594746,MARNEPALLE
village_594747,594747,PEDDODDI
village_594748,594748,BRAHMANAPALLE
village_594749,594749,ESWARAPALLE
village_594750,594750,MAMADUR
village_594751,594751,ERRAGUDI
village_594752,594752,ANIGANIDODDI
village_594753,594753,ABBEDODDI
village_594754,594754,TURAKAPALLE
village_594755,594755,GOOTY (RURAL)
village_594756,594756,KOTHAPETA
village_594757,594757,ENGILIBANDA
village_594758,594758,THONDAPADU
village_594759,594759,JAKKALACHERUVU
village_594760,594760,GOOTY (CT)
village_594761,594761,GOOTY ANANTA PURAM
village_594762,594762,VIRUPAPURAM
village_594763,594763,G. VENKATAMPALLE
village_594764,594764,APPECHERLA
village_594765,594765,KRISTIPADU
village_594766,594766,MUPPALAGUTTI
village_594767,594767,MALLENIPALLE
village_594768,594768,AVULAMPALLE
village_594769,594769,MIDUTHURU
village_594770,594770,PEDDAVADUGUR
village_594771,594771,MEDIMAKULAPALLE
village_594772,594772,RAVULUDIKI
village_594773,594773,KONAPURAM
village_594774,594774,CHINTACHERUVU
village_594775,594775,TELIKI
village_594776,594776,CHINNAVADUGUR
village_594777,594777,PENAKALAPADU
village_594778,594778,KONDURU
village_594779,594779,NAGALAPURAM
village_594780,594780,DIMMAGUDI
village_594781,594781,CHITTURU
village_594782,594782,KANDLAGUDURU
village_594783,594783,CHITRACHEDU
village_594784,594784,MOLAKATHALLA
village_594785,594785,CHANDANA
village_594786,594786,RAYALACHERUVU
village_594787,594787,TUTRALLAPALLE
village_594788,594788,NAGARUR
village_594789,594789,PUPPALA
village_594790,594790,THIMMAPURAM
village_594791,594791,VEMULAPADU
village_594792,594792,YADIKI
village_594793,594793,OBULAPURAM
village_594794,594794,KONUPPALAPADU
village_594795,594795,KUNDANAKOTA
village_594796,594796,GUDIPADU
village_594797,594797,KAMALAPADU
village_594798,594798,NITTOOR
village_594799,594799,BRAHMANAPALLE
village_594800,594800,VENKATAMPALLE
village_594801,594801,BHOGASAMUDRAM
village_594802,594802,TALARICHERUVU
village_594803,594803,URUCHINTHALA
village_594804,594804,VELAMAKUR
village_594805,594805,ALUR
village_594806,594806,SAJJALADINNE
village_594807,594807,KAVERISAMUDRAM
village_594808,594808,CHUKKALUR
village_594809,594809,PULIPRODDATUR
village_594810,594810,GANGADEVIPALLE
village_594811,594811,IGUDUR
village_594812,594812,SEETHARAMPURAM
village_594813,594813,KOMALI
village_594814,594814,PEDDAPOLAMADA
village_594815,594815,CHINNAPOLAMADA
village_594816,594816,NANDALAPADU (R)
village_594817,594817,DIGUVAPALLE
village_594818,594818,TADPATRI (R)
village_594819,594819,CHALLAVARIPALLE
village_594820,594820,JAMBULAPADU
village_594821,594821,HUSENAPURAM
village_594822,594822,VEERAPURAM
village_594823,594823,BODAIPALLE
village_594824,594824,VANGANUR
village_594825,594825,BONDALADINNE
village_594826,594826,DEVANUPPALAPADU
village_594827,594827,CHINNAYAKKALURU
village_594828,594828,PEDDAYAKKALURU
village_594829,594829,GARLADINNE
village_594830,594830,PASALUR
village_594831,594831,ATHIRALLADINNE
village_594832,594832,PENDEKALLU
village_594833,594833,KUMMETHA
village_594834,594834,NARASAPURAM
village_594835,594835,JODIDHARMAPURAM
village_594836,594836,JUTUR
village_594837,594837,DHARMAPURAM
village_594838,594838,PEDDAPAPPUR
village_594839,594839,CHAGALLU
village_594840,594840,TABJULA
village_594841,594841,MUCHUKOTA
village_594842,594842,AMALLADINNE
village_594843,594843,ANUMPALLE
village_594844,594844,KHADARPETA
village_594845,594845,DEVARAPALLE
village_594846,594846,GULIMIKONDLA @ G.KOTTALA
village_594847,594847,AKKAJAMPALLE
village_594848,594848,EDURUR
village_594849,594849,RAMARAJUPALLE
village_594850,594850,GAJARAMPALLE
village_594851,594851,POGARUR
village_594852,594852,THAMBALLAPALLE
village_594853,594853,NEELUR
village_594854,594854,KALAPURAM
village_594855,594855,NEMALLAPALLE
village_594856,594856,SORAKAYALAPETA
village_594857,594857,EDDULAPALLE
village_594858,594858,RAMAGIRI
village_594859,594859,PALYAM
village_594860,594860,KATRIMALA
village_594861,594861,APPAJIPETA
village_594862,594862,KANDLAPALLE
village_594863,594863,VANKARAJUKALVA
village_594864,594864,PAMIDI
village_594865,594865,KONAKONDLA
village_594866,594866,GULAPALEM
village_594867,594867,KAMALAPADU
village_594868,594868,VAJRAKARUR
village_594869,594869,GANJIKUNTA
village_594870,594870,POTTIPADU
village_594871,594871,GADE HOTHUR
village_594872,594872,CHABALA
village_594873,594873,CHINNA HOTHUR
village_594874,594874,PEDDA CHINNAPYAPILI
village_594875,594875,PATHA KADAMALAKUNTA
village_594876,594876,RAGULAPADU
village_594877,594877,THATRAKAL
village_594878,594878,PANDIKUNTA
village_594879,594879,VENKATAMPALLE
village_594880,594880,JARUTLA RAMPURAM
village_594881,594881,NERIMETLA
village_594882,594882,RAYAMPALLE
village_594883,594883,RENIMAKULAPALLE
village_594884,594884,BUDAGAVI
village_594885,594885,VELIGONDA
village_594886,594886,LATHAVARAM
village_594887,594887,SHAIKSANIPALLE
village_594888,594888,RACHARLA
village_594889,594889,PENNAHOBILAM
village_594890,594890,KONDAPURAM
village_594891,594891,CHINNA MUSTURU
village_594892,594892,PEDDA MUSTURU
village_594893,594893,MOPIDI
village_594894,594894,INDRAVATHI
village_594895,594895,NIMBAGAL
village_594896,594896,VYASAPURAM
village_594897,594897,AMIDALA
village_594898,594898,RAKETLA
village_594899,594899,PEDDAKOWKUNTLA
village_594900,594900,Y.RAMPURAM
village_594901,594901,MYLARAMPALLE
village_594902,594902,URAVAKONDA (CT)
village_594903,594903,SREERANGAPURAM
village_594904,594904,NARINJAGUNDLAPALLE
village_594905,594905,BELUGUPPA
village_594906,594906,THAGGUPARTHY
village_594907,594907,BUDIGUMMA
village_594908,594908,ANKAMPALLE
village_594909,594909,YERRAGUDI
village_594910,594910,AVULENNA
village_594911,594911,NARASAPURAM
village_594912,594912,SEERPI
village_594913,594913,DUDDEKUNTA
village_594914,594914,KONAMPALLE
village_594915,594915,GANGAVARAM
village_594916,594916,KALVAPALLE
village_594917,594917,GALAGALA
village_594918,594918,GOLLAPALLE
village_594919,594919,VEERAPURAM
village_594920,594920,BELODU
village_594921,594921,S.HOSAHALLI
village_594922,594922,BHUPASAMUDRAM
village_594923,594923,KALUGODU
village_594924,594924,PULAKUNTA
village_594925,594925,RANGASAMUDRAM
village_594926,594926,TALLAKERA
village_594927,594927,GUMMAGATTA
village_594928,594928,GUNDIGANIHALLI
village_594929,594929,BHYRAVANITHIPPA
village_594930,594930,WEST KODIPALLE
village_594931,594931,ERADIKERA
village_594932,594932,VEPALAPARTHY
village_594933,594933,CHELIMENAHALLI
village_594934,594934,BRAHMASAMUDRAM
village_594935,594935,YERRAKONDAPURAM
village_594936,594936,BHAIRASAMUDRAM
village_594937,594937,KANNEPALLE
village_594938,594938,THEETAKAL
village_594939,594939,PILLALAPALLE
village_594940,594940,SANTHEKONDAPURAM
village_594941,594941,HULIKAL
village_594942,594942,CHAPIRI
village_594943,594943,KALYANDURG (RURAL)
village_594944,594944,GARUDAPURAM
village_594945,594945,KURUBARAHALLI
village_594946,594946,BEDRAHALLI
village_594947,594947,DURADAKUNTA
village_594948,594948,PALAVOY
village_594949,594949,MUDIGAL
village_594950,594950,GOLLA
village_594951,594951,EAST KODIPALLE
village_594952,594952,VARLI
village_594953,594953,MUDDINAYANAPALLE
village_594954,594954,MANIREVU
village_594955,594955,THIMMASAMUDRAM
village_594956,594956,KALYANDURG (CT)
village_594957,594957,PADAMATIYALERU
village_594958,594958,TALUPURU
village_594959,594959,MADIGUBBA
village_594960,594960,ATMAKUR
village_594961,594961,GORIDINDLA
village_594962,594962,SANAPA
village_594963,594963,BRAHMANA YALERU
village_594964,594964,THOPUDURTHI
village_594965,594965,UDIRIPIKONDA
village_594966,594966,MARUTLA
village_594967,594967,KALAGALLA
village_594968,594968,IPPERU
village_594969,594969,CHOLASAMUDRAM
village_594970,594970,KORRAKODU
village_594971,594971,JAYAPURAM
village_594972,594972,MAVINAMARDHANAHALLI
village_594973,594973,THIMMAPURAM
village_594974,594974,KUDAIR
village_594975,594975,KAMURU
village_594976,594976,GOTUKUR
village_594977,594977,BRAHMANAPALLE
village_594978,594978,PENAKACHERLA
village_594979,594979,KOPPALAKONDA
village_594980,594980,KESAVAPURAM
village_594981,594981,MUNTIMADUGU
village_594982,594982,KALLURU AGRAHARAM
village_594983,594983,KALLURU
village_594984,594984,ILLURU
village_594985,594985,KANAMPALLE
village_594986,594986,ANKAMPETA
village_594987,594987,SIRIVARAM
village_594988,594988,KRISHNAPURAM
village_594989,594989,YERRAGUNTLA
village_594990,594990,KOTANKA
village_594991,594991,MARTHADU
village_594992,594992,BUDEDU
village_594993,594993,GARLADINNE
village_594994,594994,OBULAPURAM
village_594995,594995,JAMBULADINNE
village_594996,594996,KALLUMADI
village_594997,594997,TARIMELA
village_594998,594998,NIDHANAWADA
village_594999,594999,ANANDARAOPETA
village_595000,595000,RACHEPALLE
village_595001,595001,ULLIKALLU
village_595002,595002,KORIVIPALLE
village_595003,595003,JOOLAKALVA
village_595004,595004,CHEELAPALLE
village_595005,595005,SALAKAMCHERUVU
village_595006,595006,BUDDEPALLE
village_595007,595007,NARSAPURAM
village_595008,595008,PEDDAJALALPURAM
village_595009,595009,CHENNAVARAM
village_595010,595010,LOLUR
village_595011,595011,AKULEDU
village_595012,595012,KARNATAKAMPALLE
village_595013,595013,CHAKRAYAPETA
village_595014,595014,SINGANAMALA
village_595015,595015,MATLAGONDI
village_595016,595016,SODANAPALLE
village_595017,595017,PERAVALI
village_595018,595018,ARAKATIVEMULA
village_595019,595019,SUREPALLI
village_595020,595020,CHINTAKUNTA
village_595021,595021,KANDIKAPULA
village_595022,595022,PUTLUR
village_595023,595023,GANDLAPADU
village_595024,595024,SANAGALAGUDURU
village_595025,595025,KOMATIKUNTLA
village_595026,595026,CHERLOPALLI
village_595027,595027,KADAVAKALLU
village_595028,595028,DOSALEDU
village_595029,595029,MADUGUPALLE
village_595030,595030,ELLUTLA
village_595031,595031,KUMMANAMALA
village_595032,595032,CHALAVEMULA
village_595033,595033,CHINNAMALLEPALLE
village_595034,595034,CHINTALAPALLE
village_595035,595035,VEMULAPALLE
village_595036,595036,MEDUKURTHY
village_595037,595037,NITTURU
village_595038,595038,PEDDAMALLEPALLE
village_595039,595039,THIRUMALAPURAM
village_595040,595040,YELLANUR
village_595041,595041,KACHARLAKUNTA
village_595042,595042,PATHAPALLE
village_595043,595043,VENNAPURAPALLE
village_595044,595044,KODUMURTHY
village_595045,595045,CHILAMAKURU
village_595046,595046,BOPPEPALLE
village_595047,595047,BUKKAPURAM
village_595048,595048,ARAVEDU
village_595049,595049,MALLAGUNDLA
village_595050,595050,Y.CHINTAKAYAMANDA
village_595051,595051,GODDUMARRI
village_595052,595052,SINGAVARAM
village_595053,595053,KALLURU
village_595054,595054,CHAMALURU
village_595055,595055,NADIMIDODDI
village_595056,595056,VENKATAMPALLE
village_595057,595057,NARPALA
village_595058,595058,DUGGUMARRI
village_595059,595059,BONDALAWADA
village_595060,595060,SIDDARACHERLA
village_595061,595061,DURGAM
village_595062,595062,BANDLAPALLE
village_595063,595063,B.PAPPURU
village_595064,595064,GUGUDU
village_595065,595065,HAVELI SODANAPALLE
village_595066,595066,PODARALLA
village_595067,595067,JANTHULUR
village_595068,595068,CHEDULLA
village_595069,595069,KORRAPADU
village_595070,595070,CHENNAMPALLE
village_595071,595071,BODIGANIDODDI
village_595072,595072,CHENNARAYUNIPALLE
village_595073,595073,SIDDAMPETA
village_595074,595074,GOVINDAPALLE
village_595075,595075,BUKKARAYASAMUDRAM
village_595076,595076,REDDIPALLE
village_595077,595077,SIDDARAMPURAM
village_595078,595078,DANDUVARIPALLE
village_595079,595079,KONDAKINDA AGRAHARAM
village_595080,595080,KODIMI
village_595081,595081,THATICHERLA
village_595082,595082,SOMANADODDI
village_595083,595083,RACHANAPALLE
village_595084,595084,SAJJALAKALVA
village_595085,595085,KURUGUNTA
village_595086,595086,GOLLAPALLE
village_595087,595087,KAMARUPALLE
village_595088,595088,ALAMURU
village_595089,595089,KATIGANIKALVA
village_595090,595090,UPPARAPALLE
village_595091,595091,ITIKALAPALLE
village_595092,595092,JANGALAPALLE
village_595093,595093,KANDAKUR
village_595094,595094,CHIYYEDU
village_595095,595095,MANNILA
village_595096,595096,NARAYANAPURAM (CT)
village_595097,595097,PAPAMPETA (CT)
village_595098,595098,ANANTAPUR (CT)
village_595099,595099,KAKKALAPALLE (CT)
village_595100,595100,BOMMAPARTHY
village_595101,595101,RAPTADU (PART)
village_595102,595102,GANGULAKUNTA
village_595103,595103,HAMPAPURAM
village_595104,595104,GONDIREDDIPALLE
village_595105,595105,BUKKACHERLA
village_595106,595106,GANDLAPARTHI
village_595107,595107,PALACHERLA
village_595108,595108,BANDAMEEDAPALLE
village_595109,595109,YERRAGUNTA
village_595110,595110,MAROOR
village_595111,595111,SETTUR
village_595112,595112,ADIVIGOLLAPALLE
village_595113,595113,YATAKAL
village_595114,595114,BACHCHUPALLE
village_595115,595115,KAMTHANAHALLI
village_595116,595116,AYYAGARLAPALLE
village_595117,595117,MULAKALEDU
village_595118,595118,CHINTARLAPALLE
village_595119,595119,KHAIREVU
village_595120,595120,LAKSHMANPALLE
village_595121,595121,BASAPURAM
village_595122,595122,APPILEPALLE
village_595123,595123,KARIGANIPALLE
village_595124,595124,YENUMALADODDI
village_595125,595125,S.MALLAPURAM
village_595126,595126,BESTHARAPALLE
village_595127,595127,KUNDURPI
village_595128,595128,MALAYANUR
village_595129,595129,NIJAVALLI
village_595130,595130,JAMBUGUMPALA
village_595131,595131,MULAKANUR
village_595132,595132,THIMMAPURAM
village_595133,595133,KAMBADUR
village_595134,595134,PALLUR
village_595135,595135,RAMAPURAM
village_595136,595136,NUTHIMADUGU
village_595137,595137,KARTHANAPARTHI
village_595138,595138,GULYAM
village_595139,595139,RALLA ANANTAPURAM
village_595140,595140,RALLAPALLE
village_595141,595141,CHENNAMPALLE
village_595142,595142,KURAKULAPALLE
village_595143,595143,THUMUCHERLA
village_595144,595144,THOGARAKUNTA
village_595145,595145,MADDALACHERUVU
village_595146,595146,KONETINAYANIPALYAM
village_595147,595147,NARASAMPALLE
village_595148,595148,ELAKKUNTLA
village_595149,595149,MUTHAVAKUNTLA
village_595150,595150,KANAGANAPALLE
village_595151,595151,MUKTHAPURAM
village_595152,595152,DADALUR
village_595153,595153,CHIGICHERLA
village_595154,595154,GOTLUR
village_595155,595155,SUBBARAOPETA
village_595156,595156,THUMMALA
village_595157,595157,RAVULACHERUVU
village_595158,595158,KUNUTHURU (R)
village_595159,595159,REGATIPALLE
village_595160,595160,POTHULANAGEPALLE
village_595161,595161,MALLAKALVA
village_595162,595162,DARSIMALA
village_595163,595163,NELAKOTA
village_595164,595164,BUDDAREDDIPALLE
village_595165,595165,ELUKUNTLA
village_595166,595166,EDULA MUSTUR
village_595167,595167,MALYAVANTHAM
village_595168,595168,RAGHAVAMPALLE
village_595169,595169,BATHALAPALLE
village_595170,595170,APPARACHERUVU
village_595171,595171,CHENNARAYAPATNAM
village_595172,595172,SANGALA
village_595173,595173,OBULAPURAM
village_595174,595174,GARISELAPALLE
village_595175,595175,DAMPETLA
village_595176,595176,D.CHERLOPALLE
village_595177,595177,PINNADARI
village_595178,595178,KUNUKUNTLA
village_595179,595179,CHILLAVARIPALLE
village_595180,595180,DADITHOTA
village_595181,595181,PEDDAKOTLA
village_595182,595182,KONDAMANAYANIPALEM
village_595183,595183,(SHRO) THIRUMALAPURAM
village_595184,595184,TADIMARRI
village_595185,595185,NIDIGALLU
village_595186,595186,MARAVAPALLE AGRAHARAM
village_595187,595187,CHINNACHIGULLAREVU
village_595188,595188,CHINNAKOTLA
village_595189,595189,BUDANAMPALLE
village_595190,595190,KODAVANDLAPALLE
village_595191,595191,MARTHADU
village_595192,595192,S.BANDLAPALLE
village_595193,595193,GANDLAVANDLAPALLE
village_595194,595194,BRAHMADEVARAMARRI
village_595195,595195,PEDDACHIGULLAREVU
village_595196,595196,UPPALAPADU
village_595197,595197,MUKTHAPURAM
village_595198,595198,JONNALAKOTHAPALLE
village_595199,595199,SANKEPALLE
village_595200,595200,SANKEPALLE BRAHMANAPALLE
village_595201,595201,DORIGALLU
village_595202,595202,THIMMANAYANIPALEM
village_595203,595203,GUNJEPALLE
village_595204,595204,CHAGAPURAM
village_595205,595205,MANGALAMADAKA
village_595206,595206,NAKKALAGUTTA PALLE
village_595207,595207,NAGAREDDIPALLE
village_595208,595208,MALAKAVEMULA
village_595209,595209,SANEVARIPALLE
village_595210,595210,DEVARAGUDIPALLE
village_595211,595211,ELLAREDDIPALLE
village_595212,595212,MALLEPALLE
village_595213,595213,THAPPETAVARIPALLE
village_595214,595214,KONDAGATTUPALLE
village_595215,595215,ODULAPALLE
village_595216,595216,LAKKASAMUDRAM
village_595217,595217,KURLI
village_595218,595218,UDUMULAKURTHY
village_595219,595219,TALUPULA
village_595220,595220,BANDLAPALLE
village_595221,595221,NUTHANAKALVA
village_595222,595222,OBULAREDDIPALLE
village_595223,595223,VEPAMAMPETA
village_595224,595224,PEDDANNAVARIPALLE
village_595225,595225,PULIGUNDLAPALLE
village_595226,595226,VELICHELIMALA
village_595227,595227,GOWKANAPALLE
village_595228,595228,MARRIKOMMADINNE
village_595229,595229,NAMBULIPULIKUNTA
village_595230,595230,VANKAMADDI
village_595231,595231,DHANIYANICHERUVU
village_595232,595232,MUDUPALAJUVI
village_595233,595233,MEKALACHERUVU
village_595234,595234,GOOTIBYLU
village_595235,595235,EDURUDONA
village_595236,595236,PEDABALLI
village_595237,595237,PEDABALLIKOTHAPALLE
village_595238,595238,GODDUVELAGALA
village_595239,595239,KAMATHAMPALLE
village_595240,595240,MADDIVARIGONDI
village_595241,595241,THUMMALABYLU
village_595242,595242,GANDLAPENTA
village_595243,595243,JEENULAKUNTA
village_595244,595244,VEPARALA
village_595245,595245,KURUMAMIDI
village_595246,595246,CHAMALAGONDI
village_595247,595247,SOMAYAJULAPALLE
village_595248,595248,MADUGUVANIGONDI
village_595249,595249,CHAMACHENUBYLU
village_595250,595250,MALAMEEDAPALLE
village_595251,595251,PATNAM
village_595252,595252,KALASAMUDRAM
village_595253,595253,CHIPPALAMADUGU
village_595254,595254,YERRADODDI
village_595255,595255,KADIRIKUNTLAPALLE
village_595256,595256,ALAMPUR
village_595257,595257,PANDULAKUNTA
village_595258,595258,CHALAMAKUNTAPALLE
village_595259,595259,KADIRI (R)
village_595260,595260,KONDAMANAYANIPALEM
village_595261,595261,MUTHYALACHERUVU
village_595262,595262,YEGUVAPALLE
village_595263,595263,KADIRI BRAHMANAPALLE
village_595264,595264,BATHALAPALLE
village_595265,595265,KOWLEPALLE
village_595266,595266,MOTUKAPALLE
village_595267,595267,VELLAMADDI
village_595268,595268,CHARUPALLE
village_595269,595269,REDDIPALLE
village_595270,595270,VANKARAKUNTA
village_595271,595271,NALLAMADA
village_595272,595272,GOPEPALLE
village_595273,595273,CHOWTAKUNTAPALLE
village_595274,595274,KURUMALA
village_595275,595275,DONNIKOTA
village_595276,595276,PULAGAMPALLE
village_595277,595277,KRISHNAPURAM
village_595278,595278,MARALA
village_595279,595279,PAMUDURTHI
village_595280,595280,AGRAHARAM
village_595281,595281,GUNIPALLE
village_595282,595282,SIDDARAMPURAM
village_595283,595283,BUKKAPATNAM
village_595284,595284,KOTHAKOTA
village_595285,595285,KODAPAGANIPALLE
village_595286,595286,KESAPURAM
village_595287,595287,KADIRIDEVARAPALLE
village_595288,595288,MYLASAMUDRAM
village_595289,595289,KOTHAPALLE
village_595290,595290,NAREPALLE
village_595291,595291,KANISETTIPALLE
village_595292,595292,LINGAREDDIPALLE
village_595293,595293,TIRUMALADEVARAPALLE
village_595294,595294,VEMULETIPALLE
village_595295,595295,TALAMARLA
village_595296,595296,VANGAMPALLE
village_595297,595297,IRAGAMPALLE
village_595298,595298,KOTHACHERUVU
village_595299,595299,THIPPA BATLAPALLE
village_595300,595300,K.LOCHARLA
village_595301,595301,MARAKUNTAPALLE
village_595302,595302,POTHULAKUNTA
village_595303,595303,VIRUPAPURAM
village_595304,595304,BANDLAPALLE
village_595305,595305,PAKEERUPALLE
village_595306,595306,BYRAPURAM
village_595307,595307,KADIREPALLE
village_595308,595308,MUSTIKOVILA
village_595309,595309,NYAMADDALA
village_595310,595310,CHENNEKOTHAPALLE
village_595311,595311,NAGASAMUDRAM
village_595312,595312,PYADINDI
village_595313,595313,MEDAPURAM
village_595314,595314,POLETIPALLE
village_595315,595315,KANUMUKKALA
village_595316,595316,VELDURTHI
village_595317,595317,GANGINEPALLE
village_595318,595318,BRAMHANAPALLE
village_595319,595319,PERUR
village_595320,595320,MAKKINAVARIPALLE
village_595321,595321,KONDAPURAM
village_595322,595322,MOTARCHINTALAPALLE
village_595323,595323,NASANAKOTA
village_595324,595324,RAMAGIRI
village_595325,595325,GANTHIMARRI
village_595326,595326,KUNTIMADDI
village_595327,595327,SESHADRIBHATRA HALLI
village_595328,595328,POLEPALLE
village_595329,595329,MULAKALACHERUVU
village_595330,595330,NARANAGEPALLE
village_595331,595331,JAKKALACHERUVU
village_595332,595332,KOGIRA
village_595333,595333,BOKKASAMPALLE
village_595334,595334,VENKATAPURAM
village_595335,595335,THURAKALAPATNAM
village_595336,595336,R.LOCHARLA
village_595337,595337,BUCHARLA
village_595338,595338,RODDAKAMPALLE
village_595339,595339,RODDAM
village_595340,595340,PEDDIPALLE
village_595341,595341,SANIPALLE
village_595342,595342,CHOLEMARRI
village_595343,595343,NALLUR
village_595344,595344,REDDIPALLE
village_595345,595345,DODAGATTA
village_595346,595346,CHINNAMANTHUR
village_595347,595347,PEDDAMANTHUR
village_595348,595348,CHERUKUR
village_595349,595349,KALIPI
village_595350,595350,AMIDALAGONDI
village_595351,595351,KOTHALAM
village_595352,595352,CHANDAKACHERELA
village_595353,595353,GOWDANAHALLI
village_595354,595354,R. ANANTAPURAM
village_595355,595355,CHATHRAM
village_595356,595356,MALLINAYAKANAHALLI
village_595357,595357,MADAKASIRA
village_595358,595358,MELAVOI
village_595359,595359,GOVINDAPURAM
village_595360,595360,JADRAHALLI
village_595361,595361,KARESANKANAHALLI
village_595362,595362,YERRABOMMANAHALLI
village_595363,595363,HARESAMUDRAM
village_595364,595364,BULLASAMUDRAM
village_595365,595365,UPPARLAHALLI
village_595366,595366,MANUR
village_595367,595367,KALLUMARRI
village_595368,595368,C.KODIGEPALLE
village_595369,595369,TIRUMALADEVARAHALLI
village_595370,595370,VALASA
village_595371,595371,THAMMADEHALLI
village_595372,595372,AMARAPURAM
village_595373,595373,HALUKURU
village_595374,595374,NIDRAGATTA
village_595375,595375,HEMAVATHI
village_595376,595376,SIVARAM
village_595377,595377,VEERABOMMANA HALLI
village_595378,595378,BASAVANAHALLI
village_595379,595379,KUMBARANAGEHALLI
village_595380,595380,KARIKERA
village_595381,595381,RALLAHALLI
village_595382,595382,PILLENAHALLI
village_595383,595383,KEKATHI
village_595384,595384,GUDIBANDA
village_595385,595385,CHIGATHURPI
village_595386,595386,MORUBAGAL
village_595387,595387,GUNIMORUBAGAL
village_595388,595388,MUTHUKUR
village_595389,595389,MANDALAHALLI
village_595390,595390,KONKALLU
village_595391,595391,S.RAYAPURAM
village_595392,595392,M.RAYAPURAM
village_595393,595393,BOMMAGUNDANAHALLI
village_595394,595394,ROLLA
village_595395,595395,TUBINAKUNTA
village_595396,595396,RATNAGIRI
village_595397,595397,KAKI
village_595398,595398,DODDERI
village_595399,595399,RAVUDI
village_595400,595400,INAGALORE
village_595401,595401,AKKAGALADEVARAHALLI
village_595402,595402,NARASAMBUDI
village_595403,595403,MADHUDI
village_595404,595404,P. BYADIGERA
village_595405,595405,HULIKERADEVARAHALLI
village_595406,595406,AGALI
village_595407,595407,KODIHALLI
village_595408,595408,NARASAPURAM
village_595409,595409,PYDETI
village_595410,595410,GANAPATHIPALLE
village_595411,595411,SEEGIPALLE
village_595412,595412,BEECHIGANIPALLE
village_595413,595413,VITTAPALLE
village_595414,595414,YERRAGUNTA
village_595415,595415,UTAKUR
village_595416,595416,SANGAMESWARAPALLE
village_595417,595417,SASANAKOTA
village_595418,595418,KODIGENAHALLI
village_595419,595419,PARIGI
village_595420,595420,SHOBEEREPALLE
village_595421,595421,SIREKOLAM
village_595422,595422,BANDARLAPALLE
village_595423,595423,MODA
village_595424,595424,DUDDEBANDA
village_595425,595425,GUTTURU
village_595426,595426,MUNIMADUGU
village_595427,595427,CHERLOPALLE
village_595428,595428,VASUDEVAPURAM
village_595429,595429,ERRAMANCHI
village_595430,595430,GONDIPALLE
village_595431,595431,OBULAPURAM
village_595432,595432,MAVATURU
village_595433,595433,NAGALUR
village_595434,595434,ADADAKULAPALLE
village_595435,595435,PENUKONDA
village_595436,595436,GONIPETA
village_595437,595437,RAMPURAM
village_595438,595438,KONDAMPALLE
village_595439,595439,SETTIPALLE
village_595440,595440,BOJJIREDDIPALLE
village_595441,595441,KAPPALA BANDA
village_595442,595442,JAGARAJUPALLE
village_595443,595443,KOTLAPALLE
village_595444,595444,NIDIMAMIDI
village_595445,595445,PEDAPALLE
village_595446,595446,BEEDUPALLE
village_595447,595447,BRAHMANAPALLE
village_595448,595448,PUTTAPARTHI
village_595449,595449,VENGALAMMACHERUVU
village_595450,595450,SATARLAPALLE
village_595451,595451,AMAGONDAPALEM
village_595452,595452,YENUMALAPALLE (CT)
village_595453,595453,KONDAKAMARLA
village_595454,595454,NARASAMBHOTLAPALLE
village_595455,595455,DABURUVARIPALLE
village_595456,595456,INAGALUR
village_595457,595457,MUKKANDLAVARIKOTHAPALLE
village_595458,595458,THIPPEPALLE
village_595459,595459,ALLAPALLE
village_595460,595460,TANGEDUKUNTA
village_595461,595461,ARKABHAVIPALLE
village_595462,595462,OBULADEVARACHERUVU
village_595463,595463,VENKATAPURAM
village_595464,595464,SUNNAMPALLE
village_595465,595465,THUMMALAKUNTLA PALLE
village_595466,595466,VEERAOBANAPALLE
village_595467,595467,PANTHULACHERUVU
village_595468,595468,ALLUGUNDU
village_595469,595469,JOGANNAPETA
village_595470,595470,S.MULAKALAPALLE
village_595471,595471,MADDIMADUGU
village_595472,595472,TAVALAMARRI
village_595473,595473,UBICHERLA
village_595474,595474,KADIRIPULAKUNTA
village_595475,595475,NALLACHERUVU
village_595476,595476,TALAMARLAVANDLA PALLE
village_595477,595477,ORAVOY
village_595478,595478,CHINNARAMANNAGARIPALLE
village_595479,595479,ULAVALAVANDLAPALLE
village_595480,595480,TANAKAL
village_595481,595481,DIGUVAMANDALAPALLE
village_595482,595482,KOKKANTI
village_595483,595483,KORTHIKOTA
village_595484,595484,MADDINAYANIPALEM
village_595485,595485,AGRAHARAMPALLE
village_595486,595486,T.SADUM
village_595487,595487,CHEEKATIMANIPALLE
village_595488,595488,TAVALAM
village_595489,595489,BALASAMUDRAM
village_595490,595490,ETHODU
village_595491,595491,KOTAPALLE
village_595492,595492,MUNDLAVARIPALLE
village_595493,595493,VENKATRAYANIPALLE
village_595494,595494,DANDUVARIPALLE
village_595495,595495,MALREDDIPALLE
village_595496,595496,GURRAMBAILU
village_595497,595497,BONTHALAPALLE
village_595498,595498,S.KURUVAPALLE
village_595499,595499,JOWKALAKOTHAPALLE
village_595500,595500,MOHAMMADABAD
village_595501,595501,KASSAMUDRAM
village_595502,595502,THUMMALA
village_595503,595503,AMADAGUR
village_595504,595504,CHINAGANIPALLE
village_595505,595505,RAMANATHAPURAM
village_595506,595506,GADIDAMVARIPALLE
village_595507,595507,EDIGAVARIPALLE
village_595508,595508,CHEEKIREVULAPALLE
village_595509,595509,KARINIREDDIPALLE
village_595510,595510,PULIKUNTLAPALLE
village_595511,595511,DADEMVARIPALLE
village_595512,595512,LOKOJIPALLE
village_595513,595513,BOYALAPALLE
village_595514,595514,MANDALAPALLE
village_595515,595515,JOWKULEDUDINNE
village_595516,595516,GANGAMPALLE
village_595517,595517,VANAVOLU
village_595518,595518,KAMMAVARIPALLE
village_595519,595519,GORANTLA
village_595520,595520,BUGANIPALLE
village_595521,595521,MALLAPALLE
village_595522,595522,RAGIMAKULAPALLE
village_595523,595523,KATEPALLE
village_595524,595524,OBULAPURAM
village_595525,595525,PALASAMUDRAM
village_595526,595526,DEVULACHERUVU
village_595527,595527,VADIGEPALLE
village_595528,595528,BUDILI
village_595529,595529,PULERU
village_595530,595530,MAREDIPALLE
village_595531,595531,BAYANAKUNTAPALLE
village_595532,595532,JAKKASAMUDRAM
village_595533,595533,GOWRIVARIPALLE
village_595534,595534,BRAHMASAMUDRAM
village_595535,595535,MANDLI
village_595536,595536,CHALLAPALLE
village_595537,595537,CHENNAPURAM
village_595538,595538,MAGECHERUVU
village_595539,595539,KOTHAPALLE
village_595540,595540,NAGINAYANICHERUVU
village_595541,595541,BUSSAIAHGARIPALLE
village_595542,595542,VELAGAMAKULAPALLE
village_595543,595543,GUDIPALLE
village_595544,595544,TUNGODU
village_595545,595545,PANDIPARTHI
village_595546,595546,BRAHMANAPALLE
village_595547,595547,EDULABALAPURAM
village_595548,595548,JULUKUNTA
village_595549,595549,KETHAGANICHERUVU
village_595550,595550,NADIMPALLE
village_595551,595551,CHALAKUR
village_595552,595552,VELIDADAKALA
village_595553,595553,SOMANDEPALLE (CT)
village_595554,595554,MANESAMUDRAM
village_595555,595555,MALUGURU
village_595556,595556,CHALIVENDALA
village_595557,595557,SREEKANTHAPURAM (R)
village_595558,595558,BEVINA HALLI
village_595559,595559,NAKKALAPALLE
village_595560,595560,KIRIKERA
village_595561,595561,KOTIPI
village_595562,595562,DEVARAPALLE
village_595563,595563,SANTHEBIDANUR
village_595564,595564,THUNGEPALLE
village_595565,595565,CHOWLUR
village_595566,595566,THUMUKUNTA
village_595567,595567,GOLLAPURAM
village_595568,595568,KALLUR
village_595569,595569,KONDUR
village_595570,595570,LEPAKSHI
village_595571,595571,CHOLASAMUDRAM
village_595572,595572,KODIHALLI
village_595573,595573,PULAMATHI
village_595574,595574,MANEPALLE
village_595575,595575,SIRIVARAM
village_595576,595576,KANCHISAMUDRAM
village_595577,595577,MYDUGOLAM
village_595578,595578,TEKULODU
village_595579,595579,DEMAKETHEPALLE
village_595580,595580,YAGNISETTIPALLE
village_595581,595581,HUSSAINPURAM
village_595582,595582,CHILAMATHUR
village_595583,595583,KODUR
village_595584,595584,SETTIPALLE
village_595585,595585,CHAGALURU
village_595586,595586,KAMBALADINNE
village_595587,595587,KANUGAMAKULAPALLE
village_595588,595588,GANDLADINNE
village_595589,595589,SUBBARAOPET
village_595590,595590,MUDDIREDDIPALLE
village_595591,595591,YERRASINGEPALLE
village_595592,595592,SOMAGHATTA
village_595593,595593,VEERAPURAM
village_595594,595594,CHOWDIREDDIPALLE
village_595595,595595,MORASALAPALLE
village_595596,595596,NAREMUDDAPALLE
village_595597,595597,MARRIMAKULAPALLE
village_595598,595598,KODIKONDA
village_595599,595599,CHENNAPPAGARIPALLE
village_595600,595600,KALAVAPALLE
village_595601,595601,T.SOWDASAMUDRAM
village_595602,595602,GUDUPALLE
village_595603,595603,SOMPALLE
village_595604,595604,MULAKALACHERUVU
village_595605,595605,NAYANICHERUVUPALLE
village_595606,595606,MARELLAGADDA
village_595607,595607,KADIRINATHUNIKOTA
village_595608,595608,CHENNAIAHGARIPALLE
village_595609,595609,PEDDAPALEM
village_595610,595610,DEVALCHERUVU
village_595611,595611,BURAKAYALAKOTA
village_595612,595612,VEPURIKOTA
village_595613,595613,NADIGADDATHIMMANAPALLE
village_595614,595614,MADDINAYANIPALLE
village_595615,595615,DEVARAPALLE
village_595616,595616,ZUNJURUPENTA
village_595617,595617,KOTALA
village_595618,595618,GOPIDINNE
village_595619,595619,GANGIREDDIPALLE
village_595620,595620,KOTLAPALLE
village_595621,595621,DIGUVAPALEM
village_595622,595622,GUNDLAPALLE
village_595623,595623,THAMBALLAPALLE
village_595624,595624,EDDULAVARIPALLE
village_595625,595625,YERRASANIPALLE
village_595626,595626,PANCHALAMARRI
village_595627,595627,KOSUVARIPALLE
village_595628,595628,MARRIMAKULAPALLE
village_595629,595629,KANNEMADUGU
village_595630,595630,RENIMAKULAPALLE
village_595631,595631,KOTAKONDA
village_595632,595632,KUKKARAJUPALLE
village_595633,595633,DIGUVAPALLE
village_595634,595634,BANDREVU
village_595635,595635,MUSALIKUNTA
village_595636,595636,PAPEPALLE
village_595637,595637,PEDDAMANDYAM
village_595638,595638,KALICHERLA
village_595639,595639,SIDDAVARAM
village_595640,595640,SIVAPURAM
village_595641,595641,VELIGALLU
village_595642,595642,PASALAVANDLA PALLE
village_595643,595643,YELLUTLA
village_595644,595644,CHERLOPALLE
village_595645,595645,NADIMIKHANDRIGA
village_595646,595646,SARIMADUGU
village_595647,595647,CHITTIBOYANAPALLE
village_595648,595648,GURRAMKONDA
village_595649,595649,SANGASAMUDRAM
village_595650,595650,KHANDRIGA
village_595651,595651,MARRIMAKULAPALLE
village_595652,595652,AMILEPALLE
village_595653,595653,ARIGALAVARIPALLE
village_595654,595654,SETLIVARIPALLE
village_595655,595655,THARIGONDA
village_595656,595656,RAMAPURAM
village_595657,595657,THARIGONDARAJUPALLE
village_595658,595658,MARRIPADU
village_595659,595659,NADIMICHERLA
village_595660,595660,MADINENIPALEM
village_595661,595661,KADIRAYACHERUVU
village_595662,595662,ENUGONDAPALEM
village_595663,595663,MUDIAMVARIPALLE
village_595664,595664,NAWABPET
village_595665,595665,YERRAKOTAPALLE
village_595666,595666,RATIGUNTAPALLE
village_595667,595667,DEVALAPALLE
village_595668,595668,KONA
village_595669,595669,GUDIBANDA
village_595670,595670,KALAKADADODDI PALLE
village_595671,595671,KALAKADAKOTHAPALLE
village_595672,595672,KALAKADA
village_595673,595673,POTHAVARIPALLE
village_595674,595674,GANGAPURAM
village_595675,595675,MADDIPATLAVANDLAPALLE
village_595676,595676,NOOTHANAKALVA
village_595677,595677,JILLELLAMANDA
village_595678,595678,MARELLA
village_595679,595679,GARNIMITTA
village_595680,595680,THUVVAPALLE
village_595681,595681,BOPPASAMUDRAM
village_595682,595682,GALIVARIPALLE
village_595683,595683,HISSAPALLE
village_595684,595684,MAHALRAJUPALLE
village_595685,595685,THIMMAPURAM
village_595686,595686,THEETHAVAGUNTA PALLE
village_595687,595687,MATAMPALLE
village_595688,595688,GYARAMPALLE
village_595689,595689,SORAKAYALAPET
village_595690,595690,YERLAMPALLE
village_595691,595691,KAMBHAMVARIPALLE
village_595692,595692,VAGALLA
village_595693,595693,KETHAMREDDIPALLE
village_595694,595694,KASIREDDIPALLE
village_595695,595695,GORANTLAPALLE
village_595696,595696,GANUGACHINTHA
village_595697,595697,MOTUMALLELA
village_595698,595698,PEDDAMALLELA
village_595699,595699,ROMPICHERLA
village_595700,595700,BANDAKINDAPALLE
village_595701,595701,PEDDAGOTTIGALLU
village_595702,595702,BOMMAIAHGARI PALLE
village_595703,595703,USTHIKAYALAPENTA
village_595704,595704,ELLAMANDA
village_595705,595705,VENKATARAMARAJUPURAM
village_595706,595706,BODEVANDLAPALLE
village_595707,595707,NERABYLU
village_595708,595708,UDAYAMANIKYAM
village_595709,595709,UDAYAMANIKYAM AGRAHARAM
village_595710,595710,YERRAVARIPALEM
village_595711,595711,KAMALAYYAVARIPALLE
village_595712,595712,CHINTHAKUNTA
village_595713,595713,PUDIPATLA
village_595714,595714,MALLAVARAM
village_595715,595715,KALUR
village_595716,595716,PAIDI PALLE
village_595717,595717,PATHA KALVA
village_595718,595718,GOLLAPALLE
village_595719,595719,THUMMALA GUNTA (PART)
village_595720,595720,CHIGURUWADA NORTH KHANDRIGA
village_595721,595721,CHIGURUWADA SOUTH KHANDRIGA
village_595722,595722,DURGA SAMUDRAM
village_595723,595723,KUNTRAPAKAM
village_595724,595724,NALLAMANI KALVA
village_595725,595725,KUPU CHANDRA PETA
village_595726,595726,RAMANUJA PALLE
village_595727,595727,MALLAM GUNTA
village_595728,595728,VEDANTHA PURAM
village_595729,595729,DAMINEDU
village_595730,595730,PADI
village_595731,595731,MUNDLAPUDI
village_595732,595732,THANAPALLE
village_595733,595733,YOGIMALLVARAM
village_595734,595734,VEMUR
village_595735,595735,PANAKAM
village_595736,595736,KOTHUR
village_595737,595737,BRAHMANA PATTU
village_595738,595738,CHERLOPALLE (CT)
village_595739,595739,PERUR (CT)
village_595740,595740,AVILALA (CT)
village_595741,595741,TIRUCHANUR (CT)
village_595742,595742,BALUPALLE
village_595743,595743,MAMANDUR
village_595744,595744,ERRAGUNTA
village_595745,595745,KRISHNAPURAM
village_595746,595746,SRINIVASAUDASIPURAM
village_595747,595747,DHARMAPURAM KHANDRIGA
village_595748,595748,R. MALLAVARAM
village_595749,595749,ANAGUNTA
village_595750,595750,VEDULLACHERUVU
village_595751,595751,RENIGUNTA AGRAHARAM
village_595752,595752,KARAKAMBADI (RURAL)
village_595753,595753,VENKATAPURAM
village_595754,595754,ANNASAMIPALLE
village_595755,595755,ERRAMAREDDIPALEM
village_595756,595756,THUKIVAKAM (RURAL)
village_595757,595757,ELAMANDYAM
village_595758,595758,KOTHAPALEM
village_595759,595759,ADUSUPALEM
village_595760,595760,KURUKALVA
village_595761,595761,KRISHNAIAH KALVA
village_595762,595762,JEEPALEM
village_595763,595763,NALLAPALEM
village_595764,595764,THATHAIAH KALVA
village_595765,595765,GAJULAMANDYAM
village_595766,595766,SANJEEVARAYANIPATTEDA
village_595767,595767,KOTRAMANGALAM
village_595768,595768,THANDLAM
village_595769,595769,SURAPPAKASAM
village_595770,595770,MOLAGAMUDI
village_595771,595771,AMMAVARIPATTEDA
village_595772,595772,ATHURU
village_595773,595773,RENIGUNTA (CT)
village_595774,595774,PALLAM
village_595775,595775,CHINTALAPALEM
village_595776,595776,PANGUR
village_595777,595777,PAGALI
village_595778,595778,KATRAKAYALAGUNTA
village_595779,595779,SREENIVASAPURAM
village_595780,595780,DURGIPERI
village_595781,595781,KRISHNAMPALLE
village_595782,595782,NACHANERI
village_595783,595783,NAGAMPALLE
village_595784,595784,CHINDEPALLE
village_595785,595785,MERLAPAKA
village_595786,595786,YERPEDU
village_595787,595787,SEETHARAMPET
village_595788,595788,VENKATAPURAM
village_595789,595789,PEDDANJIMEDU
village_595790,595790,ISUKATHAGELI
village_595791,595791,PATHAVEERAPURAM
village_595792,595792,CHINNAJIMEDU
village_595793,595793,KOBAKA
village_595794,595794,MANNASAMUDRAM
village_595795,595795,MODUGULAPALEM
village_595796,595796,MUSALIPEDU
village_595797,595797,KANDADU
village_595798,595798,MAHANKALIDEVIPUTTUR
village_595799,595799,MUNAGALAPALEM
village_595800,595800,ARUGORLA KHANDRIGA
village_595801,595801,MADHAVAMALA
village_595802,595802,VIKRUTHAMALA
village_595803,595803,PENNAGADAM
village_595804,595804,PENUMALLAM
village_595805,595805,VEDULLA CHERUVU
village_595806,595806,GUDIMALLAM
village_595807,595807,CHELLUR
village_595808,595808,KOTHAPALLE CHINTHALA
village_595809,595809,MANNAVARAM
village_595810,595810,INAGALUR
village_595811,595811,GOVINDARAOPALLE
village_595812,595812,VAMPALLE
village_595813,595813,POLI
village_595814,595814,BHEEMAVARAM
village_595815,595815,EMPEDU
village_595816,595816,AMMACHERUVU
village_595817,595817,PATHAGUNTA
village_595818,595818,MANGALAGUNTA
village_595819,595819,VELAMPADU
village_595820,595820,KALAVAGUNTA
village_595821,595821,YARLAPUDI
village_595822,595822,MELACHUR
village_595823,595823,PAPANAPALLE
village_595824,595824,BRAHMANAPALLE
village_595825,595825,GOLLAPALLE @ VENKATAPURAM
village_595826,595826,BAHADUR VENKATAPURAM
village_595827,595827,MURTHY PALEM
village_595828,595828,KOTHURU @ CHELLAMAMBAPURAM
village_595829,595829,RAMANUJA PALLE
village_595830,595830,KUNTIPUDI
village_595831,595831,KONERUGUNTA
village_595832,595832,VAGAVEDU
village_595833,595833,VENGALAM PALLE @ ENDRAPALLE
village_595834,595834,MADAMALA
village_595835,595835,VELAVEDU
village_595836,595836,REDDIPALLE
village_595837,595837,OBULAYAPALLE
village_595838,595838,MUDDUMUDI
village_595839,595839,ANANTHAPADMANABHA PURAM
village_595840,595840,MANGALAPURI
village_595841,595841,MUCHIVOLU
village_595842,595842,ERRAGUDIPADU
village_595843,595843,BODAVARIPALLE
village_595844,595844,UDAMALAPADU
village_595845,595845,AKKURTHY
village_595846,595846,PENUBAKA
village_595847,595847,KAMMAKOTHUR
village_595848,595848,CHERUKULAPADU
village_595849,595849,NARAYANAPURAM
village_595850,595850,GUNTAKINDAPALLE
village_595851,595851,MADDILEDU
village_595852,595852,URANDURU
village_595853,595853,PANAGALLU (RURAL)
village_595854,595854,ARAVAKOTHURU
village_595855,595855,APPALAYAGUNTA
village_595856,595856,CHUKKALANIDIGALLU
village_595857,595857,AMMAPALEM
village_595858,595858,PULLAREDDI KHANDRIGA
village_595859,595859,THONDAMANADU
village_595860,595860,DIGUVAVEEDHI
village_595861,595861,EGUVAVEEDHI
village_595862,595862,CHERLOPALLE VYAVASAYAPU KHANDRIGA
village_595863,595863,CHERLAPALLE
village_595864,595864,KAPUGUNNERI
village_595865,595865,MARRIMAKULACHENU KHANDRIGA
village_595866,595866,RACHAGUNNERI
village_595867,595867,CHALLAPALEM
village_595868,595868,BOKKASAM PALEM
village_595869,595869,SUBBANAIDU -KHANDRIGA
village_595870,595870,RAMALINGA PURAM
village_595871,595871,VEDAM
village_595872,595872,SAHASRALINGESWARA PURAM
village_595873,595873,RAMAPURAM
village_595874,595874,GOTTIPUDI
village_595875,595875,RAMBHATLAPALLE
village_595876,595876,KASARAM
village_595877,595877,MAMIDIGUNTA
village_595878,595878,PILLAMEDU
village_595879,595879,DAINADU
village_595880,595880,KONDACHENU KHANDRIGA
village_595881,595881,CHEMURU
village_595882,595882,CHIYYAVARAM
village_595883,595883,SIDDIGUNTA @ UMAMA HESWARA PURAM
village_595884,595884,CHODAVARAM
village_595885,595885,PEDDAGUNTA AGRAHARAM
village_595886,595886,PEDDAKANAPARTHI
village_595887,595887,KONNALI
village_595888,595888,KONATHANERI
village_595889,595889,PENNALAPADU
village_595890,595890,VERUPAKSHAPURAM
village_595891,595891,GUNTELIGUNTA @ L.N.PURAM
village_595892,595892,PUDI
village_595893,595893,ILAGANUR
village_595894,595894,GURUKULAPALEM
village_595895,595895,POYYA
village_595896,595896,GUMMADIGUNTA
village_595897,595897,ROUTHUSURAMALA
village_595898,595898,GOWDAMALA
village_595899,595899,THANGELLAPALEM
village_595900,595900,TATIPARTHY
village_595901,595901,KALLIPUDI
village_595902,595902,CHINNA SINGAMALA
village_595903,595903,PEDDA KANNALI
village_595904,595904,BASAVAIAHPALEM
village_595905,595905,SAMBAIAHPALEM
village_595906,595906,CHERUKU RAGAPPA NAIDU KHANDRIGA
village_595907,595907,EDULAGUNTA
village_595908,595908,THOTTAMBEDU
village_595909,595909,SIVANADHAPALEM
village_595910,595910,DONGALAMUDUR
village_595911,595911,CHITTATHUR
village_595912,595912,SRIKRISHNAPURAM
village_595913,595913,KANCHANAPALLE
village_595914,595914,BONUPALLE
village_595915,595915,BHAVANISANKARAPURAM
village_595916,595916,ALATHUR
village_595917,595917,THERRIPADU
village_595918,595918,PUTTERI
village_595919,595919,CHINNAYYAGUNTA
village_595920,595920,PEDDAPALAVEDU
village_595921,595921,VIJAYAGOPALAPURAM
village_595922,595922,KOTHAPALEM
village_595923,595923,CHELLAMAMBAPURAM
village_595924,595924,THIMMABHUPALAPURAM
village_595925,595925,PARLAPALLE
village_595926,595926,PALLAMALA
village_595927,595927,KATUR
village_595928,595928,THANGELLAPURAM
village_595929,595929,KANAMANAMBEDU
village_595930,595930,NEERPAKOTA
village_595931,595931,KUKKAMBAKAM
village_595932,595932,GAJULAPELLORE
village_595933,595933,KANCHANAPUTTUR
village_595934,595934,WEST WARATHUR
village_595935,595935,NELAVOY
village_595936,595936,KUMARA VENKATAPURAM
village_595937,595937,KALLIVETTU
village_595938,595938,TALARIVETTU
village_595939,595939,AYYAVARIPALEM
village_595940,595940,SANTHAVELLORE
village_595941,595941,KUVVAKOLLI
village_595942,595942,SATHAMBEDU
village_595943,595943,ISUKAPALEM
village_595944,595944,GUDALAVARIPALEM
village_595945,595945,AMBUR
village_595946,595946,MARADAWADA
village_595947,595947,KALATHUR
village_595948,595948,C.L NAIDU PALLE
village_595949,595949,KURINJALAM
village_595950,595950,KAMBAKAM
village_595951,595951,ARUDUR
village_595952,595952,KADUR
village_595953,595953,VARADAIAHPALEM
village_595954,595954,NELLATUR
village_595955,595955,KAREPAKAM
village_595956,595956,VITTAIAH PALEM
village_595957,595957,CHEDULAPAKAM
village_595958,595958,CHILAMATHUR
village_595959,595959,YANADIVETTU
village_595960,595960,KOVURPADU
village_595961,595961,THONDAMBATTU
village_595962,595962,PANDUR
village_595963,595963,PADIRIKUPPAM
village_595964,595964,CHINNAPANDUR
village_595965,595965,RACHERLA
village_595966,595966,MOPURAPALLE
village_595967,595967,SIDDAMMA AGRAHARAM
village_595968,595968,THONDUR
village_595969,595969,GNANAMAMBA PURAM @ P.KHANDRIGA
village_595970,595970,KOVANUR
village_595971,595971,ANGERI CHERUVU
village_595972,595972,GUNTIPEDU
village_595973,595973,ANJURU
village_595974,595974,CHALLAMAMBA PURAM
village_595975,595975,ADARAM
village_595976,595976,VENKATAPURAM @ G.KHANDRIGA
village_595977,595977,SURAMALA
village_595978,595978,BRAHMANA CHERUVU
village_595979,595979,THIMMASAMUDRAM
village_595980,595980,RAGIGUNTA
village_595981,595981,BRAHMANAPALLE
village_595982,595982,KANDLUR
village_595983,595983,BAKKAPATUGUNTA
village_595984,595984,THIMMANAIDUGUNTA
village_595985,595985,PERINDESAM
village_595986,595986,ADAVARAM
village_595987,595987,MATTAMANAPATHATTU R.KHANDRIGA
village_595988,595988,RANGAIAHGUNTA
village_595989,595989,PUDI @ CHENNA KESAVAPURAM
village_595990,595990,KATRAPALLE
village_595991,595991,SUBRAMANYA PURAM
village_595992,595992,KUMARA VENKATA BHUPALAPURAM
village_595993,595993,KALATHURU
village_595994,595994,PATHAPALEM
village_595995,595995,OLLURU
village_595996,595996,RAYAPEDU
village_595997,595997,KANCHANACHENGANNA KHANDRIGA
village_595998,595998,VOGATHURU
village_595999,595999,SRINIVASAPURAM
village_596000,596000,SADASIVA PURAM
village_596001,596001,SIDDAMANAIDU KHANDRIGA
village_596002,596002,ARAI
village_596003,596003,SURYANARAYANA PURAM
village_596004,596004,DIGUVAPUTHURU
village_596005,596005,EGUVAPUTTURU
village_596006,596006,SHAKTHI GANESWARAPURAM
village_596007,596007,MADDI KHANDRIGA
village_596008,596008,KONKACHENNAIAHGUNTA
village_596009,596009,CHENNAYYAGUNTA
village_596010,596010,TIRUMALA (CT)
village_596011,596011,TIRUPATI (NMA) (CT)
village_596012,596012,AKKARAMPALLE (CT)
village_596013,596013,MANGALAM (CT)
village_596014,596014,SETTIPALLE (OG)
village_596015,596015,TIMMINAIDUPALLE (OG)
village_596016,596016,BHEEMAVARAM
village_596017,596017,KONDREDDY KHANDRIGA
village_596018,596018,CHINNA RAMA PURAM
village_596019,596019,SESHA PURAM
village_596020,596020,PULLAIAHGARI PALLE
village_596021,596021,AREPALLE
village_596022,596022,NAGAPATLA
village_596023,596023,KOTALA
village_596024,596024,RAMIREDDI PALLE
village_596025,596025,NARASINGA PURAM
village_596026,596026,MITTAPALEM
village_596027,596027,REDDIVARIPALLE
village_596028,596028,THONDAWADA
village_596029,596029,SANAMBATLA
village_596030,596030,CHINTAGUNTA
village_596031,596031,CHANDRAGIRI
village_596032,596032,AGARALA
village_596033,596033,MAMANDUR
village_596034,596034,ITHEPALLE
village_596035,596035,MUNGILIPATTUKOTHAPALLE
village_596036,596036,KALROADPALLE
village_596037,596037,PANAPAKAM
village_596038,596038,DORNAKAMBALA
village_596039,596039,KOTABYLU
village_596040,596040,RANGANNAGARI GADDA
village_596041,596041,CHINNAGOTTI GALLU
village_596042,596042,THIPPIREDDIGARIPALLE
village_596043,596043,DIGUVURU
village_596044,596044,CHATTEVARIPALEM
village_596045,596045,CHITTECHERLA
village_596046,596046,DEVARAKONDA
village_596047,596047,BHAKARAPET
village_596048,596048,YEGUVURU
village_596049,596049,MELLACHERUVU
village_596050,596050,TALUPULA
village_596051,596051,JANDLA
village_596052,596052,MUDUPULAVEMULA
village_596053,596053,AVUVARIPALLE
village_596054,596054,KAVALIPALLE
village_596055,596055,MADDELACHERUVU
village_596056,596056,VEPULABYLU
village_596057,596057,BODUMALLUVARIPALLE
village_596058,596058,GUDAREVUPALLE
village_596059,596059,YERRAGUNTLAPALLE
village_596060,596060,DODDIPALLE
village_596061,596061,REGULLU
village_596062,596062,AGRAHARAM
village_596063,596063,PILERU (CT)
village_596064,596064,CHEEKATIPALLE
village_596065,596065,MAHAL
village_596066,596066,GUNDLOOR
village_596067,596067,T.SANDRAPALLE
village_596068,596068,MUNELLAPALLE
village_596069,596069,PALLAVOLU
village_596070,596070,PARAPATLA
village_596071,596071,MEDIKURTHI
village_596072,596072,MARRIKUNTAPALLE
village_596073,596073,PATHEGADA
village_596074,596074,KORLAKUNTA
village_596075,596075,KALIKIRIREDDIVARI PALLE
village_596076,596076,GUTTAPALEM
village_596077,596077,KALIKIRI
village_596078,596078,VELAGAPALLE
village_596079,596079,NAGARIMADUGU
village_596080,596080,BUDIDAVEDU
village_596081,596081,T.SAKIREVUPALLE
village_596082,596082,THATIGUNTAPALLE
village_596083,596083,MANCHURU
village_596084,596084,AYYAVARIPALLE
village_596085,596085,JARRAVARIPALLE
village_596086,596086,VALMIKIPURAM
village_596087,596087,VITTALAM
village_596088,596088,KURAPARTHI
village_596089,596089,ARAMADAKA
village_596090,596090,CHINTHALAVARIPALLE
village_596091,596091,MUGALAMARRI
village_596092,596092,JAMMALLAPALLE
village_596093,596093,CHINTAPARTHI
village_596094,596094,GANDABOYANAPALLE
village_596095,596095,PITCHALAVANDLA PALLE
village_596096,596096,MUDIVEDU
village_596097,596097,MATLIVARIPALLE
village_596098,596098,BRAHMANAVODDU PALLE
village_596099,596099,KURABALAKOTA
village_596100,596100,THETTU
village_596101,596101,ANGALLU
village_596102,596102,MUTAKANAVARIPALLE
village_596103,596103,PATTAMVANDLAPALLE
village_596104,596104,KANDUKURU
village_596105,596105,KATNAGALLU
village_596106,596106,JAGADAMVARIPALLE
village_596107,596107,PULIKALLU
village_596108,596108,KAMSALAVANDLA PALLE
village_596109,596109,RANGASAMUDRAM
village_596110,596110,MADUNURU
village_596111,596111,MADDAIAHGARIPALLE
village_596112,596112,PEDDATHIPPASAMUDRAM
village_596113,596113,THUMMARAKUNTA
village_596114,596114,T.SADUM
village_596115,596115,ANANTHAPURAM
village_596116,596116,CHINNAPONGUPPALLE
village_596117,596117,AMALLABANDAKOTA
village_596118,596118,BOORLAPALLE
village_596119,596119,MALLELA
village_596120,596120,SAMPATHIKOTA
village_596121,596121,BUCHIPALLE
village_596122,596122,B.KOTHAKOTA
village_596123,596123,BEERANGI
village_596124,596124,BADIKAYALAPALLE
village_596125,596125,GUMMASAMUDRAM
village_596126,596126,GATTU
village_596127,596127,BAYYAPPAGARIPALLE
village_596128,596128,THUMMANAMGUTTA
village_596129,596129,GOLLAPALLE
village_596130,596130,KOTAVOORU
village_596131,596131,KOLLABYLU (PART)
village_596132,596132,PONNETIPALEM (OG) (PART)
village_596133,596133,VEMPALLE
village_596134,596134,MALEPADU
village_596135,596135,THENEEGALAVARIPALLE
village_596136,596136,PENCHUPADU
village_596137,596137,MADANAPALLE (R) (PART)
village_596138,596138,KOTHAVARIPALLE
village_596139,596139,CHINNATHIPPASAMUDRAM
village_596140,596140,KASIRAOPETA
village_596141,596141,POTHAPALU
village_596142,596142,BASINIKONDA (PART)
village_596143,596143,MOLAKALADINNE
village_596144,596144,VALASAPALLE
village_596145,596145,CHIPPILI (OG)
village_596146,596146,VENKAPPAKOTA (OG)
village_596147,596147,ANKISETTIPALLE (OG)
village_596148,596148,PAMAIAHGARIPALLE (OG)
village_596149,596149,PAPPIREDDIPALLE (OG)
village_596150,596150,RACHAVETIVARIPALLE
village_596151,596151,MACHIREDDIGARIPALLE
village_596152,596152,REDDIVARIPALLE
village_596153,596153,BANDLAPAI
village_596154,596154,MASTUR
village_596155,596155,THAVALAM
village_596156,596156,CHOWKILLAVARIPALLE
village_596157,596157,NIMMANAPALLE
village_596158,596158,AGRAHARAM
village_596159,596159,VENGAMVARIPALLE
village_596160,596160,VOOTUPALLE
village_596161,596161,CHINTAMAKULAPALLE
village_596162,596162,PALAMANDA
village_596163,596163,KHAMBHAMVARIPALLE
village_596164,596164,THATIGUNTAPALEM
village_596165,596165,SODAM
village_596166,596166,AMMAGARIPALLE
village_596167,596167,GONGIVARIPALLE
village_596168,596168,THIMMANAYANIPALLE
village_596169,596169,NADIGADDA
village_596170,596170,ERRATHIVARIPALLE
village_596171,596171,BOORAGAMANDA
village_596172,596172,CHERUKUVARIPALLE
village_596173,596173,E.RAMIREDDIGARI PALLE
village_596174,596174,AYYAVANDLAPALLE
village_596175,596175,VENKATADASARI PALLE
village_596176,596176,BODIREDDIGARIPALLE
village_596177,596177,KALLUR
village_596178,596178,DEVALAMPET
village_596179,596179,BANDARUVARIPALLE
village_596180,596180,REDDIVARIPALLE
village_596181,596181,RAMIREDDIGARIPALLE
village_596182,596182,GADDAMVARIPALLE
village_596183,596183,MANGALAMPETA
village_596184,596184,VALLIVETIVARIPALLE
village_596185,596185,YELLANKIVARIPALLLE
village_596186,596186,RAYAVARIPALLE
village_596187,596187,KAVETIGARIPALLE
village_596188,596188,PADIPUTLABAYALU
village_596189,596189,THOTATHIMMAIAH PALLE
village_596190,596190,VALLIVEDU
village_596191,596191,MOGARALA
village_596192,596192,MADDINAYANIPALLE
village_596193,596193,GANUGAPENTA
village_596194,596194,PEDDA RAMAPURAM
village_596195,596195,GORPADU
village_596196,596196,DAMALCHERUVU
village_596197,596197,PAKALA
village_596198,596198,GADANKI
village_596199,596199,ADENAPALLE
village_596200,596200,NAGAMMA AGRAHARAM
village_596201,596201,ODDEPALLE
village_596202,596202,ACHAMMA AGRAHARAM
village_596203,596203,KAVERIMAHARAJULUNGARIAGRAHARAM
village_596204,596204,KURIVIKUPPAM
village_596205,596205,BRAHMANAPALLE
village_596206,596206,MONDIVENGANAPALLE
village_596207,596207,VEDURUKUPPAM
village_596208,596208,INAMKOTHURU
village_596209,596209,KOMARAGUNTA
village_596210,596210,PACHIKAPALEM
village_596211,596211,TIRUMALAKONDAMAMBAPURAM
village_596212,596212,MAMBEDU
village_596213,596213,MAREPALLE
village_596214,596214,PERUMALLAPALLE
village_596215,596215,CHENCHUGUDI
village_596216,596216,VEPERI
village_596217,596217,PATHAGUNTA
village_596218,596218,JAKKIDONA
village_596219,596219,VENUGOPALAPURAM
village_596220,596220,AGGICHENUPALLE
village_596221,596221,KONDAKINDAPALLE
village_596222,596222,DEVARAGUDIPALLE
village_596223,596223,JADABAPANAPALLE
village_596224,596224,THETTUGUNTAPALLE
village_596225,596225,DEVALAMPETA
village_596226,596226,MARRIPALLEUTTARAPU KHANDRIGA
village_596227,596227,THIPPINAIDUPALLE
village_596228,596228,BOMMAIAHPALLE
village_596229,596229,ETTERANGAPALLE
village_596230,596230,GARAMPALLE
village_596231,596231,ALLAMADUGU
village_596232,596232,GODUGUCHINTHA
village_596233,596233,MAKAMABAPURAM
village_596234,596234,TARLABYLU
village_596235,596235,CHUTTAGUNTA RAMAPURAM
village_596236,596236,NADAVALURU
village_596237,596237,KATTAKINDA VENKATAPURAM
village_596238,596238,BRAHMANAKALVA
village_596239,596239,RAVILLAVARIPALLE
village_596240,596240,KAMMAPALLE
village_596241,596241,SORAKAYALAPALEM
village_596242,596242,SEVOIKALVA
village_596243,596243,NENNUR
village_596244,596244,GANGIREDDI PALLE
village_596245,596245,PRASANNA VENKA TESHWARA PURAM
village_596246,596246,SANJEEVARAYA PURAM
village_596247,596247,NETHA KUPPAM
village_596248,596248,ANUPALLE
village_596249,596249,CHITTATHUR KALE PALLE
village_596250,596250,KUPPAMBADUR
village_596251,596251,RAYAL CHERUVU
village_596252,596252,PACHIKALVA
village_596253,596253,PATHIPUTHURU
village_596254,596254,KAYAM
village_596255,596255,K.G.KHANDRIGA
village_596256,596256,KADIRIMANGALAM
village_596257,596257,KALLUR
village_596258,596258,T.C.AGRAHARAM
village_596259,596259,THATNERI
village_596260,596260,SRINIVASAPURAM
village_596261,596261,PADIREDU
village_596262,596262,PADIREDU ARANYAM
village_596263,596263,RAMASAMUDRAM
village_596264,596264,VADAMALA
village_596265,596265,PUDI
village_596266,596266,VEMAPURAM
village_596267,596267,THIRUMANDYAM
village_596268,596268,AYYANNAGARIPALLE
village_596269,596269,SEETHARAMA PURAM
village_596270,596270,SEETHAMMA AGRAHARAM
village_596271,596271,S.V. PURAM
village_596272,596272,ALIMELU MANGA PURAM
village_596273,596273,SRI BOMMARAJU PURAM
village_596274,596274,KONDALACHERUVU
village_596275,596275,KALYANAPURAM
village_596276,596276,ERIKAMBATTU
village_596277,596277,THIRUVATYAM
village_596278,596278,VENKATA KRISHNA PALEM
village_596279,596279,KEELAGARAM
village_596280,596280,SAMUDAYAM
village_596281,596281,BHEEMUNICHERUVU
village_596282,596282,IPPPAM THANGAL
village_596283,596283,DIGUVAKANAKAM PALEM
village_596284,596284,KASIMMITTA
village_596285,596285,BOPPA RAJU PALEM
village_596286,596286,ARANYAM KHANDRIGA
village_596287,596287,THUMBUR
village_596288,596288,PALAMANGALAM DAKSHINI
village_596289,596289,NARAYANAVANAM (CT)
village_596290,596290,MUDIYUR
village_596291,596291,KEELAPUDI
village_596292,596292,PICHATUR
village_596293,596293,REPPALAPATTU
village_596294,596294,RAMAGIRI
village_596295,596295,RAJANAGARAM
village_596296,596296,APPAMBATTU
village_596297,596297,VELUR
village_596298,596298,NEERVOY
village_596299,596299,VENGALATHUR
village_596300,596300,RAMAPURAM
village_596301,596301,SIVAGIRI
village_596302,596302,PULIPADU @GOVARDHANAGIRI
village_596303,596303,KARURU @ KRISHNAGIRI
village_596304,596304,PULIKONDRAM
village_596305,596305,CHILAMATHUR @ BANGALA
village_596306,596306,SHAMSHEER BAHADURPETA
village_596307,596307,PRAVELAVARMESWARAPURAM
village_596308,596308,RAJAGOPALAPURAM
village_596309,596309,VANALLOR
village_596310,596310,RALLAKUPPAM
village_596311,596311,MADANAPALEM
village_596312,596312,CHERIVI
village_596313,596313,GOLLAVARIPALEM
village_596314,596314,CHENGAMBAKAM
village_596315,596315,APPAIAHPALEM
village_596316,596316,MALLAVARIPALEM
village_596317,596317,AROOR
village_596318,596318,IRUGULAM
village_596319,596319,KOLLADAM
village_596320,596320,PEDDA EETIVAKAM
village_596321,596321,CHINNA EETIVAKAM
village_596322,596322,KOTHAMARIKUPPAM
village_596323,596323,NARASARAJU AGRAHARAM
village_596324,596324,DALAVAI AGRAHARAM
village_596325,596325,SATYAVEDU
village_596326,596326,VENKATARAJU KHANDRIGA
village_596327,596327,MADANAMBEDU
village_596328,596328,KANNAVARAM
village_596329,596329,DASUKUPPAM
village_596330,596330,SENNERI
village_596331,596331,PEDUKUPPAM
village_596332,596332,AMBAKAM
village_596333,596333,THONDUKULI
village_596334,596334,MADANAMJERI
village_596335,596335,PERADAM
village_596336,596336,SIRUNAMBUDUR
village_596337,596337,KADIRVEDU
village_596338,596338,SADASIVA SANKARAPURAM
village_596339,596339,BEERA KUPPAM
village_596340,596340,TRIPURANTHAKAPURAM KOTA
village_596341,596341,KADIVEDU
village_596342,596342,VELLORE
village_596343,596343,KRISHNAPURAM
village_596344,596344,KALANJERI
village_596345,596345,NAGALAPURAM
village_596346,596346,VEMBAKAM
village_596347,596347,BAITAKODIAMBEDU
village_596348,596348,KARANI
village_596349,596349,SURUTUPALLE
village_596350,596350,KAVANUR
village_596351,596351,SRI RAMAPURAM
village_596352,596352,KOPPEDU ACHARYULA KHANDRIGA
village_596353,596353,SAMAYAPURAM
village_596354,596354,ELAKATUR
village_596355,596355,CHAVARAMBAKAM
village_596356,596356,ARUR
village_596357,596357,IRUGUVAI
village_596358,596358,PADIRI
village_596359,596359,KUNAMA RAJU PALEM
village_596360,596360,NETTERI
village_596361,596361,KACHARAVEDU
village_596362,596362,NINDRA
village_596363,596363,AGARAM
village_596364,596364,ATHUR
village_596365,596365,GANGAMAMBA PURAM
village_596366,596366,KALIKAPURAM
village_596367,596367,ELLA SAMUDRAM
village_596368,596368,BUCHIVANATHAM
village_596369,596369,ALAPAKAM
village_596370,596370,KALIAMBAKAM
village_596371,596371,SAMI REDDI KHANDRIGA
village_596372,596372,PANNUR
village_596373,596373,VIJAYA RAGHAVAPURAM
village_596374,596374,KOTHURU VENKATAPURAM
village_596375,596375,MANGALAM
village_596376,596376,JAGANNADHAPURAM
village_596377,596377,VIJAYA PURAM
village_596378,596378,ILLATHURU
village_596379,596379,PATHA ARCOT
village_596380,596380,KOSALA NAGARAM
village_596381,596381,MAHARAJA PURAM
village_596382,596382,SRIHARIPURAM
village_596383,596383,ADAVIKOTHURU
village_596384,596384,GUNDRAJUKUPPAM (R)
village_596385,596385,MANGADU
village_596386,596386,VELAVADI
village_596387,596387,AGARAM
village_596388,596388,TIRUVENGAMAMBAPURAM
village_596389,596389,DAMARAPAKAM
village_596390,596390,MITTAPALEM
village_596391,596391,THERANI (R)
village_596392,596392,MELAPATTU
village_596393,596393,MUDIPALLE
village_596394,596394,VENKATANARASIMHA -RAJUVARIPET
village_596395,596395,SARASWATHIVILASAPURAM
village_596396,596396,TADUKU
village_596397,596397,SRINIVASAPURAM
village_596398,596398,VEERAKAVERIRAJUPURAM
village_596399,596399,NAGARAJUKUPPAM
village_596400,596400,KAVETIPURAM
village_596401,596401,KANNIKAPURAM
village_596402,596402,ORANTHANGAL GOLLAKUPPAM
village_596403,596403,KASAMKUPPAM
village_596404,596404,SIRUGURAJUPALEM
village_596405,596405,TADUKU
village_596406,596406,THORUR (R)
village_596407,596407,NESANUR (R)
village_596408,596408,GOLLAPALLE
village_596409,596409,NANDIMANGALAM (R)
village_596410,596410,UTHARAPUKHANDRIGA
village_596411,596411,VEPAGUNTA
village_596412,596412,PARAMESWARA MANGALAM
village_596413,596413,TIRUMALAKUPPAM
village_596414,596414,KUMARABOMMARAJUPURAM
village_596415,596415,ERRAMRAJUPALLE
village_596416,596416,GAZANKI
village_596417,596417,KASAVARAJAPURA AGRAHARAM
village_596418,596418,PONNAGALLU
village_596419,596419,KATHERAPALLE
village_596420,596420,KESAVAKUPPAM
village_596421,596421,VIRATAPURAM
village_596422,596422,TIRUMALAKONDAMAMBAGARIPETA
village_596423,596423,KARVETINAGAR
village_596424,596424,NISSANKADURGAM
village_596425,596425,DAMODARA MAHARAJAPURAM
village_596426,596426,RAJAKUMARAVENKATA BAHADURPET
village_596427,596427,MAKAMAMBAVILASAM
village_596428,596428,ANNURKASABAGAYAT
village_596429,596429,ANNUR
village_596430,596430,ALATHUR
village_596431,596431,MUKKARAVARIPALLE
village_596432,596432,BATTUVARIPALLE
village_596433,596433,KOLLAGUNTA
village_596434,596434,EDUVARIPALLE
village_596435,596435,GOPICHETTIPALLE
village_596436,596436,KRISHNASAMUDRAM
village_596437,596437,KOTARVEDU
village_596438,596438,KETHUMATMAHARAJAPURAM
village_596439,596439,SURENDRANAGARAM
village_596440,596440,LAKSHMIRAJUPET
village_596441,596441,CHINTHAPENTA
village_596442,596442,AMMAGARIPALLE
village_596443,596443,THATHIREDDIPALLE
village_596444,596444,CHARVAGANIPALLE
village_596445,596445,PENUMURU
village_596446,596446,KAMACHINNAIAHPALLE
village_596447,596447,CHENNASAMUDRA AGRAHARAM
village_596448,596448,GUNTIPALLE
village_596449,596449,MOPIREDDIPALLE
village_596450,596450,KONDAMA AGRAHARAM
village_596451,596451,SAMIREDDIPALLE
village_596452,596452,CHINNAMAREDDI KHANDRIGA
village_596453,596453,KALIGIRI
village_596454,596454,NANJARAPALLE
village_596455,596455,KALVAGUNTA
village_596456,596456,SATHAMBAKAM
village_596457,596457,PULIKALLU
village_596458,596458,PATURU
village_596459,596459,ERRACHERUVUPALLE
village_596460,596460,THALUPULAPALLE
village_596461,596461,POTUKANUMA
village_596462,596462,KOTHAKOTA
village_596463,596463,CHITIPIRALLA
village_596464,596464,SIDDALINGANAPALLE
village_596465,596465,THIPPANAPALLE
village_596466,596466,GODUGUCHINTA
village_596467,596467,VENUTHANAPALLE
village_596468,596468,POLAVARAM
village_596469,596469,AKANAMBATTU
village_596470,596470,VEPANAPALLE
village_596471,596471,THENEPALLE
village_596472,596472,BAITAPALLE
village_596473,596473,PETA AGRAHARAM
village_596474,596474,PUTHALAPATTU
village_596475,596475,ODDEPALLE
village_596476,596476,PALAKURU
village_596477,596477,VAVILTHOTA
village_596478,596478,MUTHIREVULA
village_596479,596479,AYYALA KRISHNA REDDIPALLE
village_596480,596480,NAMPALLE
village_596481,596481,POLAKALA
village_596482,596482,GUNDLAPALLE
village_596483,596483,PEDDASAMIREDDIPALLE
village_596484,596484,MORAMPALLE
village_596485,596485,IRALA
village_596486,596486,VENKATA SAMUDRA AGRAHARAM
village_596487,596487,ERLAMPALLE
village_596488,596488,SANGANAPALLE
village_596489,596489,KOLLAPALLE
village_596490,596490,PULLURU
village_596491,596491,KAMINAYANIPALLE
village_596492,596492,PUTHRAMADDI
village_596493,596493,MUDIGOLAM
village_596494,596494,KOTHAPALLE
village_596495,596495,CHIGARAPALLE
village_596496,596496,KANIPAKAM
village_596497,596497,MITTAPALLE
village_596498,596498,THAMMINAYANIPALLE
village_596499,596499,KANDUR
village_596500,596500,KAMIREDDIVARIPALLE
village_596501,596501,VALLIGATLA
village_596502,596502,NELLIMANDA
village_596503,596503,IRIKIPENTA
village_596504,596504,SOMALA
village_596505,596505,S. NADIM PALLE
village_596506,596506,UPPARAPALLE
village_596507,596507,NANJAMPETA @ CHANDAMBYLU
village_596508,596508,AVULAPALLE
village_596509,596509,PEDDAUPPARA PALLE
village_596510,596510,DIGUVAPALLE
village_596511,596511,KOGATHI
village_596512,596512,KONDAMARRI
village_596513,596513,GADDAMVARIPALLE
village_596514,596514,PEDDAYALLAKUNTLA
village_596515,596515,CHOWDEPALLE
village_596516,596516,PANDILLAPALLE
village_596517,596517,SETTIPETA
village_596518,596518,PUDIPATLA
village_596519,596519,29 -A. CHINTA -MAKULAPALLE
village_596520,596520,KATIPERI
village_596521,596521,LADDIGAM
village_596522,596522,A.KOTHAKOTA
village_596523,596523,DURGASAMUDRAM
village_596524,596524,CHARALA
village_596525,596525,NARIGANIPALLE
village_596526,596526,CHEMBAKUR
village_596527,596527,KAPPALLE
village_596528,596528,PEDDAKURAPALLE
village_596529,596529,R.NADIMPALLE
village_596530,596530,ELAVANELLORE
village_596531,596531,RAMASAMUDRAM
village_596532,596532,KURIJALA
village_596533,596533,CHOKKANDLAPALLE
village_596534,596534,VOOLAPADU
village_596535,596535,MINIKI
village_596536,596536,ARIKELA
village_596537,596537,MALENATHAM
village_596538,596538,KUDURUCHEEMANAPALLE
village_596539,596539,MOOGAVADI
village_596540,596540,MITTACHINTHAVARI PALLE
village_596541,596541,BODEVARIPALLE
village_596542,596542,CHANDRAMAKULA PALLE
village_596543,596543,PALYAMPALLE
village_596544,596544,RAGANIPALLE (RURAL)
village_596545,596545,CHADALLA
village_596546,596546,BHEEMAGANIPALLE
village_596547,596547,MANGALAM
village_596548,596548,ETAVAKILI
village_596549,596549,MAGANDLAPALLE
village_596550,596550,VANAMALADINNE
village_596551,596551,ARADIGUNTA
village_596552,596552,MELUMDODDI
village_596553,596553,PUNGANUR (RURAL)
village_596554,596554,KUMMARANATHAM
village_596555,596555,ETHUR
village_596556,596556,BANDLAPALLE
village_596557,596557,NEKKONDI
village_596558,596558,BATTAMDODDI
village_596559,596559,KARASANAPALLE
village_596560,596560,PEDDAVELAGATUR
village_596561,596561,APPINAPALLE
village_596562,596562,SANKARAYALAPETA
village_596563,596563,SIVADI
village_596564,596564,NIDIGUNTA
village_596565,596565,MUDARAMPALLE
village_596566,596566,CHAMANERU
village_596567,596567,BOMMARAJUPALLE
village_596568,596568,MUTHUKUR
village_596569,596569,CHALAMANGALAM
village_596570,596570,PEDDAPANJANI
village_596571,596571,THURLAPALLE
village_596572,596572,VEERAPALLE
village_596573,596573,SUDDAGUNDLAPALLE
village_596574,596574,KOLATHUR
village_596575,596575,GAMKONDA
village_596576,596576,RAYALAPETA
village_596577,596577,NAGIREDDIPALLE
village_596578,596578,PEDDAKAPPALLE
village_596579,596579,KOGILERU
village_596580,596580,GUNDUGALLU
village_596581,596581,PASUPATHUR
village_596582,596582,GANDRAJUPALLE
village_596583,596583,KEELAPALLE
village_596584,596584,PATHIKONDA
village_596585,596585,MAMADUGU
village_596586,596586,JEEDIMAKULAPALLE
village_596587,596587,MAREDUPALLE
village_596588,596588,DANDAPALLE
village_596589,596589,KALAGATOOR
village_596590,596590,KALLUPALLE
village_596591,596591,MELUMOY
village_596592,596592,KOTHAPALLE
village_596593,596593,GANGAVARAM (PART)
village_596594,596594,KEELAPATLA
village_596595,596595,MOGILPALLE
village_596596,596596,SARAKALLU
village_596597,596597,MALLAKUNTA
village_596598,596598,MADHAVARAM
village_596599,596599,KATTAKINDAPALLE
village_596600,596600,GANDUPALLE
village_596601,596601,GOVINDAREDDIPALLE
village_596602,596602,GURUKAVARIPALLE
village_596603,596603,CHERLOPALLE
village_596604,596604,EACHANERI
village_596605,596605,ARAGONDA
village_596606,596606,PAIMAGHAM
village_596607,596607,MUTHUKUR
village_596608,596608,MATHYAM
village_596609,596609,DIGUVA MAGHAM
village_596610,596610,EGUVA THADAKARA
village_596611,596611,PALLECHERUVU
village_596612,596612,KARAKAMPALLE
village_596613,596613,DIGUVA THADAKARA
village_596614,596614,THAVANAMPALLE
village_596615,596615,THAVANAMPALLE PUTTUR
village_596616,596616,UTHARA BRAHMANAPALLE
village_596617,596617,PUNYA SAMUDRAM
village_596618,596618,PATNAM
village_596619,596619,NALISETTIPALLE
village_596620,596620,D.B.R.BYLU
village_596621,596621,MUCHALAMARRI
village_596622,596622,PILLARIKUPPAM
village_596623,596623,VENKATAPURAM
village_596624,596624,CHILLAMAKULAPALLE
village_596625,596625,CHEKKAMADUGU
village_596626,596626,MUDDIKUPPAM
village_596627,596627,NELAVOY
village_596628,596628,GIDDAMAKARAJAPURAM
village_596629,596629,PATHAPALEM
village_596630,596630,RIPUNJAYARAJAPURAM
village_596631,596631,SRIRANGARAJAPURAM
village_596632,596632,KANNIKAPURAM
village_596633,596633,MANGUNTA
village_596634,596634,ODDUPALLE
village_596635,596635,KANNIKAPURAM
village_596636,596636,BASIVIREDDIPALLE
village_596637,596637,PEDAKONDEPALLE
village_596638,596638,MARRIPALLE DAKSHINAPU KHANDRIGA
village_596639,596639,KATIKAPALLE
village_596640,596640,BASIVIREDDIPALLE
village_596641,596641,KOTHAPALLE
village_596642,596642,VILASAVARAHAPURAM
village_596643,596643,KOTARLAPALLE
village_596644,596644,SRUNGARA SEKHARA RAJUPURAM
village_596645,596645,ARIMAKULAPALLE
village_596646,596646,NALLEPALLE
village_596647,596647,CHINA THAYYUR
village_596648,596648,JANGALAPALLE
village_596649,596649,THATIMAKULAPALLE
village_596650,596650,VENUGOPALAPURAM
village_596651,596651,SUPARVARAJAPURAM
village_596652,596652,PULLUR
village_596653,596653,DURGARAJAPURAM
village_596654,596654,NARASIMHARAJAPURAM
village_596655,596655,KONDRAJUPURAM
village_596656,596656,KANNIKAPURAM
village_596657,596657,PADMAPURAM
village_596658,596658,VEZZUPALLE
village_596659,596659,NELLIPALLE
village_596660,596660,KONDEPALLE
village_596661,596661,VINJAM
village_596662,596662,VEERAKANELLORE
village_596663,596663,KOTAGARAM
village_596664,596664,NANDANOOR
village_596665,596665,KOTRAKONA
village_596666,596666,PEDDAKALVA
village_596667,596667,KALIJAVEDU
village_596668,596668,GANGADHARANELLORE
village_596669,596669,GOLLAPALLE
village_596670,596670,AGARAMANGALAM
village_596671,596671,VEPANJERI
village_596672,596672,VARATHURU
village_596673,596673,PACHIGUNTA
village_596674,596674,BUKKAPATNAM
village_596675,596675,CHINNAVEPANJERI
village_596676,596676,NALLARALLAPALLE
village_596677,596677,VELKUR
village_596678,596678,MUKKELATHURU
village_596679,596679,MAHADEVAMANGALAM
village_596680,596680,TUNGUNDRAM
village_596681,596681,KADAPAGUNTA
village_596682,596682,ATMAKUR
village_596683,596683,ERRABODIREDDIPALLE
village_596684,596684,MURTHINAYANIPALLE
village_596685,596685,AMBODHARAPALLE
village_596686,596686,PATHAPALEM
village_596687,596687,PATHAVENKATAPURAM
village_596688,596688,ELLAPALLE
village_596689,596689,BOJJINAYANIPALLE
village_596690,596690,B.C.KHANDRIGA
village_596691,596691,GARIGALAPALLE
village_596692,596692,KOTHAVENKATAPURAM
village_596693,596693,THENEBANDA (PART)
village_596694,596694,DIGUVAMASAPALLE
village_596695,596695,AYANAVEDU
village_596696,596696,MUTHUKURU
village_596697,596697,ANAGALLU
village_596698,596698,PALURU
village_596699,596699,BAKARA NARASINGA RAYANI PETA
village_596700,596700,ARATHALA
village_596701,596701,BANDAPALLE
village_596702,596702,KRISHNAPURAM
village_596703,596703,GOLLAPALLE
village_596704,596704,GUVVAKALLU
village_596705,596705,ANUPALLE
village_596706,596706,ANUPALLE (PART)
village_596707,596707,MAPAKSHI
village_596708,596708,MAPAKSHI
village_596709,596709,PEDDISETTIPALLE
village_596710,596710,THUMMINDA
village_596711,596711,SIDDAMPALLE
village_596712,596712,NARIGAPALLE
village_596713,596713,LAKSHMAMBAPURAM
village_596714,596714,VARADARAJULAPALLE
village_596715,596715,PERUMALLA KHANDRIGA
village_596716,596716,CHINTHALAGUNTA
village_596717,596717,THALAMBEDU
village_596718,596718,ANANTHAPURAM
village_596719,596719,PACHANAPALLE
village_596720,596720,SETTIAPPAM THANGAL
village_596721,596721,S.VENKATAPURAM
village_596722,596722,KURCHIVEDU
village_596723,596723,ALUKURUPALLE
village_596724,596724,VENKATAPURAM
village_596725,596725,MANGASAMUDRAM (CT)
village_596726,596726,MURAKAMBATTU (CT)
village_596727,596727,DODDIPALLE (OG)
village_596728,596728,RANGANAYANIPALLE
village_596729,596729,JAGAMARLA
village_596730,596730,PENGARA KUNTA
village_596731,596731,SAMUDRAPALLE
village_596732,596732,KURMOI
village_596733,596733,JALLIPETA
village_596734,596734,MORAM (PART)
village_596735,596735,SREE RANGA RAJPURAM
village_596736,596736,AYYAMREDDI PALLE
village_596737,596737,ANKAMVARIPALLE
village_596738,596738,GUNDLAPALLE
village_596739,596739,KOLAMASANA PALLE
village_596740,596740,KARIDIMADUGU
village_596741,596741,BAIPPAGARI PALLE
village_596742,596742,CHETHAPENTA
village_596743,596743,ALAPALLE
village_596744,596744,GOLLACHEMANA PALLE
village_596745,596745,PEDDACHELLARAGUNTA
village_596746,596746,BELUPALLE
village_596747,596747,SETTIPALLE
village_596748,596748,LAKKANAPALLE
village_596749,596749,KAMBHAMPALLE
village_596750,596750,THEERTHAM
village_596751,596751,KAIGALLU
village_596752,596752,DEVADODDI
village_596753,596753,PATHURNATHAM
village_596754,596754,KADAPANATHAM
village_596755,596755,GOUNITHIMMEPALLE
village_596756,596756,BAIREDDIPALLE
village_596757,596757,GANGINAYANIPALLE
village_596758,596758,KAMMANAPALLE
village_596759,596759,DHARMAPURI
village_596760,596760,MULATHIMMEPALLE
village_596761,596761,MEAKALANAGIREDDI PALLE
village_596762,596762,DONTHIRALLAPALLE
village_596763,596763,CHAPPIDIPALLE
village_596764,596764,VEERLABANDA
village_596765,596765,NELLIPATLA
village_596766,596766,RAGHUNAYAKULA DINNE
village_596767,596767,THIMMAIAHGARIPALLE
village_596768,596768,JOUNIPALLE
village_596769,596769,THOTA KANUMA
village_596770,596770,KRISHNAPURAM
village_596771,596771,NERNIPALLE
village_596772,596772,PEDDANAPALLE
village_596773,596773,PAIPALLE
village_596774,596774,PATRAPALLE
village_596775,596775,HANUMAPALLE
village_596776,596776,TIRUMALA PICHIGUNDLAPALLE
village_596777,596777,BODIGUTTAPALLE
village_596778,596778,GONUMAKULAPALLE
village_596779,596779,KUMBARLAPALLE
village_596780,596780,YALAKALLU
village_596781,596781,MUDARAMDODDI
village_596782,596782,MATTIGUTTAPALLE
village_596783,596783,VOGU
village_596784,596784,BAIRUPALLE
village_596785,596785,GUDIPALLE
village_596786,596786,PAPEPALLE
village_596787,596787,VENKATAGIRIKOTA
village_596788,596788,PEDDA BHARANIPALLE
village_596789,596789,VIBHUTHIYELA NAGARAM
village_596790,596790,PADIGALAKUPPAM
village_596791,596791,KONGATAM
village_596792,596792,SIVUNIKUPPAM
village_596793,596793,NADEETHEERAM DASARLAPALLE
village_596794,596794,CHINNA KONGATAM
village_596795,596795,PANUGANIPALLE
village_596796,596796,JODIVERRIVANIPALLE
village_596797,596797,KOTHAKOTA
village_596798,596798,S.BANDAPALLE (BANDAPALLE)
village_596799,596799,KONERUGOLLAPALLE
village_596800,596800,CHINTAMAKULAPALLE
village_596801,596801,BOYA CHINNAGANNA PALLE
village_596802,596802,BELLAKOGILA
village_596803,596803,VADAGANDLAPALLE
village_596804,596804,ANIKERA
village_596805,596805,NALLAPPAREDDIYURU
village_596806,596806,REGADADINNEPALLE
village_596807,596807,BENDANAKUPPAM
village_596808,596808,PEDDURU
village_596809,596809,KONERUKUPPAM
village_596810,596810,SATHU
village_596811,596811,CHINTHAKAMPALLE
village_596812,596812,SETTIBALLA
village_596813,596813,MOTAKOTHURU
village_596814,596814,CHINAGANDLAPALLE
village_596815,596815,KRISHNAPURAM
village_596816,596816,BOYANAPALLE
village_596817,596817,GUNDUSETTIPALLE
village_596818,596818,MATAM SANTHAMPALLE
village_596819,596819,KENAMAKULAPALLE
village_596820,596820,JONIGANURU
village_596821,596821,GUNJARLAPALLE
village_596822,596822,CHINNARADODDI
village_596823,596823,RALLABADUGURU
village_596824,596824,GESIKAPALLE
village_596825,596825,KARUMATLA
village_596826,596826,DOMMARATHIPPANA PALLE
village_596827,596827,MUDDANAPALLE
village_596828,596828,CHEEMANAPALLE
village_596829,596829,KARLAGATTA
village_596830,596830,JALLIGANIPALLE
village_596831,596831,MORASANAPALLE
village_596832,596832,THUMSI
village_596833,596833,DONKUMANIPALLE
village_596834,596834,ARIMUTHANAPALLE
village_596835,596835,NALLARALLAPALLE
village_596836,596836,CHOWDAMPALLE
village_596837,596837,DANDIKUPPAM
village_596838,596838,SONNEGOWNIPALLE
village_596839,596839,AMMAVARIPETA
village_596840,596840,VETAGIRIKOTHUR
village_596841,596841,KADIRIMUTHANAPALLE
village_596842,596842,REDLAPALLE
village_596843,596843,VEDURUGUTTAPALLE
village_596844,596844,KADIRIOBANAPALLE
village_596845,596845,KALAMALADODDI
village_596846,596846,SONNEGOWNNIPALLE
village_596847,596847,THAMMIGANIPALLE
village_596848,596848,PREETHICHAMANUR
village_596849,596849,BENNAYANURU
village_596850,596850,PODURU
village_596851,596851,MADANAPALLE
village_596852,596852,KADAPALLE
village_596853,596853,BANTHIMADUGU GOLLAPALLE
village_596854,596854,CHILLAMANIPALLE
village_596855,596855,JEEDIMANIPALLE
village_596856,596856,GELLAPALLEDINNE
village_596857,596857,KOLAMADUGU
village_596858,596858,SANTHAMPALLE
village_596859,596859,ANCHINAYANIKUPPAM
village_596860,596860,SIVARAMAPURAM
village_596861,596861,NANJAMPETA
village_596862,596862,BISANATHAM
village_596863,596863,ATHINATHAM
village_596864,596864,AVULATHIMMANAPALLE
village_596865,596865,POGURUPALLE
village_596866,596866,LINGAPURAM DINNE
village_596867,596867,DASIMANIPALLE
village_596868,596868,ANGANAMALAKOTHURU
village_596869,596869,KUPPIGANIPALLE
village_596870,596870,KOTACHEMBAGIRI
village_596871,596871,ONTIPALLE
village_596872,596872,PEDDAGOLLAPALLE
village_596873,596873,CHINNAGOLLAPALLE
village_596874,596874,SIRIGIRIPALLE
village_596875,596875,GUDUPALLE
village_596876,596876,AGARAM
village_596877,596877,YAMAGANIPALLE
village_596878,596878,NALAGAMPALLE
village_596879,596879,BEGGILIPALLE
village_596880,596880,GOKARLAPALLE
village_596881,596881,SETTIPALLE
village_596882,596882,SETTIPALLE @ K.BANDARLAPALLE
village_596883,596883,KANAMANAPALLE
village_596884,596884,GUNDLASAGARAM
village_596885,596885,NAKKANAPALLE
village_596886,596886,KOTAPALLE
village_596887,596887,KAKINAYANICHIGURLA PALLE
village_596888,596888,ANAGARLAPALLE
village_596889,596889,CHEEKATIPALLE
village_596890,596890,BIJIGANIPALLE
village_596891,596891,VENGEPALLE
village_596892,596892,IRISIGANIPALLE
village_596893,596893,MALAVANIKOTHUR
village_596894,596894,KODIGANIPALLE
village_596895,596895,BURUGULAPALLE
village_596896,596896,SANGANAPALLE
village_596897,596897,BOYANAPALLE
village_596898,596898,CHINNAPARTHIKUNTA
village_596899,596899,PEDDAPARTHIKUNTA
village_596900,596900,THALAI AGRAHARAM
village_596901,596901,KOTAMAKANEPALLE
village_596902,596902,ONNAPANAYANI KOTHUR
village_596903,596903,JARUGUKONDA
village_596904,596904,ALUGUMANIPALLE
village_596905,596905,SONNARASANAPALLE
village_596906,596906,SODIGANIPALLE
village_596907,596907,THIMMANAYANIPALLE
village_596908,596908,DINNEPALLE
village_596909,596909,MALDEPALLE
village_596910,596910,BAIRAGANIPALLE (RURAL)
village_596911,596911,BANDASETTIPALLE (RURAL)
village_596912,596912,CHAMMAGUTTAPALLE
village_596913,596913,GUTTAPALLE
village_596914,596914,SEEGALAPALLE
village_596915,596915,KANGUNDI
village_596916,596916,KANGUNDI
village_596917,596917,VENKATESAPURAM
village_596918,596918,DASEGOWNIYUR
village_596919,596919,BOGGUPALLE
village_596920,596920,ELLAJJANURU
village_596921,596921,CHINNAKURBALAPALLE (RURAL)
village_596922,596922,KAMATHAMUR
village_596923,596923,KATHIMANIPALLE
village_596924,596924,EKARLAPALLE
village_596925,596925,NOOLAKUNTA
village_596926,596926,KUTTIGANIPALLE
village_596927,596927,SAJJALAPALLE
village_596928,596928,NIMMAKAMPALLE
village_596929,596929,MITTAPALLE
village_596930,596930,KOTHAPALLE
village_596931,596931,KAKIMADUGU
village_596932,596932,KUNGEGOWNIYUR
village_596933,596933,CHINNA BANGARUNATHAM
village_596934,596934,PEDDA BANGARUNATHAM
village_596935,596935,BEVANAPALLE
village_596936,596936,VENDUGAMPALLE
village_596937,596937,GUDLAKADIREPALLE
village_596938,596938,GONUGUR
village_596939,596939,PALARLAPALLE
village_596940,596940,YANADIPALLE
village_596941,596941,CHALARLAPALLE
village_596942,596942,PORAKUNTLAPALLE
village_596943,596943,JARUGU
village_596944,596944,BATHALAPALLE
village_596945,596945,URINAYANIPALLE
village_596946,596946,URINAYANIKOTHUR
village_596947,596947,GUDLANAYANIPALLE
village_596948,596948,KRISHNADASANAPALLE
village_596949,596949,RAJANAM
village_596950,596950,VARAMANUR
village_596951,596951,GATTAPPANAYANIPALLE
village_596952,596952,URLAOBANAPALLE
village_596953,596953,MARAPALLE
village_596954,596954,KOORMANIPALLE
village_596955,596955,NADIMUR
village_596956,596956,BODAGUTTAPALLE
village_596957,596957,VASANADUGOLLA PALLE
village_596958,596958,MULAKALAPALLE
village_596959,596959,VASANADU
village_596960,596960,PAIPALYAM
village_596961,596961,PEDDA BOGGUPALLLE
village_596962,596962,CHINNA BOGGUPALLE
village_596963,596963,ADAVIMULAKAPALLE
village_596964,596964,KANAMAPACHARLA PALLE
village_596965,596965,CHEKKUNATHAM
village_596966,596966,PEDDAGOPANAPALLE
village_596967,596967,AVULANATHAM
village_596968,596968,MOTTAKADIRINUR
village_596969,596969,CHINNAOBBA
village_596970,596970,T.SADUMUR
village_596971,596971,PONNANGUR
village_596972,596972,ADAVI BUDUGUR
village_596973,596973,KUPPAM (CT)
village_596974,596974,KONGANAPALLE
village_596975,596975,KOLLUPALLE
village_596976,596976,CHELDIGANIPALLE
village_596977,596977,RAJUPETA
village_596978,596978,BAIPPAREDLAPALLE
village_596979,596979,KEMPASAMUDRAM
village_596980,596980,THIMMASAMUDRAM
village_596981,596981,BANDARLAPALLE
village_596982,596982,GORIVIMAKULAPALLE
village_596983,596983,PANDYALAMADUGU
village_596984,596984,PAMANA BOYANAPALLE
village_596985,596985,GIDDAPALLE
village_596986,596986,RAMAKUPPAM
village_596987,596987,ATTIKUPPAM
village_596988,596988,KILLAKUPODU
village_596989,596989,MANENDRAM
village_596990,596990,CHENNAREDDIPALLE
village_596991,596991,MUDDANAPALLE
village_596992,596992,BONDALAGUNTA
village_596993,596993,KADASINAKUPPAM
village_596994,596994,VIJALAPURAM
village_596995,596995,ANKIREDDIPALLE
village_596996,596996,BALAOBANAPALLE
village_596997,596997,SINGASAMUDRAM
village_596998,596998,PEDDUR
village_596999,596999,PACHARUMAKULA PALLE
village_597000,597000,KENCHANABALLA
village_597001,597001,BATTUVARIPALLE
village_597002,597002,UNISIGANI PALLE
village_597003,597003,PEDDAGANUR
village_597004,597004,JOWKUPALLE
village_597005,597005,GOVINDAPALLE
village_597006,597006,PAPIREDDIVOORU
village_597007,597007,REDDIVANIPODU
village_597008,597008,KRISHNAPURAM DINNE
village_597009,597009,PEDDAKURABALA PALLE
village_597010,597010,BALLA
village_597011,597011,VEERANAMALA
village_597012,597012,THUMBA
village_597013,597013,THUMBA KUPPAM
village_597014,597014,SETTERI
village_597015,597015,THOOMPAYANAPALLE
village_597016,597016,SADAKUPPAM
village_597017,597017,NALLANGADU
village_597018,597018,MOTHAGUNTA
village_597019,597019,VENKATAGIRI
village_597020,597020,NALAGAMPALLE
village_597021,597021,THAMBUGANIPALLE
village_597022,597022,NOONEGUNDLAPALLE
village_597023,597023,MAHASAMUDRAM
village_597024,597024,KURMAIPALLE
village_597025,597025,BERIPALLE
village_597026,597026,GUNDLA KATTAMANCHI
village_597027,597027,KALLURUPALLE
village_597028,597028,BODABANDLA
village_597029,597029,JAMBUVARIPALLE
village_597030,597030,GOLLAPALLE
village_597031,597031,PALAMAKULAPALLE
village_597032,597032,PALERU
village_597033,597033,MOGILI
village_597034,597034,TEKUMANDA
village_597035,597035,KEERAMANDA
village_597036,597036,VEPANAPALLE
village_597037,597037,RAGIMANIPENTA
village_597038,597038,KALVAMOGILAPPA KANDRIGA
village_597039,597039,MADIREDDIPALLE
village_597040,597040,BUDITHIREDDIPALLE
village_597041,597041,MAJARA KOTHAPALLE
village_597042,597042,KUKKALAPALLE
village_597043,597043,KONAPALLE
village_597044,597044,JANGALAPALLE
village_597045,597045,MADHAVARAM
village_597046,597046,PERIYAMBADI
village_597047,597047,YADAMARRI
village_597048,597048,GOLLAPALLE
village_597049,597049,DASARAPALLE
village_597050,597050,KASIRALLA
village_597051,597051,BHOOMIREDDIPALLE
village_597052,597052,KANATHALACHERUVU
village_597053,597053,BODAGUTTAPALLE
village_597054,597054,KAMMAPALLE
village_597055,597055,PATRAPALLE
village_597056,597056,MODIPALLE
village_597057,597057,SIDDAREDDIPALLE
village_597058,597058,MUDDURAMAPURAM
village_597059,597059,OTIRIPALLE
village_597060,597060,NADIMPALLE
village_597061,597061,OTIVARIPALLE
village_597062,597062,KOTALAM
village_597063,597063,RAMAPURAM
village_597064,597064,MOGARALAPALLE
village_597065,597065,CHEELAPALLE
village_597066,597066,GOLLAPALLE
village_597067,597067,NARAGALLU
village_597068,597068,ADILAKSHMAMBA PURAM
village_597069,597069,CHERUVU MUNDARA KHANDRIGA
village_597070,597070,KAIDUGANI KHANDRIGA
village_597071,597071,RAMAPURAM
village_597072,597072,KRISHNA JAMMAPURAM
village_597073,597073,SRIRANGAMPALLE
village_597074,597074,MUTHUKURPALLE
village_597075,597075,KOTHAPALLE
village_597076,597076,LAKSHMAMBAPURAM
village_597077,597077,PAPASAMUDRAM
village_597078,597078,BANDAPALLE
village_597079,597079,CHITTAPARA
village_597080,597080,GUDIPALA
village_597081,597081,VASANTHAPURAM
village_597082,597082,BASAVAPALLE
village_597083,597083,PASUMANDA
village_597084,597084,THIMMAIAHPALLE
village_597085,597085,RAGIMANUPATTEDA
village_597086,597086,VENKATA LAKSHMAMBA PURAM
village_597087,597087,BANDARLAPALLE
village_597088,597088,PASUMANDA
village_597089,597089,KUPPIGANIPALLE
village_597090,597090,DAKSHINA BRAHMANA PALLE
village_597091,597091,MARAKALAKUPPAM
village_597092,597092,BOMMA SAMUDRAM
village_597093,597093,NANGAMANGALAM
village_597094,597094,MANDI KRISHNAPURAM
village_597095,597095,VANADURGAPURAM
village_597096,597096,SIDDIRAJU RANGARAJU KHANDRIGA
village_597097,597097,KRISHNAJAMMAPURAM
village_597098,597098,SRIKAVERIRAJUPURAM
village_597099,597099,SIMHARAJUPURAM
village_597100,597100,PALASAMUDRAM
village_597101,597101,MATAVALAM
village_597102,597102,VENGALARAJUKUPPAM
village_597103,597103,LAKSHMINARASIMHA PURAM
village_597104,597104,AMUDALA
village_597105,597105,KAVERIRAJUPURAM
village_597106,597106,AMUDALAPUTHUR
village_597107,597107,BALAKRISHNAPURAM
village_597108,597108,RAMAKRISHNAPURAM
village_597109,597109,MAMIDIMANUMOOLA
village_597110,597110,TIRUMALARAJUPURAM
village_597111,597111,NARASIMHAPURAM @ A.KHANDRIGA
village_597112,597112,ALLIPOOLAGUNTA
village_597113,597113,GANGAMAMBAPURAM
village_909975,909975,RAMANAYYAPETA
village_909977,909977,VAKALAPUDI
village_909978,909978,CHIDIGA
village_909979,909979,TURANGI
village_909980,909980,KAKARLA
village_909981,909981,KRISHNARAOPALEM
village_909982,909982,SIDDARDHANAGAR
village_909985,909985,MUSTABAD
village_909989,909989,MALLAYAPALEM
village_909990,909990,NAGAPURAM
village_909993,909993,ALINAKIPALEM
village_909994,909994,SULTANAGARAM
village_909995,909995,GARALADIBBA
village_910049,910049,MUTHYALAREDDIPALLI
village_910302,910302,BETHAMCHERLA
village_910310,910310,KONDAMANAYUNIPALLI
village_911841,911841,PETAMITTA
village_911842,911842,ALLAMADUGU HW
village_911843,911843,BTR COLONY
village_911847,911847,TADUKUPETA
village_912363,912363,EDIGAPALLI
village_912379,912379,WEST PEDDIVARI PALEM
village_912390,912390,VINUKONDA R
village_912404,912404,ANANTAPUR RURAL
village_912407,912407,DIVVIVARIPALEM
village_912408,912408,AALURU
village_912409,912409,KAMANAGARUVU
village_912415,912415,DUVVAM
village_912416,912416,SREERAMNAGAR
village_912419,912419,TIPPARAJU PALEM
village_912420,912420,NAMAVANIPALEM
village_912421,912421,PEDALANKA
village_912422,912422,ONTITADU
village_912423,912423,TANUKUWADA
village_912424,912424,T. MAMIDADA
village_912425,912425,NARASINGAPURAM
village_912426,912426,INDRAPALEM
village_912427,912427,S. ATCHUTAPURAM
village_912429,912429,C. RAYAVARAM
village_912430,912430,PALEM
village_912431,912431,SOMANARAYANI PETA
village_912432,912432,SIMHADRI PURAM
village_912433,912433,RAMACHANDRA PURAM
village_912434,912434,SATELITE CITY
village_912435,912435,PIDIMGOYYI
village_912437,912437,ITIKAYALA PALLE
village_912438,912438,VEDURUPAKA
village_912439,912439,KAMARAJU PETA
village_912440,912440,GANGAMPALEM
village_912441,912441,PERA RAMACHANDRAPURAM
village_912442,912442,LAXMI NARASAPURAM
village_912445,912445,ADDANKIVARI LANKA
village_912446,912446,ATCHUTAPURAM
village_912447,912447,KEDARA LANKA
village_912448,912448,NAGULA CHERUVU
village_912450,912450,WEST KHANDRIKA
village_912451,912451,SURYARAO PETA
village_912453,912453,MULASTANA AGRAHARAM
village_912454,912454,CHEMUDU LANKA
village_912456,912456,MALAPADU
village_912595,912595,K.NAGARAPALEM
village_912596,912596,LAXMIPURAM
village_912604,912604,KOTHA MOOLAPETA
village_912606,912606,GANGANAPALLE
village_912614,912614,BANTUPALLIVARIKALLALU
village_912617,912617,KOPPINGONDAPALEM
village_912618,912618,NARASAPURAM
village_912619,912619,PEDA KALAVALAPALLI
village_912620,912620,G.SANYASIRAJUPALEM
village_912621,912621,MAJJIPETA
village_912622,912622,PEDA NAGAMAYYAPALEM
village_912623,912623,REKHAVANIPALEM
village_912629,912629,ANTHADA
village_912630,912630,NADIMPALEM
village_912634,912634,BURUGU VEEDHI
village_912635,912635,LUNGAPUTTU
village_912636,912636,YERAKAMPETA
village_912637,912637,ANKAMPALEM
village_912647,912647,A. VEMAVARAPPADU
village_912648,912648,BANDARULANKA
village_912662,912662,VENNELAPALEM
village_921692,921692,PEDAYAGANAMILLI
village_929822,929822,PERALA
village_929823,929823,CHIMAKURTHI
village_929827,929827,ANNAVARAPPADU
village_929828,929828,ONGOLE
village_929831,929831,KANDUKUR
village_929832,929832,KALIDASUVARI KANDRIKA
village_929833,929833,WEST KATTAKINDA PALLE
village_929834,929834,JAGGAYYAPETA URBAN
village_929836,929836,KUNDHA VARI KANDRIKA
village_929837,929837,VIJAYAWADA TOWN
village_929839,929839,NUZIVID
village_929841,929841,NAGAVARAPPADU URBAN
village_929844,929844,PEDANA
village_929848,929848,AMMAVARIPETA
village_929849,929849,BANGARUPETA
village_929850,929850,BOPPAPURAM
village_929851,929851,CHEVIREDDIPALLE
village_929852,929852,DHARMAPURAM
village_929853,929853,KUMMARAGUNTA
village_929855,929855,PERIYAVARAM
village_929856,929856,VENKATAGIRI TOWN (U)
village_929872,929872,ANJANAGIRI
village_929873,929873,GANGAVARAM
village_929874,929874,NANGINARAPADU
village_929875,929875,VEDULLANARAVA
village_929877,929877,CHINNAMUSHIDIVADA
village_929878,929878,KRISHNARAYAPURAM
village_929879,929879,NARAVA
village_929880,929880,PORLUPALEM
village_929881,929881,PULAGALAPALEM
village_929882,929882,PURUSHOTHAPURAM
village_929883,929883,VEPAGUNTA
village_929884,929884,NARAYANA GAJAPATI RAJAPUR 2
village_929885,929885,BHEMMUNIPATNAM
village_929886,929886,CHITTIVALASA
village_929887,929887,K V BHUMULU
village_929888,929888,KUMMARIPALEM
village_929889,929889,SINGIVALASA
village_929890,929890,TAGARAPUVALASA
village_929891,929891,ADAVIVARAM
village_929892,929892,BAKKANNAPALEM
village_929893,929893,CHINAGADILA
village_929894,929894,GOPALAPATHNAM (1)
village_929895,929895,KOMMADI
village_929896,929896,MADHURAVADA (U)
village_929897,929897,PARADESIPALEM
village_929898,929898,POTINAMALLAYYAPALEM
village_929899,929899,PULLAMBHATTAPALEM
village_929900,929900,RUSHIKONDA
village_929901,929901,VENKATAPURAM
village_929902,929902,YENDADA
village_929903,929903,MUDASALLOVA
village_929904,929904,BUCHIRAJUPALEM
village_929905,929905,MARRIPALEM
village_929906,929906,KAPPARALA
village_929907,929907,MADHAVADHARA
village_929908,929908,MULAGAADA
village_929909,929909,GULLALAPALEM
village_929910,929910,MALKAPURAM
village_929911,929911,KANCHARAPALEM
village_929912,929912,DONDAPARTHI
village_929913,929913,MADDILAPALEM
village_929914,929914,VENKOJIPALEM
village_929915,929915,RESAPUVANIPALEM
village_929916,929916,PEDDAVALTERU
village_929917,929917,ALLIPURAM
village_929918,929918,CHINNAWALTAIR
village_929920,929920,THUNGLAM (U)
village_929921,929921,VENKATAPATIRAJUPETA
village_929922,929922,AKKIREDDYPALEM (U)
village_929923,929923,MINDI
village_929924,929924,GAJUWAKA
village_929925,929925,CHINAGANTYADA
village_929926,929926,VADLAPUDI
village_929927,929927,FAKEERTAKYA
village_929928,929928,KURMANNAPALEM
village_929929,929929,DUVVADA
village_929930,929930,TALARIVANIPALEM
village_929931,929931,AGANAMPUDI
village_929932,929932,SANIVADA
village_929933,929933,KONDAYAVALASA
village_929934,929934,DOLPHIN NOSE
village_929935,929935,YARADA
village_929936,929936,PEDAGANTYADA (U)
village_929937,929937,NADIPURU PART
village_929938,929938,DEVADA
village_929939,929939,APPIKONDA
village_929940,929940,DESAPATRUNIPALEM
village_929941,929941,LANKELAPALEM
village_929942,929942,MATRIPALEM
village_929943,929943,MARRIPALEM
village_929946,929946,P SIVARAMPURAM
village_929947,929947,ANAKAPALLE NORTH
village_929948,929948,ANAKAPALLE SOUTH
village_929949,929949,GOLLAGUNTA
village_929951,929951,PEDAPALLI
village_929955,929955,BODDAPATTU (PATHAKOTA)
village_929961,929961,NANDIVALASA
village_929963,929963,DHOBURANGINI
village_929964,929964,LOTERU MUSIRIGUDA
village_930349,930349,DHARMAVARAM
village_930350,930350,THIMMANACHERLA
village_930351,930351,KUTAGULLA
village_930352,930352,SAIDAPURAM
village_930353,930353,KOTNUR
village_930354,930354,HINDUPUR
village_930360,930360,VIJAYAWADA RURAL
village_930362,930362,MUTYALAMPADU
village_930363,930363,MACHAVARAM PALEM
village_930365,930365,MOGALRAJAPURAM
village_930366,930366,VIDHYADAHARAPURAM
village_930368,930368,BHAVANIPURAM
village_930369,930369,GUNADALA
village_930370,930370,PATAMATA
village_930372,930372,PAYAKAPURAM
village_930380,930380,TADEPALLI
village_930381,930381,MANGALAGIRI URBAN
village_930382,930382,SATTENAPALLE URBAN
village_930383,930383,VADDAVALLI
village_930384,930384,PIDUGURALLA
village_930385,930385,KORETIPADU (R)
village_930386,930386,RAMACHANDRAPURAM AGRAHARAM (U)
village_930387,930387,PULICHINTALAPALEM
village_930388,930388,DEVARAPALLI SERI
village_930389,930389,TENALI (U)
village_930391,930391,NIDUBROLE (U)
village_930392,930392,PONNUR TOWN (U)
village_930393,930393,PARISAPADU
village_930394,930394,REPALLE TOWN (U)
village_930415,930415,JAMMALAMADUGU
village_930416,930416,KANNELUR
village_930417,930417,PRODDATUR
village_930418,930418,AHOBILAPURAM
village_930419,930419,BAKARAPURAM
village_930420,930420,BOGGUDUPALLI
village_930421,930421,BRAHMANAPALLE
village_930422,930422,CHINNARANGAPURAM
village_930423,930423,K VELAMANAVANIPALLE
village_930424,930424,KACHIVARIPALLE
village_930425,930425,KORRAPADU
village_930426,930426,PEDDARANGAPURAM
village_930427,930427,POLEPALLE
village_930428,930428,PULIVENDULA (P) URBAN
village_930429,930429,VENKATAMPALLE
village_930430,930430,YERRAGUDIPALLE
village_930436,930436,CHINNAMACHUPALLE
village_930437,930437,RUDRA BHARATHI PETA
village_930438,930438,KRISHNAPURAM
village_930439,930439,MAMILLAPALLE
village_930440,930440,RAYALAPANTULA PALLE
village_930441,930441,T RAMACHANDRAPURAM
village_930442,930442,UTUKUR
village_930443,930443,VISWANATHAPURAM
village_930444,930444,KONAPURAM
village_930445,930445,KOMMURU
village_930447,930447,VISWANATHAPURAM
village_930448,930448,REKALAKUNTA
village_930449,930449,OBULAM
village_930450,930450,MADAKALAVARIPALLE
village_930451,930451,BODDECHARLA
village_930452,930452,GUNTAPALLE
village_930453,930453,CHENNAMPALLI
village_930454,930454,BADVEL (P) (U)
village_930455,930455,MALINENIPATNAM
village_930456,930456,CHENDUVOY
village_930457,930457,UPPATUR
village_930458,930458,RANGAMPALLE
village_930459,930459,VIRURU
village_930460,930460,MADDUR
village_930461,930461,JONNAVARAM
village_930463,930463,RAYACHOTI
village_930464,930464,KASBAGOLLAPALLE
village_930465,930465,CHEMMUMIAPETA
village_930466,930466,CHINNACHOWK
village_930467,930467,KADAPA URBAN
village_930468,930468,GUDUR
village_930469,930469,NAGARAJUPETA
village_930470,930470,PALEMPALLE
village_930471,930471,PATHA KADAPA
village_930472,930472,PUTLAMPALLE
village_930473,930473,RAMARAJUPALLE
village_930474,930474,UKKAYAPALLE
village_930477,930477,BELAGAM
village_930478,930478,JAGANNADHAPURAM
village_930479,930479,KOTHAVALASA
village_930480,930480,PARVATHIPURAM VILLAGE
village_930481,930481,SUNDARANARAYANAPURAM
village_930482,930482,BOBBILI
village_930483,930483,GOLLAPALLE
village_930484,930484,MALLAMPETA
village_930485,930485,BANGARAMMAPETA
village_930486,930486,GUMADAM
village_930487,930487,PAKEERUNAYUNI BODDAVALASA
village_930488,930488,SALURU VILLAGE
village_930489,930489,GARIVIDI TOWN
village_930491,930491,KONDAPALEM AT SRIRAMAPURAM
village_930494,930494,GAJULAREGA
village_930495,930495,KUKALAMETTA LAKSHMIPURAM
village_930496,930496,VIZIANAGARAM BIT 1
village_930497,930497,VIZIANAGARAM BIT 2
village_930499,930499,VANTITADI AGRAHARAM
village_930500,930500,VENUGOPALAPURAM BIT 2
village_930501,930501,CHITTOOR
village_930502,930502,GANDLAPALLE
village_930503,930503,GREAMSPETA
village_930504,930504,IRUVARAM
village_930505,930505,KATTAMANCHI
village_930506,930506,THIMMASAMUDRAM
village_930507,930507,EKAMBARAKUPPAM
village_930508,930508,KAKAVEDU
village_930509,930509,KEELAPATTU
village_930510,930510,NAGARI
village_930511,930511,NETTHAMKANDRIGA
village_930512,930512,SALVAPATTEDA
village_930513,930513,SATRAWADA
village_930514,930514,SREERANGANAAGARAGRAHAM
village_930515,930515,TIRUMALARAJUKANDRIGA
village_930516,930516,CHERLOPALLE
village_930517,930517,ESWARAPURAM
village_930518,930518,GOVINDAPALEM
village_930519,930519,KAVERIMAHARAJULAGRAHARAM
village_930520,930520,PUTTUR
village_930521,930521,VEERAPPAREDDYPALEM
village_930522,930522,SAMAGUTTAPALLE
village_930523,930523,BANDAMEEDAKAMMAPALLE
village_930524,930524,KAMMAPALLE
village_930525,930525,NAGAMANGALAM
village_930526,930526,PALAMANERU
village_930527,930527,MELUPATLA
village_930528,930528,SRIKALAHASTI
village_930532,930532,YERRAPALEM
village_930533,930533,JATLAKONDURU
village_930535,930535,KONDAYAMPALLE
village_930536,930536,NELLORE 1 (R)
village_930537,930537,NELLORE 2 (U)
village_930538,930538,PADARUPALLE
village_930539,930539,VEDAYAPALEM
village_930540,930540,ADONI
village_930541,930541,KALLUBAVI
village_930542,930542,PARVATHAPURAM
village_930543,930543,VENGALAPURAM
village_930553,930553,MALKAPURAM
village_930555,930555,KALLUR
village_930556,930556,JOHARAPURAM
village_930557,930557,KURNOOL
village_930558,930558,ROJA
village_930562,930562,NANDYALA
village_930564,930564,YEMMIGANUR
village_930705,930705,JAGGARAJUPETA
village_930706,930706,KANITHI
village_930796,930796,GOPALAPURAM
village_930797,930797,KONDAMPETA
village_930798,930798,KOTHAVALASA
village_930799,930799,RAJAM
village_930800,930800,SARADHI
village_930801,930801,PONUGUTIVALASA
village_930802,930802,AKKIVALASA
village_930803,930803,AMADALAVALASA
village_930804,930804,AMADALAVALASAPETA
village_930805,930805,ATCHANNAPETA
village_930806,930806,BHARISASTHRULAPETA
village_930807,930807,JAGGUSASTRULAPETA
village_930808,930808,KASIMVALASAPETA
village_930809,930809,KRISHNAPURAM
village_930810,930810,KUDDIRAM
village_930811,930811,PARVATHEESWARUNIPETA
village_930812,930812,RAVIKANTHIPETA
village_930813,930813,TANAMCHERLA
village_930814,930814,THOKAPALEM
village_930815,930815,VADDIGUDEM
village_930816,930816,APPANAVEEDU
village_930868,930868,KURADA
village_930869,930869,NELLIMUKKU
village_930870,930870,SIDDESWARAM
village_930871,930871,VANDANAPALLI
village_930872,930872,THIMMAPURAM
village_930873,930873,VENKAYYAPETA
village_930874,930874,CHINTADA
village_930875,930875,FAZULBEGPETA
village_930876,930876,GUJARATHIPETA
village_930877,930877,KASIMVALASA
village_930878,930878,RAGHUNADHAPURAM
village_930879,930879,ADANIKOTHURU
village_930880,930880,AMBUSOLI
village_930881,930881,ANATHAPURAM
village_930882,930882,ANTHARAKUDDA
village_930883,930883,CHINNABADAM
village_930884,930884,GUDARI
village_930885,930885,INGILIGAM
village_930886,930886,ITTAPADU
village_930887,930887,JAYARAMACHANDRAPURAM
village_930888,930888,KASIBUGGA
village_930889,930889,KOSANGIPURAM
village_930890,930890,MEELAGRAMPADU
village_930891,930891,MOGILIPADU
village_930892,930892,NARSIPURAM
village_930893,930893,NEMALI
village_930894,930894,PADMANABHAPURAM
village_930926,930926,PALASA
village_930927,930927,PARASAMBA
village_930928,930928,PAYAKARAMPURAM
village_930929,930929,PENTIBHADRA
village_930930,930930,PESARAPADU
village_930931,930931,PURUSHOTHAPURAM
village_930932,930932,RAJAPURAM
village_930933,930933,THALLABHADRA
village_930934,930934,UDAYAPURAM
village_930935,930935,BIRUSUWADA
village_930936,930936,CHIKATISOMPETA
village_930937,930937,JALANTRASOMPETA
village_930938,930938,MOGILIKOTHURU
village_930939,930939,AMINSAHEBPETA
village_930940,930940,BELLUPADA
village_930941,930941,RATTAKANNA
village_930943,930943,BALAGA URBAN
village_930944,930944,PATHA SRIKAKULAM URBAN
village_930952,930952,SEETHANAGARAM
village_930954,930954,KAKINADA
village_930955,930955,MEDALINU
village_930958,930958,VENKANNAGUDEM
village_930959,930959,MANDAPETA
village_930961,930961,PEDDAPURAM
village_930964,930964,PITHAPURAM
village_930965,930965,RAJAJMUNDRY URBAN
village_930966,930966,MUTCHUMILLI
village_930967,930967,RAMACHANDRAPURAM
village_930968,930968,BHIMAVARAM
village_930969,930969,SAMALKOTA
village_930972,930972,TUNI
village_930973,930973,VEERAVARAM
village_930974,930974,LAKKAVARAM
village_930975,930975,AKKAYAPALLE
village_930976,930976,RAMAPURAM
village_930977,930977,BUKKAYAPALLE
village_930978,930978,EPPIRALA
village_930979,930979,JUVVALAPALLE
village_930980,930980,NEMALLAGONDI
village_930981,930981,OGURU
village_930982,930982,PATTAPURAI
village_930983,930983,RAVALAKOLLU
village_930984,930984,VAKAMADA
village_930985,930985,SRISAILAM
village_930986,930986,SUNDIPENTA
village_930989,930989,MANTRIPALEM
village_930994,930994,VURRAGURUVU
village_930996,930996,KAGULA
village_930998,930998,PINALOCHALI
village_930999,930999,MITTALAPADU
village_931002,931002,CHEEKUPANASA
village_931003,931003,DALIMPUTTU
village_931004,931004,KAKARAPADU
village_931005,931005,SUKUDUPUTTU
village_931006,931006,JEERUGEDDA
village_931007,931007,BITHRAGADDA
village_931010,931010,KOVVUR
village_931011,931011,KADAKATLA
village_931012,931012,TADEPALLIGUDEM
village_931013,931013,TALLAMUDDUNURUPADU
village_931014,931014,YAGARLAPALLE
village_931015,931015,SAJJAPURAM
village_931016,931016,TANUKU
village_931017,931017,TANUKU VEMAVARAM
village_931018,931018,BHEEMAVARAM
village_931019,931019,GUNUPUDI
village_931020,931020,KADAMANCHILI
village_931021,931021,MADHAVAIPALEM
village_931022,931022,NARASAPURAM
village_931685,931685,KODUR
village_931693,931693,BHOGAPURAM EAST
village_931725,931725,RAYADURGAM
village_931726,931726,CHETNEPALLI
village_931727,931727,UDUMUDI
village_931728,931728,PURUSHOTHAPURAM
village_934533,934533,KOTHURU
village_936135,936135,SIVANGULAPALEM
village_936544,936544,ANAKAPALLI SOUTH - 2
village_936608,936608,PURUSHOTHAPATNAM
village_936620,936620,MAHADEVAPURAM
village_936621,936621,RAVIDIPUTTU
village_936622,936622,TUMIDIPUTTU
village_944535,944535,ANNAPANENIVARIGUDEM
village_948613,948613,GANGIREDDIPALLE
village_953354,953354,GUNTUR PART (EAST CONSTITUENCY)
village_953355,953355,GUNTUR (PART) - REDDYPALEM
village_954872,954872,GUNADALA (PART)
village_954876,954876,VIJAYAWADA TOWN PORTION (PART)
village_954878,954878,VIJAYAWADA TOWN PORTION (PART)
village_954879,954879,VIJAYAWADA VILLAGE PORTION (PART)
